{
 "crs": {
  "type": "name", 
  "properties": {
   "name": "urn:ogc:def:crs:EPSG::4326"
  }
 }, 
 "type": "FeatureCollection", 
 "name": "Avisos", 
 "features": [
  {
   "geometry": {
    "type": "Polygon", 
    "coordinates": [
     [
      [
       -6.357645381775444, 
       43.05987164171779
      ], 
      [
       -6.364850538939757, 
       43.07776606434469
      ], 
      [
       -6.361504215962944, 
       43.10279550354454
      ], 
      [
       -6.371997094201435, 
       43.1085998586141
      ], 
      [
       -6.375876255448873, 
       43.13599123224242
      ], 
      [
       -6.354418069894185, 
       43.151172789020684
      ], 
      [
       -6.350487468052142, 
       43.17508443202195
      ], 
      [
       -6.339710191869439, 
       43.189724492419806
      ], 
      [
       -6.299499075375693, 
       43.17537043234061
      ], 
      [
       -6.275594128641064, 
       43.17395124551405
      ], 
      [
       -6.265207418190434, 
       43.18679043460877
      ], 
      [
       -6.238949955747248, 
       43.197018364344366
      ], 
      [
       -6.209910623189653, 
       43.174806484980394
      ], 
      [
       -6.170490286565198, 
       43.19632699472918
      ], 
      [
       -6.144918416199275, 
       43.20447949816169
      ], 
      [
       -6.143162429548736, 
       43.21724989338027
      ], 
      [
       -6.125199110717634, 
       43.219615261588565
      ], 
      [
       -6.103206593342427, 
       43.23576375089
      ], 
      [
       -6.091717616079262, 
       43.226765404192435
      ], 
      [
       -6.097683184581306, 
       43.20769626832553
      ], 
      [
       -6.091300825055784, 
       43.189789756004174
      ], 
      [
       -6.067117007077752, 
       43.1725149531856
      ], 
      [
       -6.033266090426817, 
       43.17183360664658
      ], 
      [
       -6.019114103099629, 
       43.21861326587727
      ], 
      [
       -5.974137901719549, 
       43.235224738438305
      ], 
      [
       -5.977137130401133, 
       43.267199623295646
      ], 
      [
       -5.958702486468392, 
       43.27552951249507
      ], 
      [
       -5.94872893620067, 
       43.256051296777855
      ], 
      [
       -5.960630733193525, 
       43.24567752738622
      ], 
      [
       -5.933800922399728, 
       43.21788170085722
      ], 
      [
       -5.930962144066124, 
       43.20694299011951
      ], 
      [
       -5.894927937996521, 
       43.17063974913606
      ], 
      [
       -5.881523736163776, 
       43.167331875798375
      ], 
      [
       -5.857523555978067, 
       43.198403109343715
      ], 
      [
       -5.815470469051969, 
       43.20187761274142
      ], 
      [
       -5.796330542315127, 
       43.187842292571816
      ], 
      [
       -5.785755353198497, 
       43.1936738395189
      ], 
      [
       -5.770025904383564, 
       43.18138768498738
      ], 
      [
       -5.754004373366501, 
       43.19337169572015
      ], 
      [
       -5.719731736079239, 
       43.18893394996002
      ], 
      [
       -5.630126039522039, 
       43.193245454058655
      ], 
      [
       -5.624149567375752, 
       43.185882549676826
      ], 
      [
       -5.587876861882592, 
       43.174851181957905
      ], 
      [
       -5.580044393381496, 
       43.16735684686313
      ], 
      [
       -5.559755012552531, 
       43.17547523301062
      ], 
      [
       -5.534449904047549, 
       43.164504897526946
      ], 
      [
       -5.505021904625827, 
       43.16437005808524
      ], 
      [
       -5.500315209923169, 
       43.197922763841454
      ], 
      [
       -5.469045315963001, 
       43.24585485232768
      ], 
      [
       -5.464913724213146, 
       43.26983127512138
      ], 
      [
       -5.480128920730238, 
       43.2764531650527
      ], 
      [
       -5.479710095144389, 
       43.29010305585271
      ], 
      [
       -5.455539440277068, 
       43.3234707126412
      ], 
      [
       -5.418312744791686, 
       43.341308519694635
      ], 
      [
       -5.428215006999782, 
       43.38419954498586
      ], 
      [
       -5.381728047195332, 
       43.38587097970921
      ], 
      [
       -5.36474550397748, 
       43.407247303716396
      ], 
      [
       -5.33741693563688, 
       43.42845496701444
      ], 
      [
       -5.317546651594739, 
       43.41537204725229
      ], 
      [
       -5.280168990146881, 
       43.41332366355456
      ], 
      [
       -5.263127369224231, 
       43.43095852947781
      ], 
      [
       -5.228084719926827, 
       43.432493370044355
      ], 
      [
       -5.219617012340325, 
       43.43979808058606
      ], 
      [
       -5.183890793250541, 
       43.44105352600906
      ], 
      [
       -5.163293598269929, 
       43.43068574131618
      ], 
      [
       -5.162283261785245, 
       43.4200083888432
      ], 
      [
       -5.124856194943041, 
       43.43025426866398
      ], 
      [
       -5.08408461134923, 
       43.424792311001674
      ], 
      [
       -5.066214165980358, 
       43.41004436707181
      ], 
      [
       -5.029085881295532, 
       43.409944121224
      ], 
      [
       -5.010389837483198, 
       43.39545412972815
      ], 
      [
       -5.005267593920537, 
       43.37904001039451
      ], 
      [
       -4.982014940823007, 
       43.36588565353207
      ], 
      [
       -4.957173829710348, 
       43.366331629279415
      ], 
      [
       -4.925667350279939, 
       43.353108656718
      ], 
      [
       -4.863902070630291, 
       43.35803100231818
      ], 
      [
       -4.848903187608518, 
       43.365144554904845
      ], 
      [
       -4.819232518546904, 
       43.35515792672245
      ], 
      [
       -4.788371226552785, 
       43.353447845123306
      ], 
      [
       -4.776959548661787, 
       43.36238664024642
      ], 
      [
       -4.709824052088814, 
       43.36539121248415
      ], 
      [
       -4.693582954367923, 
       43.35918607708793
      ], 
      [
       -4.620567935104291, 
       43.34950246469419
      ], 
      [
       -4.597958871142643, 
       43.351171271647694
      ], 
      [
       -4.538089635352652, 
       43.34422177660077
      ], 
      [
       -4.517736858597568, 
       43.310188152140846
      ], 
      [
       -4.520348099910118, 
       43.280890024922236
      ], 
      [
       -4.546407388571003, 
       43.26895226158172
      ], 
      [
       -4.549509944905781, 
       43.284874634139044
      ], 
      [
       -4.597790811321593, 
       43.29913008290918
      ], 
      [
       -4.622537418699475, 
       43.288634002868335
      ], 
      [
       -4.634836568451701, 
       43.27107186253046
      ], 
      [
       -4.6585703568866, 
       43.26476036400601
      ], 
      [
       -4.70351493372833, 
       43.26555835920319
      ], 
      [
       -4.724330722525856, 
       43.25658441036981
      ], 
      [
       -4.720286269024367, 
       43.22975891088497
      ], 
      [
       -4.734703046123039, 
       43.20925471187868
      ], 
      [
       -4.732783459136435, 
       43.19014985407927
      ], 
      [
       -4.744433077825625, 
       43.18439014456305
      ], 
      [
       -4.777233715108298, 
       43.1923131146125
      ], 
      [
       -4.817665608661317, 
       43.179233871107016
      ], 
      [
       -4.839645415066653, 
       43.18105245966811
      ], 
      [
       -4.837823175131693, 
       43.19003193243562
      ], 
      [
       -4.860308038348312, 
       43.205893935738814
      ], 
      [
       -4.858776163539088, 
       43.21867773480609
      ], 
      [
       -4.89219530532859, 
       43.23874911564097
      ], 
      [
       -4.91808355273374, 
       43.22778301417073
      ], 
      [
       -4.940880523892358, 
       43.22521937760907
      ], 
      [
       -4.962531590787441, 
       43.212712315656425
      ], 
      [
       -4.995073134170881, 
       43.18606426601167
      ], 
      [
       -5.074902484216179, 
       43.1811861747949
      ], 
      [
       -5.077063845513849, 
       43.16074356040284
      ], 
      [
       -5.093429361261614, 
       43.14365240819312
      ], 
      [
       -5.089674273721051, 
       43.129800615998924
      ], 
      [
       -5.100344575831043, 
       43.1021243275708
      ], 
      [
       -5.139285923088732, 
       43.10319445001659
      ], 
      [
       -5.146409577120457, 
       43.115396737897015
      ], 
      [
       -5.166524508984155, 
       43.10271775456463
      ], 
      [
       -5.187208651337396, 
       43.10004601923504
      ], 
      [
       -5.218795585847062, 
       43.083932396327626
      ], 
      [
       -5.267106718721089, 
       43.08783825607115
      ], 
      [
       -5.280723478066287, 
       43.07770796123365
      ], 
      [
       -5.310099703165104, 
       43.084438794098
      ], 
      [
       -5.340047148901157, 
       43.084064098887936
      ], 
      [
       -5.343416735880871, 
       43.094466923794705
      ], 
      [
       -5.367734321352947, 
       43.09485747489664
      ], 
      [
       -5.38170203534951, 
       43.087517220065024
      ], 
      [
       -5.389049479938398, 
       43.04961858301548
      ], 
      [
       -5.446773853703152, 
       43.05569164265524
      ], 
      [
       -5.480109393253957, 
       43.04105324079255
      ], 
      [
       -5.492347520780552, 
       43.02163538705687
      ], 
      [
       -5.50459663339459, 
       43.028922301018866
      ], 
      [
       -5.539003828746679, 
       43.01863729767083
      ], 
      [
       -5.568735358387865, 
       43.02301574066579
      ], 
      [
       -5.573194371822554, 
       43.03251389395998
      ], 
      [
       -5.641716788109158, 
       43.0381729451123
      ], 
      [
       -5.670430747681758, 
       43.053227134887706
      ], 
      [
       -5.691936998315303, 
       43.05676571991302
      ], 
      [
       -5.72696261281059, 
       43.04279900669428
      ], 
      [
       -5.734330588280405, 
       43.023516531424605
      ], 
      [
       -5.765097724432166, 
       42.98637341959001
      ], 
      [
       -5.762445083514311, 
       42.97041926644181
      ], 
      [
       -5.805702677215475, 
       42.965287458757224
      ], 
      [
       -5.84890882673299, 
       42.96769496233006
      ], 
      [
       -5.862492668679688, 
       42.98167219218907
      ], 
      [
       -5.887731110460941, 
       42.97931793992217
      ], 
      [
       -5.932264583604465, 
       43.01115729715623
      ], 
      [
       -5.955321417536335, 
       43.01888337275897
      ], 
      [
       -5.968822158149728, 
       43.0415836442579
      ], 
      [
       -5.97271500398731, 
       43.0652347213164
      ], 
      [
       -6.018786864165198, 
       43.05516779197262
      ], 
      [
       -6.050809089678583, 
       43.06830075780982
      ], 
      [
       -6.065849071479451, 
       43.06600763867114
      ], 
      [
       -6.080447921352333, 
       43.07600560161632
      ], 
      [
       -6.090420841593243, 
       43.067209866580136
      ], 
      [
       -6.095471272324855, 
       43.03093194897325
      ], 
      [
       -6.135235839381101, 
       43.02128584120829
      ], 
      [
       -6.146977454996494, 
       43.03348755753304
      ], 
      [
       -6.184657174522216, 
       43.049839482847595
      ], 
      [
       -6.212460937805249, 
       43.046954716508715
      ], 
      [
       -6.225372993369143, 
       43.009207575897236
      ], 
      [
       -6.263247260366241, 
       43.017091572381375
      ], 
      [
       -6.283752173394265, 
       43.036663788818714
      ], 
      [
       -6.293727750101413, 
       43.02720203737228
      ], 
      [
       -6.325052430486785, 
       43.031625435819834
      ], 
      [
       -6.331715366677512, 
       43.04678271341804
      ], 
      [
       -6.357645381775444, 
       43.05987164171779
      ]
     ]
    ]
   }, 
   "type": "Feature", 
   "properties": {
    "Valor_PRP1": "15 mm", 
    "Nivel_PR": 2, 
    "Valor_PRP2": "80 mm", 
    "PRP1": "Lluvias", 
    "Expire_PRP1": "2026-10-07T20:59:59+02:00", 
    "PRP2": "Lluvias", 
    "Nombre_zona": "Cordillera y Picos de Europa", 
    "Prb_PRP1": "40%-70%", 
    "Prb_PRP2": "40%-70%", 
    "Expire_PRP2": "2026-10-08T02:59:59+02:00", 
    "Des_PRP1": "Precipitación acumulada en una hora: 15 mm.", 
    "Des_PRP2": "Precipitación acumulada en 12 horas: 80 mm. Podrán acumularse entre 60 y 80 litros en la cara norte de la cordillera y más de 80 litros en Picos de Europa.", 
    "Code_PRP1": "2PR-3AM-01PRP1-1791280800-633305", 
    "Code_PRP2": "2PR-2NA-02PRP2-1791363600-633305", 
    "Fen_avisos": [
     "PR "
    ], 
    "Ordn_avisos": [
     "2PR-2NA-02PRP2-1791363600-633305", 
     "2PR-3AM-01PRP1-1791280800-633305"
    ], 
    "N_avisos": 1, 
    "COD_Z": "633305", 
    "Av_mayor": 2, 
    "Resum_PRP2": "Aviso de lluvias de nivel naranja. Cordillera y Picos de Europa", 
    "Resum_PRP1": "Aviso de lluvias de nivel amarillo. Cordillera y Picos de Europa", 
    "Cer_PRP2": "Likely", 
    "Cer_PRP1": "Likely", 
    "Nivel_PRP2": 2, 
    "Nivel_PRP1": 3, 
    "Sev_PRP2": "Naranja", 
    "Identf_PRP2": "2.49.0.0.724.0.ES.20261007092907.633305PRP208011791365347", 
    "Identf_PRP1": "2.49.0.0.724.0.ES.20261006091633.633305PRP107191791278193", 
    "Sev_PRP1": "Amarillo", 
    "Onset_PRP1": "2026-10-06T12:00:00+02:00", 
    "Onset_PRP2": "2026-10-07T11:00:00+02:00"
   }
  }, 
  {
   "geometry": {
    "type": "Polygon", 
    "coordinates": [
     [
      [
       -6.361141140875045, 
       43.43212431713526
      ], 
      [
       -6.325735863512776, 
       43.48373186013553
      ], 
      [
       -6.304793407504076, 
       43.48107156847115
      ], 
      [
       -6.286416188655135, 
       43.50013045456777
      ], 
      [
       -6.234014831614246, 
       43.49599917091804
      ], 
      [
       -6.216217969105482, 
       43.46781726639543
      ], 
      [
       -6.222798083281647, 
       43.454640060187955
      ], 
      [
       -6.18980625062496, 
       43.45005607092312
      ], 
      [
       -6.143458655045557, 
       43.42085549608115
      ], 
      [
       -6.135740848460792, 
       43.439542497153546
      ], 
      [
       -6.119848037488806, 
       43.4442812359476
      ], 
      [
       -6.096683860978676, 
       43.46929256846163
      ], 
      [
       -6.063292447380746, 
       43.48440912894776
      ], 
      [
       -6.049704215066212, 
       43.48049610862384
      ], 
      [
       -6.039416163411155, 
       43.49796667911558
      ], 
      [
       -6.020280810370759, 
       43.50956631201133
      ], 
      [
       -6.006898261461839, 
       43.48196396083299
      ], 
      [
       -5.971691418445429, 
       43.47177502855222
      ], 
      [
       -5.952292330342735, 
       43.48669241190485
      ], 
      [
       -5.903187702539898, 
       43.50136587687418
      ], 
      [
       -5.852094424162917, 
       43.47854167737554
      ], 
      [
       -5.816872112295725, 
       43.49135407258962
      ], 
      [
       -5.802166389450468, 
       43.485431293767284
      ], 
      [
       -5.778799675052072, 
       43.463943493615304
      ], 
      [
       -5.746181521872217, 
       43.44816566382073
      ], 
      [
       -5.716139121775908, 
       43.45145874640509
      ], 
      [
       -5.696471656876362, 
       43.46634819922533
      ], 
      [
       -5.681045484712808, 
       43.4543493527327
      ], 
      [
       -5.643896941639504, 
       43.455259941491924
      ], 
      [
       -5.623433797425945, 
       43.44363078431843
      ], 
      [
       -5.584096024223316, 
       43.443491697124585
      ], 
      [
       -5.563388658793394, 
       43.42659012046864
      ], 
      [
       -5.510311486945328, 
       43.42224011156904
      ], 
      [
       -5.495067280724235, 
       43.41619935698884
      ], 
      [
       -5.446382242440884, 
       43.41169659009199
      ], 
      [
       -5.42215755481303, 
       43.43818814396067
      ], 
      [
       -5.391079331566952, 
       43.42305013675273
      ], 
      [
       -5.375169067395287, 
       43.4211579763145
      ], 
      [
       -5.36474550397748, 
       43.407247303716396
      ], 
      [
       -5.381728047195332, 
       43.38587097970921
      ], 
      [
       -5.428215006999782, 
       43.38419954498586
      ], 
      [
       -5.418312744791686, 
       43.341308519694635
      ], 
      [
       -5.455539440277068, 
       43.3234707126412
      ], 
      [
       -5.479710095144389, 
       43.29010305585271
      ], 
      [
       -5.480128920730238, 
       43.2764531650527
      ], 
      [
       -5.464913724213146, 
       43.26983127512138
      ], 
      [
       -5.469045315963001, 
       43.24585485232768
      ], 
      [
       -5.500315209923169, 
       43.197922763841454
      ], 
      [
       -5.505021904625827, 
       43.16437005808524
      ], 
      [
       -5.534449904047549, 
       43.164504897526946
      ], 
      [
       -5.559755012552531, 
       43.17547523301062
      ], 
      [
       -5.580044393381496, 
       43.16735684686313
      ], 
      [
       -5.587876861882592, 
       43.174851181957905
      ], 
      [
       -5.624149567375752, 
       43.185882549676826
      ], 
      [
       -5.630126039522039, 
       43.193245454058655
      ], 
      [
       -5.719731736079239, 
       43.18893394996002
      ], 
      [
       -5.754004373366501, 
       43.19337169572015
      ], 
      [
       -5.770025904383564, 
       43.18138768498738
      ], 
      [
       -5.785755353198497, 
       43.1936738395189
      ], 
      [
       -5.796330542315127, 
       43.187842292571816
      ], 
      [
       -5.815470469051969, 
       43.20187761274142
      ], 
      [
       -5.857523555978067, 
       43.198403109343715
      ], 
      [
       -5.881523736163776, 
       43.167331875798375
      ], 
      [
       -5.894927937996521, 
       43.17063974913606
      ], 
      [
       -5.930962144066124, 
       43.20694299011951
      ], 
      [
       -5.933800922399728, 
       43.21788170085722
      ], 
      [
       -5.960630733193525, 
       43.24567752738622
      ], 
      [
       -5.94872893620067, 
       43.256051296777855
      ], 
      [
       -5.958702486468392, 
       43.27552951249507
      ], 
      [
       -5.977137130401133, 
       43.267199623295646
      ], 
      [
       -5.974137901719549, 
       43.235224738438305
      ], 
      [
       -6.019114103099629, 
       43.21861326587727
      ], 
      [
       -6.033266090426817, 
       43.17183360664658
      ], 
      [
       -6.067117007077752, 
       43.1725149531856
      ], 
      [
       -6.091300825055784, 
       43.189789756004174
      ], 
      [
       -6.097683184581306, 
       43.20769626832553
      ], 
      [
       -6.091717616079262, 
       43.226765404192435
      ], 
      [
       -6.103206593342427, 
       43.23576375089
      ], 
      [
       -6.125199110717634, 
       43.219615261588565
      ], 
      [
       -6.143162429548736, 
       43.21724989338027
      ], 
      [
       -6.144918416199275, 
       43.20447949816169
      ], 
      [
       -6.170490286565198, 
       43.19632699472918
      ], 
      [
       -6.209910623189653, 
       43.174806484980394
      ], 
      [
       -6.238949955747248, 
       43.197018364344366
      ], 
      [
       -6.265207418190434, 
       43.18679043460877
      ], 
      [
       -6.275594128641064, 
       43.17395124551405
      ], 
      [
       -6.299499075375693, 
       43.17537043234061
      ], 
      [
       -6.339710191869439, 
       43.189724492419806
      ], 
      [
       -6.329277653041729, 
       43.22480042190198
      ], 
      [
       -6.313993702890017, 
       43.23447326745247
      ], 
      [
       -6.338099585148775, 
       43.24993282776165
      ], 
      [
       -6.331150069919479, 
       43.269520056179545
      ], 
      [
       -6.331814837195934, 
       43.29454819449373
      ], 
      [
       -6.307731053594964, 
       43.31251650788469
      ], 
      [
       -6.313727165047315, 
       43.33071867754845
      ], 
      [
       -6.305416672304763, 
       43.34484262555489
      ], 
      [
       -6.325026405460954, 
       43.377252829192095
      ], 
      [
       -6.346768460095189, 
       43.39462453885182
      ], 
      [
       -6.343498085867403, 
       43.40541621916841
      ], 
      [
       -6.361141140875045, 
       43.43212431713526
      ]
     ]
    ]
   }, 
   "type": "Feature", 
   "properties": {
    "Valor_PRP1": "15 mm", 
    "Nivel_PR": 3, 
    "Valor_PRP2": "40 mm", 
    "PRP1": "Lluvias", 
    "Expire_PRP1": "2026-10-07T20:59:59+02:00", 
    "PRP2": "Lluvias", 
    "Nombre_zona": "Central y Valles Mineros", 
    "Prb_PRP1": "40%-70%", 
    "Prb_PRP2": "40%-70%", 
    "Expire_PRP2": "2026-10-07T23:59:59+02:00", 
    "Des_PRP1": "Precipitación acumulada en una hora: 15 mm.", 
    "Des_PRP2": "Precipitación acumulada en 12 horas: 40 mm. Estos acumulados pueden alcanzarse en 3-4 horas.", 
    "Code_PRP1": "2PR-3AM-01PRP1-1791324000-633304", 
    "Code_PRP2": "2PR-3AM-02PRP2-1791280800-633304", 
    "Fen_avisos": [
     "PR "
    ], 
    "Ordn_avisos": [
     "2PR-3AM-01PRP1-1791324000-633304", 
     "2PR-3AM-02PRP2-1791280800-633304"
    ], 
    "N_avisos": 1, 
    "COD_Z": "633304", 
    "Av_mayor": 3, 
    "Resum_PRP2": "Aviso de lluvias de nivel amarillo. Central y Valles Mineros", 
    "Resum_PRP1": "Aviso de lluvias de nivel amarillo. Central y Valles Mineros", 
    "Cer_PRP2": "Likely", 
    "Cer_PRP1": "Likely", 
    "Nivel_PRP2": 3, 
    "Nivel_PRP1": 3, 
    "Sev_PRP2": "Amarillo", 
    "Identf_PRP2": "2.49.0.0.724.0.ES.20261006091633.633304PRP207221791278193", 
    "Identf_PRP1": "2.49.0.0.724.0.ES.20261006091633.633304PRP107191791278193", 
    "Sev_PRP1": "Amarillo", 
    "Onset_PRP1": "2026-10-07T00:00:00+02:00", 
    "Onset_PRP2": "2026-10-06T12:00:00+02:00"
   }
  }, 
  {
   "geometry": {
    "type": "Polygon", 
    "coordinates": [
     [
      [
       -7.054483125403801, 
       43.472731264939895
      ], 
      [
       -7.046169593019339, 
       43.478184861479455
      ], 
      [
       -7.046133307207319, 
       43.50759837131998
      ], 
      [
       -7.030396797977607, 
       43.54484151345086
      ], 
      [
       -7.021902991291816, 
       43.55724086299286
      ], 
      [
       -6.995513987901095, 
       43.55467456036422
      ], 
      [
       -6.946722606389692, 
       43.56782358189807
      ], 
      [
       -6.912743255204894, 
       43.573098666493614
      ], 
      [
       -6.872664577331113, 
       43.563121809498945
      ], 
      [
       -6.829304659403664, 
       43.567168354527915
      ], 
      [
       -6.807550922248387, 
       43.55500383595001
      ], 
      [
       -6.782282608439639, 
       43.55673507525582
      ], 
      [
       -6.772985199281609, 
       43.56861146578569
      ], 
      [
       -6.757017735055107, 
       43.56172865720838
      ], 
      [
       -6.719570149906944, 
       43.556751821347135
      ], 
      [
       -6.708982392971143, 
       43.563749451370775
      ], 
      [
       -6.683646414708341, 
       43.55879882105578
      ], 
      [
       -6.665415762383453, 
       43.5656066074513
      ], 
      [
       -6.624799299553137, 
       43.57241884155827
      ], 
      [
       -6.596923290230745, 
       43.55418137338293
      ], 
      [
       -6.560776935656411, 
       43.556700792941676
      ], 
      [
       -6.538305319661927, 
       43.54777510077455
      ], 
      [
       -6.500241947138776, 
       43.552009257849164
      ], 
      [
       -6.475264631724102, 
       43.55011624725543
      ], 
      [
       -6.468315361290799, 
       43.57093554829846
      ], 
      [
       -6.428635901308845, 
       43.5531643579747
      ], 
      [
       -6.395127014613632, 
       43.56044068648072
      ], 
      [
       -6.35285880682815, 
       43.55126389687891
      ], 
      [
       -6.330637589911319, 
       43.56155649033127
      ], 
      [
       -6.302604162311394, 
       43.56329795734186
      ], 
      [
       -6.239984845584154, 
       43.59243421482878
      ], 
      [
       -6.207456831417483, 
       43.585447646481825
      ], 
      [
       -6.20136002574869, 
       43.57278019207167
      ], 
      [
       -6.182776791241924, 
       43.562981927001275
      ], 
      [
       -6.168680778549685, 
       43.56993720652438
      ], 
      [
       -6.134024872503268, 
       43.56473523820966
      ], 
      [
       -6.115421429296414, 
       43.55548469596749
      ], 
      [
       -6.063197948615048, 
       43.565846422156675
      ], 
      [
       -6.027573116759963, 
       43.58653137929237
      ], 
      [
       -5.996734921330984, 
       43.57860247665652
      ], 
      [
       -5.95886053359364, 
       43.57878857165056
      ], 
      [
       -5.939904224671618, 
       43.59463761889892
      ], 
      [
       -5.937565904636289, 
       43.59469778025263
      ], 
      [
       -5.912448177325698, 
       43.58991201149043
      ], 
      [
       -5.899129009758787, 
       43.5784925400306
      ], 
      [
       -5.880640270911816, 
       43.574620693142585
      ], 
      [
       -5.881404025164507, 
       43.5576661877777
      ], 
      [
       -5.845644046464749, 
       43.54780358232769
      ], 
      [
       -5.861382292930929, 
       43.528836528175724
      ], 
      [
       -5.816872112295725, 
       43.49135407258962
      ], 
      [
       -5.852094424162917, 
       43.47854167737554
      ], 
      [
       -5.903187702539898, 
       43.50136587687418
      ], 
      [
       -5.952292330342735, 
       43.48669241190485
      ], 
      [
       -5.971691418445429, 
       43.47177502855222
      ], 
      [
       -6.006898261461839, 
       43.48196396083299
      ], 
      [
       -6.020280810370759, 
       43.50956631201133
      ], 
      [
       -6.039416163411155, 
       43.49796667911558
      ], 
      [
       -6.049704215066212, 
       43.48049610862384
      ], 
      [
       -6.063292447380746, 
       43.48440912894776
      ], 
      [
       -6.096683860978676, 
       43.46929256846163
      ], 
      [
       -6.119848037488806, 
       43.4442812359476
      ], 
      [
       -6.135740848460792, 
       43.439542497153546
      ], 
      [
       -6.143458655045557, 
       43.42085549608115
      ], 
      [
       -6.18980625062496, 
       43.45005607092312
      ], 
      [
       -6.222798083281647, 
       43.454640060187955
      ], 
      [
       -6.216217969105482, 
       43.46781726639543
      ], 
      [
       -6.234014831614246, 
       43.49599917091804
      ], 
      [
       -6.286416188655135, 
       43.50013045456777
      ], 
      [
       -6.304793407504076, 
       43.48107156847115
      ], 
      [
       -6.325735863512776, 
       43.48373186013553
      ], 
      [
       -6.361141140875045, 
       43.43212431713526
      ], 
      [
       -6.381760715420599, 
       43.42172016773702
      ], 
      [
       -6.393618773899593, 
       43.39852721326607
      ], 
      [
       -6.428001711113416, 
       43.408520509119434
      ], 
      [
       -6.431967954910184, 
       43.42406702823455
      ], 
      [
       -6.451899606774685, 
       43.439393064788256
      ], 
      [
       -6.47248487726318, 
       43.44221727811663
      ], 
      [
       -6.492908352141252, 
       43.43254630363081
      ], 
      [
       -6.524180007292827, 
       43.43686150138224
      ], 
      [
       -6.549094826978809, 
       43.457040279415
      ], 
      [
       -6.57446680742189, 
       43.459328032989774
      ], 
      [
       -6.597294090792196, 
       43.4551540618854
      ], 
      [
       -6.60712247513337, 
       43.4377651460369
      ], 
      [
       -6.629617431259853, 
       43.424907215740696
      ], 
      [
       -6.636410832750697, 
       43.43994236529322
      ], 
      [
       -6.65636148931237, 
       43.444599149907916
      ], 
      [
       -6.639667298154694, 
       43.47627408821288
      ], 
      [
       -6.66316943802667, 
       43.49324055981063
      ], 
      [
       -6.723509167923201, 
       43.493917714561654
      ], 
      [
       -6.721227934030387, 
       43.46505639047251
      ], 
      [
       -6.744344980616916, 
       43.45650406803728
      ], 
      [
       -6.772355571337914, 
       43.45818398403998
      ], 
      [
       -6.796748039280124, 
       43.472905656905255
      ], 
      [
       -6.814930361638888, 
       43.46933761579423
      ], 
      [
       -6.826275399479117, 
       43.451096083817866
      ], 
      [
       -6.838122847415266, 
       43.44811459520415
      ], 
      [
       -6.895355445673961, 
       43.4593836715876
      ], 
      [
       -6.908367313935242, 
       43.43884442762511
      ], 
      [
       -6.90297500749641, 
       43.417835919447114
      ], 
      [
       -6.928840322742007, 
       43.386212710467525
      ], 
      [
       -6.954766937588237, 
       43.37413599224403
      ], 
      [
       -6.967529894377598, 
       43.39173516348846
      ], 
      [
       -6.950798978615912, 
       43.419954357004016
      ], 
      [
       -6.955789800606828, 
       43.436824094029724
      ], 
      [
       -6.974223587473562, 
       43.417043706132326
      ], 
      [
       -7.00951210555646, 
       43.45762831725622
      ], 
      [
       -7.001174790887549, 
       43.47454012740522
      ], 
      [
       -7.054483125403801, 
       43.472731264939895
      ]
     ]
    ]
   }, 
   "type": "Feature", 
   "properties": {
    "Valor_PRP1": "15 mm", 
    "Nivel_PR": 3, 
    "Prb_TOTO": "40%-70%", 
    "Sev_TOTO": "Amarillo", 
    "TOTO": "Tormentas", 
    "Des_TOTO": "Podrán ir acompañadas de granizo y rachas muy fuertes.", 
    "N_avisos": 2, 
    "Identf_TOTO": "2.49.0.0.724.0.ES.20261006173235.633301TOTO07191791307955", 
    "Expire_PRP1": "2026-10-07T20:59:59+02:00", 
    "Code_TOTO": "2PR-3AM-07TOTO-1791306000-633301", 
    "PRP2": "Lluvias", 
    "PRP1": "Lluvias", 
    "Prb_PRP1": "40%-70%", 
    "Prb_PRP2": "40%-70%", 
    "Expire_TOTO": "2026-10-07T20:59:59+02:00", 
    "Des_PRP1": "Precipitación acumulada en una hora: 15 mm.", 
    "Des_PRP2": "Precipitación acumulada en 12 horas: 40 mm. Podrán acumularse entre 60 y 80 litros en la cara norte de la cordillera y más de 80 litros en Picos de Europa.", 
    "Code_PRP1": "2PR-3AM-01PRP1-1791280800-633301", 
    "Code_PRP2": "2PR-3AM-02PRP2-1791324000-633301", 
    "Cer_TOTO": "Likely", 
    "Fen_avisos": [
     "PR ", 
     "TOTO "
    ], 
    "Expire_PRP2": "2026-10-07T23:59:59+02:00", 
    "Nivel_TOTO": 3, 
    "Onset_TOTO": "2026-10-06T19:00:00+02:00", 
    "COD_Z": "633301", 
    "Av_mayor": 3, 
    "Resum_PRP2": "Aviso de lluvias de nivel amarillo. Litoral occidental asturiano", 
    "Resum_PRP1": "Aviso de lluvias de nivel amarillo. Litoral occidental asturiano", 
    "Cer_PRP2": "Likely", 
    "Cer_PRP1": "Likely", 
    "Onset_PRP1": "2026-10-06T12:00:00+02:00", 
    "Nivel_PRP2": 3, 
    "Nivel_PRP1": 3, 
    "Valor_PRP2": "40 mm", 
    "Sev_PRP2": "Amarillo", 
    "Identf_PRP2": "2.49.0.0.724.0.ES.20261006091633.633301PRP207221791278193", 
    "Ordn_avisos": [
     "2PR-3AM-01PRP1-1791280800-633301", 
     "2PR-3AM-02PRP2-1791324000-633301", 
     "2PR-3AM-07TOTO-1791306000-633301"
    ], 
    "Identf_PRP1": "2.49.0.0.724.0.ES.20261006091633.633301PRP107191791278193", 
    "Sev_PRP1": "Amarillo", 
    "Nombre_zona": "Litoral occidental asturiano", 
    "Resum_TOTO": "Aviso de tormentas de nivel amarillo. Litoral occidental asturiano", 
    "Onset_PRP2": "2026-10-07T00:00:00+02:00"
   }
  }, 
  {
   "geometry": {
    "type": "Polygon", 
    "coordinates": [
     [
      [
       -7.054483125403801, 
       43.472731264939895
      ], 
      [
       -7.001174790887549, 
       43.47454012740522
      ], 
      [
       -7.00951210555646, 
       43.45762831725622
      ], 
      [
       -6.974223587473562, 
       43.417043706132326
      ], 
      [
       -6.955789800606828, 
       43.436824094029724
      ], 
      [
       -6.950798978615912, 
       43.419954357004016
      ], 
      [
       -6.967529894377598, 
       43.39173516348846
      ], 
      [
       -6.954766937588237, 
       43.37413599224403
      ], 
      [
       -6.928840322742007, 
       43.386212710467525
      ], 
      [
       -6.90297500749641, 
       43.417835919447114
      ], 
      [
       -6.908367313935242, 
       43.43884442762511
      ], 
      [
       -6.895355445673961, 
       43.4593836715876
      ], 
      [
       -6.838122847415266, 
       43.44811459520415
      ], 
      [
       -6.826275399479117, 
       43.451096083817866
      ], 
      [
       -6.814930361638888, 
       43.46933761579423
      ], 
      [
       -6.796748039280124, 
       43.472905656905255
      ], 
      [
       -6.772355571337914, 
       43.45818398403998
      ], 
      [
       -6.744344980616916, 
       43.45650406803728
      ], 
      [
       -6.721227934030387, 
       43.46505639047251
      ], 
      [
       -6.723509167923201, 
       43.493917714561654
      ], 
      [
       -6.66316943802667, 
       43.49324055981063
      ], 
      [
       -6.639667298154694, 
       43.47627408821288
      ], 
      [
       -6.65636148931237, 
       43.444599149907916
      ], 
      [
       -6.636410832750697, 
       43.43994236529322
      ], 
      [
       -6.629617431259853, 
       43.424907215740696
      ], 
      [
       -6.60712247513337, 
       43.4377651460369
      ], 
      [
       -6.597294090792196, 
       43.4551540618854
      ], 
      [
       -6.57446680742189, 
       43.459328032989774
      ], 
      [
       -6.549094826978809, 
       43.457040279415
      ], 
      [
       -6.524180007292827, 
       43.43686150138224
      ], 
      [
       -6.492908352141252, 
       43.43254630363081
      ], 
      [
       -6.47248487726318, 
       43.44221727811663
      ], 
      [
       -6.451899606774685, 
       43.439393064788256
      ], 
      [
       -6.431967954910184, 
       43.42406702823455
      ], 
      [
       -6.428001711113416, 
       43.408520509119434
      ], 
      [
       -6.393618773899593, 
       43.39852721326607
      ], 
      [
       -6.381760715420599, 
       43.42172016773702
      ], 
      [
       -6.361141140875045, 
       43.43212431713526
      ], 
      [
       -6.343498085867403, 
       43.40541621916841
      ], 
      [
       -6.346768460095189, 
       43.39462453885182
      ], 
      [
       -6.325026405460954, 
       43.377252829192095
      ], 
      [
       -6.305416672304763, 
       43.34484262555489
      ], 
      [
       -6.313727165047315, 
       43.33071867754845
      ], 
      [
       -6.307731053594964, 
       43.31251650788469
      ], 
      [
       -6.331814837195934, 
       43.29454819449373
      ], 
      [
       -6.331150069919479, 
       43.269520056179545
      ], 
      [
       -6.338099585148775, 
       43.24993282776165
      ], 
      [
       -6.313993702890017, 
       43.23447326745247
      ], 
      [
       -6.329277653041729, 
       43.22480042190198
      ], 
      [
       -6.339710191869439, 
       43.189724492419806
      ], 
      [
       -6.350487468052142, 
       43.17508443202195
      ], 
      [
       -6.354418069894185, 
       43.151172789020684
      ], 
      [
       -6.375876255448873, 
       43.13599123224242
      ], 
      [
       -6.371997094201435, 
       43.1085998586141
      ], 
      [
       -6.361504215962944, 
       43.10279550354454
      ], 
      [
       -6.364850538939757, 
       43.07776606434469
      ], 
      [
       -6.357645381775444, 
       43.05987164171779
      ], 
      [
       -6.372103492667187, 
       43.041402750978854
      ], 
      [
       -6.39560376321115, 
       43.03861825693166
      ], 
      [
       -6.392908994625939, 
       43.01690944176027
      ], 
      [
       -6.422637257995427, 
       42.98817493796129
      ], 
      [
       -6.444995116602405, 
       42.98247034668433
      ], 
      [
       -6.469406901140052, 
       42.991978255176384
      ], 
      [
       -6.473236264680797, 
       42.97091950096339
      ], 
      [
       -6.43219505807969, 
       42.96446082909994
      ], 
      [
       -6.440165635922007, 
       42.93987527983472
      ], 
      [
       -6.477142775692803, 
       42.93386769919176
      ], 
      [
       -6.488325341274329, 
       42.92055275091739
      ], 
      [
       -6.509131576645239, 
       42.92903679180911
      ], 
      [
       -6.535501554257355, 
       42.92116551925415
      ], 
      [
       -6.53978840055166, 
       42.91281253391295
      ], 
      [
       -6.577949158902859, 
       42.91880959439083
      ], 
      [
       -6.605053925052776, 
       42.91640950580361
      ], 
      [
       -6.637332350553851, 
       42.925768251476214
      ], 
      [
       -6.688451168301233, 
       42.92277084023693
      ], 
      [
       -6.721737069803837, 
       42.917685456930926
      ], 
      [
       -6.755212655342449, 
       42.88336771840659
      ], 
      [
       -6.769212969854697, 
       42.89893325006358
      ], 
      [
       -6.822729629517037, 
       42.915370189271556
      ], 
      [
       -6.840414261533388, 
       42.92850764752794
      ], 
      [
       -6.834630592658676, 
       42.95807098303193
      ], 
      [
       -6.870308975241096, 
       42.98923550508932
      ], 
      [
       -6.908858293567951, 
       42.99044442526157
      ], 
      [
       -6.939173958905648, 
       43.01169563419935
      ], 
      [
       -6.945088331048097, 
       43.03275733028841
      ], 
      [
       -6.955638930874225, 
       43.03708327381483
      ], 
      [
       -6.962690787385062, 
       42.995658003889105
      ], 
      [
       -6.973630458000644, 
       42.99659260231165
      ], 
      [
       -6.995705463969808, 
       43.019789489027545
      ], 
      [
       -6.98044682856927, 
       43.04167772369654
      ], 
      [
       -6.96317415653729, 
       43.03497650209994
      ], 
      [
       -6.964673868652151, 
       43.0616550830599
      ], 
      [
       -6.950353636666868, 
       43.076493232780834
      ], 
      [
       -6.921902750744336, 
       43.08215505455069
      ], 
      [
       -6.914130739966518, 
       43.073724431222594
      ], 
      [
       -6.892526669556032, 
       43.09209985199252
      ], 
      [
       -6.869885500075789, 
       43.091509458956025
      ], 
      [
       -6.863776489606436, 
       43.10140372125307
      ], 
      [
       -6.826143768746587, 
       43.123485705381825
      ], 
      [
       -6.823206618123445, 
       43.140636210417625
      ], 
      [
       -6.837449690075299, 
       43.16643914544776
      ], 
      [
       -6.870247538641294, 
       43.18016099971091
      ], 
      [
       -6.917978149054083, 
       43.14129678338036
      ], 
      [
       -6.940096554982459, 
       43.13212710137032
      ], 
      [
       -6.955894760506188, 
       43.13577661736488
      ], 
      [
       -6.972001205917559, 
       43.14983886311747
      ], 
      [
       -6.97930366041691, 
       43.16684372830437
      ], 
      [
       -6.963648225521732, 
       43.18738397805157
      ], 
      [
       -6.969548501699387, 
       43.20454608675822
      ], 
      [
       -7.018581156121654, 
       43.213536141822274
      ], 
      [
       -7.063813773214386, 
       43.24974835241983
      ], 
      [
       -7.070032126713166, 
       43.271512210931114
      ], 
      [
       -7.063203603983412, 
       43.28903209820851
      ], 
      [
       -7.072458704325354, 
       43.305988093354955
      ], 
      [
       -7.0851395756493, 
       43.300592513264334
      ], 
      [
       -7.099452958671345, 
       43.304103860040215
      ], 
      [
       -7.13130422867425, 
       43.34802441787293
      ], 
      [
       -7.126046603061752, 
       43.37289142766615
      ], 
      [
       -7.13752795285759, 
       43.38363945624154
      ], 
      [
       -7.158069662425977, 
       43.375015651342004
      ], 
      [
       -7.178764966019273, 
       43.39651499889564
      ], 
      [
       -7.175315946625394, 
       43.41493491212055
      ], 
      [
       -7.160513464375097, 
       43.43229260736414
      ], 
      [
       -7.127980762996682, 
       43.42403870999399
      ], 
      [
       -7.095631805024399, 
       43.43318938215301
      ], 
      [
       -7.088836441865978, 
       43.4542385286942
      ], 
      [
       -7.054483125403801, 
       43.472731264939895
      ]
     ]
    ]
   }, 
   "type": "Feature", 
   "properties": {
    "Valor_PRP1": "15 mm", 
    "Nivel_PR": 3, 
    "Valor_PRP2": "40 mm", 
    "PRP1": "Lluvias", 
    "Expire_PRP1": "2026-10-07T20:59:59+02:00", 
    "PRP2": "Lluvias", 
    "Nombre_zona": "Suroccidental asturiana", 
    "Prb_PRP1": "40%-70%", 
    "Prb_PRP2": "40%-70%", 
    "Expire_PRP2": "2026-10-07T23:59:59+02:00", 
    "Des_PRP1": "Precipitación acumulada en una hora: 15 mm.", 
    "Des_PRP2": "Precipitación acumulada en 12 horas: 40 mm. Estos acumulados pueden alcanzarse en 3-4 horas.", 
    "Code_PRP1": "2PR-3AM-01PRP1-1791324000-633303", 
    "Code_PRP2": "2PR-3AM-02PRP2-1791280800-633303", 
    "Fen_avisos": [
     "PR "
    ], 
    "Ordn_avisos": [
     "2PR-3AM-01PRP1-1791324000-633303", 
     "2PR-3AM-02PRP2-1791280800-633303"
    ], 
    "N_avisos": 1, 
    "COD_Z": "633303", 
    "Av_mayor": 3, 
    "Resum_PRP2": "Aviso de lluvias de nivel amarillo. Suroccidental asturiana", 
    "Resum_PRP1": "Aviso de lluvias de nivel amarillo. Suroccidental asturiana", 
    "Cer_PRP2": "Likely", 
    "Cer_PRP1": "Likely", 
    "Nivel_PRP2": 3, 
    "Nivel_PRP1": 3, 
    "Sev_PRP2": "Amarillo", 
    "Identf_PRP2": "2.49.0.0.724.0.ES.20261006091633.633303PRP207221791278193", 
    "Identf_PRP1": "2.49.0.0.724.0.ES.20261006091633.633303PRP107191791278193", 
    "Sev_PRP1": "Amarillo", 
    "Onset_PRP1": "2026-10-07T00:00:00+02:00", 
    "Onset_PRP2": "2026-10-06T12:00:00+02:00"
   }
  }, 
  {
   "geometry": {
    "type": "Polygon", 
    "coordinates": [
     [
      [
       -5.937565904636289, 
       43.59469778025263
      ], 
      [
       -5.911403594755687, 
       43.60856640204377
      ], 
      [
       -5.901462277263676, 
       43.62418791279512
      ], 
      [
       -5.899176875923933, 
       43.628207370470335
      ], 
      [
       -5.887549684012954, 
       43.62300992481095
      ], 
      [
       -5.857919123183072, 
       43.6361256142622
      ], 
      [
       -5.851439920750991, 
       43.658993701780545
      ], 
      [
       -5.824904726494185, 
       43.639755903540554
      ], 
      [
       -5.796298061807749, 
       43.63666942985873
      ], 
      [
       -5.779746645491623, 
       43.62882641537407
      ], 
      [
       -5.780095425100233, 
       43.61112645526324
      ], 
      [
       -5.758795274917861, 
       43.587829063383964
      ], 
      [
       -5.733550138092505, 
       43.57411159580933
      ], 
      [
       -5.699715369075947, 
       43.5693340825654
      ], 
      [
       -5.695686432220587, 
       43.550639128104535
      ], 
      [
       -5.68002425094268, 
       43.542751469440724
      ], 
      [
       -5.647858682498427, 
       43.54280819909408
      ], 
      [
       -5.615052114436677, 
       43.55751913017333
      ], 
      [
       -5.607932945521122, 
       43.55004694069548
      ], 
      [
       -5.546730379488732, 
       43.55057220992259
      ], 
      [
       -5.53011953729426, 
       43.54646652462258
      ], 
      [
       -5.515545429070339, 
       43.553477905153144
      ], 
      [
       -5.49310608757955, 
       43.54518233230275
      ], 
      [
       -5.466139462376129, 
       43.55317742149259
      ], 
      [
       -5.43030645017052, 
       43.55176635041148
      ], 
      [
       -5.407434250508552, 
       43.55653620817246
      ], 
      [
       -5.382022265125668, 
       43.535595375974225
      ], 
      [
       -5.370363522197832, 
       43.54062770133796
      ], 
      [
       -5.352331533770061, 
       43.53269905679446
      ], 
      [
       -5.294329730120076, 
       43.53663341656826
      ], 
      [
       -5.263235190498662, 
       43.51794978449255
      ], 
      [
       -5.213465617943185, 
       43.47405941549022
      ], 
      [
       -5.169825515314822, 
       43.4751573688089
      ], 
      [
       -5.121001738645428, 
       43.48504153699798
      ], 
      [
       -5.114309079639979, 
       43.47716125018609
      ], 
      [
       -5.085058955284225, 
       43.4765281153657
      ], 
      [
       -5.042857177504638, 
       43.46173172908418
      ], 
      [
       -5.012691220128112, 
       43.45858435340105
      ], 
      [
       -4.944637801943501, 
       43.461725219552065
      ], 
      [
       -4.823194510426064, 
       43.436301069443765
      ], 
      [
       -4.768209805447029, 
       43.43072701029757
      ], 
      [
       -4.742959497580213, 
       43.41660950655051
      ], 
      [
       -4.710063820685131, 
       43.40992117232947
      ], 
      [
       -4.676833297881942, 
       43.41008025133571
      ], 
      [
       -4.651683663174462, 
       43.401748546652094
      ], 
      [
       -4.57595966595057, 
       43.393597350548596
      ], 
      [
       -4.53311445664907, 
       43.40091486770071
      ], 
      [
       -4.510913765040613, 
       43.393548007607954
      ], 
      [
       -4.509470424894451, 
       43.38016911356753
      ], 
      [
       -4.533077663928178, 
       43.368599999655736
      ], 
      [
       -4.538089635352652, 
       43.34422177660077
      ], 
      [
       -4.597958871142643, 
       43.351171271647694
      ], 
      [
       -4.620567935104291, 
       43.34950246469419
      ], 
      [
       -4.693582954367923, 
       43.35918607708793
      ], 
      [
       -4.709824052088814, 
       43.36539121248415
      ], 
      [
       -4.776959548661787, 
       43.36238664024642
      ], 
      [
       -4.788371226552785, 
       43.353447845123306
      ], 
      [
       -4.819232518546904, 
       43.35515792672245
      ], 
      [
       -4.848903187608518, 
       43.365144554904845
      ], 
      [
       -4.863902070630291, 
       43.35803100231818
      ], 
      [
       -4.925667350279939, 
       43.353108656718
      ], 
      [
       -4.957173829710348, 
       43.366331629279415
      ], 
      [
       -4.982014940823007, 
       43.36588565353207
      ], 
      [
       -5.005267593920537, 
       43.37904001039451
      ], 
      [
       -5.010389837483198, 
       43.39545412972815
      ], 
      [
       -5.029085881295532, 
       43.409944121224
      ], 
      [
       -5.066214165980358, 
       43.41004436707181
      ], 
      [
       -5.08408461134923, 
       43.424792311001674
      ], 
      [
       -5.124856194943041, 
       43.43025426866398
      ], 
      [
       -5.162283261785245, 
       43.4200083888432
      ], 
      [
       -5.163293598269929, 
       43.43068574131618
      ], 
      [
       -5.183890793250541, 
       43.44105352600906
      ], 
      [
       -5.219617012340325, 
       43.43979808058606
      ], 
      [
       -5.228084719926827, 
       43.432493370044355
      ], 
      [
       -5.263127369224231, 
       43.43095852947781
      ], 
      [
       -5.280168990146881, 
       43.41332366355456
      ], 
      [
       -5.317546651594739, 
       43.41537204725229
      ], 
      [
       -5.33741693563688, 
       43.42845496701444
      ], 
      [
       -5.36474550397748, 
       43.407247303716396
      ], 
      [
       -5.375169067395287, 
       43.4211579763145
      ], 
      [
       -5.391079331566952, 
       43.42305013675273
      ], 
      [
       -5.42215755481303, 
       43.43818814396067
      ], 
      [
       -5.446382242440884, 
       43.41169659009199
      ], 
      [
       -5.495067280724235, 
       43.41619935698884
      ], 
      [
       -5.510311486945328, 
       43.42224011156904
      ], 
      [
       -5.563388658793394, 
       43.42659012046864
      ], 
      [
       -5.584096024223316, 
       43.443491697124585
      ], 
      [
       -5.623433797425945, 
       43.44363078431843
      ], 
      [
       -5.643896941639504, 
       43.455259941491924
      ], 
      [
       -5.681045484712808, 
       43.4543493527327
      ], 
      [
       -5.696471656876362, 
       43.46634819922533
      ], 
      [
       -5.716139121775908, 
       43.45145874640509
      ], 
      [
       -5.746181521872217, 
       43.44816566382073
      ], 
      [
       -5.778799675052072, 
       43.463943493615304
      ], 
      [
       -5.802166389450468, 
       43.485431293767284
      ], 
      [
       -5.816872112295725, 
       43.49135407258962
      ], 
      [
       -5.861382292930929, 
       43.528836528175724
      ], 
      [
       -5.845644046464749, 
       43.54780358232769
      ], 
      [
       -5.881404025164507, 
       43.5576661877777
      ], 
      [
       -5.880640270911816, 
       43.574620693142585
      ], 
      [
       -5.899129009758787, 
       43.5784925400306
      ], 
      [
       -5.912448177325698, 
       43.58991201149043
      ], 
      [
       -5.937565904636289, 
       43.59469778025263
      ]
     ]
    ]
   }, 
   "type": "Feature", 
   "properties": {
    "Valor_PRP1": "15 mm", 
    "Nivel_PR": 3, 
    "Prb_TOTO": "40%-70%", 
    "Sev_TOTO": "Amarillo", 
    "TOTO": "Tormentas", 
    "Des_TOTO": "Podrán ir acompañadas de granizo y rachas muy fuertes.", 
    "N_avisos": 2, 
    "Identf_TOTO": "2.49.0.0.724.0.ES.20261006173235.633302TOTO07191791307955", 
    "Expire_PRP1": "2026-10-07T20:59:59+02:00", 
    "Code_TOTO": "2PR-3AM-07TOTO-1791306000-633302", 
    "PRP2": "Lluvias", 
    "PRP1": "Lluvias", 
    "Prb_PRP1": "40%-70%", 
    "Prb_PRP2": "40%-70%", 
    "Expire_TOTO": "2026-10-07T20:59:59+02:00", 
    "Des_PRP1": "Precipitación acumulada en una hora: 15 mm.", 
    "Des_PRP2": "Precipitación acumulada en 12 horas: 40 mm. Podrán acumularse entre 60 y 80 litros en la cara norte de la cordillera y más de 80 litros en Picos de Europa.", 
    "Code_PRP1": "2PR-3AM-01PRP1-1791280800-633302", 
    "Code_PRP2": "2PR-3AM-02PRP2-1791324000-633302", 
    "Cer_TOTO": "Likely", 
    "Fen_avisos": [
     "PR ", 
     "TOTO "
    ], 
    "Expire_PRP2": "2026-10-07T23:59:59+02:00", 
    "Nivel_TOTO": 3, 
    "Onset_TOTO": "2026-10-06T19:00:00+02:00", 
    "COD_Z": "633302", 
    "Av_mayor": 3, 
    "Resum_PRP2": "Aviso de lluvias de nivel amarillo. Litoral oriental asturiano", 
    "Resum_PRP1": "Aviso de lluvias de nivel amarillo. Litoral oriental asturiano", 
    "Cer_PRP2": "Likely", 
    "Cer_PRP1": "Likely", 
    "Onset_PRP1": "2026-10-06T12:00:00+02:00", 
    "Nivel_PRP2": 3, 
    "Nivel_PRP1": 3, 
    "Valor_PRP2": "40 mm", 
    "Sev_PRP2": "Amarillo", 
    "Identf_PRP2": "2.49.0.0.724.0.ES.20261006091633.633302PRP207221791278193", 
    "Ordn_avisos": [
     "2PR-3AM-01PRP1-1791280800-633302", 
     "2PR-3AM-02PRP2-1791324000-633302", 
     "2PR-3AM-07TOTO-1791306000-633302"
    ], 
    "Identf_PRP1": "2.49.0.0.724.0.ES.20261006091633.633302PRP107191791278193", 
    "Sev_PRP1": "Amarillo", 
    "Nombre_zona": "Litoral oriental asturiano", 
    "Resum_TOTO": "Aviso de tormentas de nivel amarillo. Litoral oriental asturiano", 
    "Onset_PRP2": "2026-10-07T00:00:00+02:00"
   }
  }, 
  {
   "geometry": {
    "type": "Polygon", 
    "coordinates": [
     [
      [
       1.596140442569112, 
       41.3096517851911
      ], 
      [
       1.634395893911326, 
       41.3138049112509
      ], 
      [
       1.643320772385332, 
       41.312355003228674
      ], 
      [
       1.646524696651424, 
       41.295622728115184
      ], 
      [
       1.67191208871237, 
       41.285193157881594
      ], 
      [
       1.685166520458864, 
       41.28875892409741
      ], 
      [
       1.703676413781043, 
       41.32450276524682
      ], 
      [
       1.739187804531724, 
       41.34904478995114
      ], 
      [
       1.764379166651373, 
       41.33979117159183
      ], 
      [
       1.790857029682651, 
       41.32310463656831
      ], 
      [
       1.809407973897197, 
       41.323796726283824
      ], 
      [
       1.841756371716058, 
       41.31615300306607
      ], 
      [
       1.8621729741189, 
       41.334053132699395
      ], 
      [
       1.899053679363437, 
       41.35512845571401
      ], 
      [
       1.889588401523585, 
       41.37071137902592
      ], 
      [
       1.871733417499409, 
       41.38095088519627
      ], 
      [
       1.882150163603294, 
       41.412100572290335
      ], 
      [
       1.898627643853022, 
       41.428738598879946
      ], 
      [
       1.924112106474898, 
       41.431483333785295
      ], 
      [
       1.966135265955516, 
       41.44319511067024
      ], 
      [
       1.980063390176067, 
       41.441178023179475
      ], 
      [
       2.00210004894843, 
       41.45637989276555
      ], 
      [
       2.016697034808938, 
       41.4591277261562
      ], 
      [
       2.033909364490514, 
       41.442024546927115
      ], 
      [
       2.062522255340189, 
       41.44532116754234
      ], 
      [
       2.089309751852938, 
       41.42848919093642
      ], 
      [
       2.121860891031195, 
       41.42609551905853
      ], 
      [
       2.135703213495565, 
       41.44777661982533
      ], 
      [
       2.165355423174001, 
       41.45020857265821
      ], 
      [
       2.179789338190155, 
       41.46824734743848
      ], 
      [
       2.212469251243868, 
       41.47143041457286
      ], 
      [
       2.226007498192684, 
       41.49253767279448
      ], 
      [
       2.248097397931433, 
       41.488972324435316
      ], 
      [
       2.283033100350837, 
       41.51423186690675
      ], 
      [
       2.273674714289534, 
       41.523746119169154
      ], 
      [
       2.285281702614452, 
       41.54501574631199
      ], 
      [
       2.317423283176147, 
       41.53352803306667
      ], 
      [
       2.336388811775269, 
       41.54413401522227
      ], 
      [
       2.343410499514966, 
       41.56139763023904
      ], 
      [
       2.395320364271935, 
       41.60891111800686
      ], 
      [
       2.422745542623302, 
       41.63081562137843
      ], 
      [
       2.451606626242828, 
       41.62660170863602
      ], 
      [
       2.478924533015908, 
       41.631528445818006
      ], 
      [
       2.497332408202705, 
       41.624507476883366
      ], 
      [
       2.524387058062163, 
       41.62577206324832
      ], 
      [
       2.547296985485275, 
       41.65792773908892
      ], 
      [
       2.594802484508846, 
       41.659254670755075
      ], 
      [
       2.601123684160331, 
       41.683773072571114
      ], 
      [
       2.627366525424095, 
       41.68877028180123
      ], 
      [
       2.652421964025495, 
       41.722445746278154
      ], 
      [
       2.671604388975167, 
       41.71474614015953
      ], 
      [
       2.703773239467886, 
       41.72850562292488
      ], 
      [
       2.725936943400223, 
       41.744610874679886
      ], 
      [
       2.745883737740243, 
       41.73527624779177
      ], 
      [
       2.77799277865842, 
       41.73578505179817
      ], 
      [
       2.76697051600381, 
       41.72598880971846
      ], 
      [
       2.775426265900593, 
       41.70053824325982
      ], 
      [
       2.759003259805408, 
       41.679428261483004
      ], 
      [
       2.779505115009547, 
       41.64912244170018
      ], 
      [
       2.751979091212835, 
       41.644476786064
      ], 
      [
       2.718583628036436, 
       41.62881140209656
      ], 
      [
       2.633158122754026, 
       41.60421031406625
      ], 
      [
       2.563901096786782, 
       41.579633658902566
      ], 
      [
       2.556510335353464, 
       41.57956911307922
      ], 
      [
       2.496048475433082, 
       41.55304740240634
      ], 
      [
       2.462048167757439, 
       41.54267255923758
      ], 
      [
       2.403789082372492, 
       41.50648953212207
      ], 
      [
       2.377104949743265, 
       41.49448348824668
      ], 
      [
       2.297525426818167, 
       41.472611126087386
      ], 
      [
       2.253769706305435, 
       41.44828221656063
      ], 
      [
       2.224907898402009, 
       41.408836594224496
      ], 
      [
       2.177042373799399, 
       41.367541207630445
      ], 
      [
       2.161089374568351, 
       41.346887236138215
      ], 
      [
       2.151961055425819, 
       41.32208060667702
      ], 
      [
       2.120599725006837, 
       41.292388088561225
      ], 
      [
       2.075642056621197, 
       41.27759396834325
      ], 
      [
       2.021415276690865, 
       41.266284583710494
      ], 
      [
       1.945493710033761, 
       41.26412332443847
      ], 
      [
       1.922872281163871, 
       41.260341538160006
      ], 
      [
       1.870456024078326, 
       41.24317421161135
      ], 
      [
       1.854761271612054, 
       41.23469125249246
      ], 
      [
       1.816359852985469, 
       41.23635278434388
      ], 
      [
       1.779372580925507, 
       41.22408629473277
      ], 
      [
       1.695544918034914, 
       41.207365898104776
      ], 
      [
       1.674130142246973, 
       41.198470069391085
      ], 
      [
       1.646379120025998, 
       41.1959490303054
      ], 
      [
       1.64724178335957, 
       41.22912873101358
      ], 
      [
       1.622564973118679, 
       41.22353346059205
      ], 
      [
       1.603716020664504, 
       41.23513972506184
      ], 
      [
       1.582804598712092, 
       41.23748832538011
      ], 
      [
       1.576176430075131, 
       41.25648036483233
      ], 
      [
       1.595463644098316, 
       41.25928499854508
      ], 
      [
       1.62314660083051, 
       41.255248130233994
      ], 
      [
       1.62891682324519, 
       41.29631565719883
      ], 
      [
       1.613216327242671, 
       41.28547658836885
      ], 
      [
       1.589306344624381, 
       41.2943035783538
      ], 
      [
       1.596140442569112, 
       41.3096517851911
      ]
     ]
    ]
   }, 
   "type": "Feature", 
   "properties": {
    "Valor_PRP1": "20 mm", 
    "Nivel_PR": 3, 
    "Prb_TOTO": "40%-70%", 
    "Sev_TOTO": "Amarillo", 
    "TOTO": "Tormentas", 
    "Des_TOTO": "Pueden ir acompañadas de granizo, en general inferior a 2 cm.", 
    "N_avisos": 2, 
    "Identf_TOTO": "2.49.0.0.724.0.ES.20261007065351.690804TOTO07181791356031", 
    "Expire_PRP1": "2026-10-07T19:59:59+02:00", 
    "Code_TOTO": "2PR-3AM-07TOTO-1791367200-690804", 
    "PRP1": "Lluvias", 
    "Prb_PRP1": "40%-70%", 
    "Expire_TOTO": "2026-10-07T19:59:59+02:00", 
    "Des_PRP1": "Precipitación acumulada en una hora: 20 mm.", 
    "Code_PRP1": "2PR-3AM-01PRP1-1791367200-690804", 
    "Cer_TOTO": "Likely", 
    "Fen_avisos": [
     "PR ", 
     "TOTO "
    ], 
    "Ordn_avisos": [
     "2PR-3AM-01PRP1-1791367200-690804", 
     "2PR-3AM-07TOTO-1791367200-690804"
    ], 
    "Nivel_TOTO": 3, 
    "Onset_TOTO": "2026-10-07T12:00:00+02:00", 
    "COD_Z": "690804", 
    "Av_mayor": 3, 
    "Resum_PRP1": "Aviso de lluvias de nivel amarillo. Litoral de Barcelona", 
    "Cer_PRP1": "Likely", 
    "Onset_PRP1": "2026-10-07T12:00:00+02:00", 
    "Nivel_PRP1": 3, 
    "Identf_PRP1": "2.49.0.0.724.0.ES.20261006091405.690804PRP107181791278045", 
    "Sev_PRP1": "Amarillo", 
    "Nombre_zona": "Litoral de Barcelona", 
    "Resum_TOTO": "Aviso de tormentas de nivel amarillo. Litoral de Barcelona"
   }
  }, 
  {
   "geometry": {
    "type": "Polygon", 
    "coordinates": [
     [
      [
       -4.274681919335391, 
       42.67336652056291
      ], 
      [
       -4.291818982228666, 
       42.691193732011456
      ], 
      [
       -4.265341210598224, 
       42.705591302540995
      ], 
      [
       -4.244750136390682, 
       42.69738819216702
      ], 
      [
       -4.217222179947429, 
       42.704978207556394
      ], 
      [
       -4.184036466444011, 
       42.736474681676206
      ], 
      [
       -4.138589124748184, 
       42.7536219300805
      ], 
      [
       -4.122638617900283, 
       42.73646268773651
      ], 
      [
       -4.108207358132914, 
       42.73417188044867
      ], 
      [
       -4.079991758860224, 
       42.76175380879028
      ], 
      [
       -4.044563997731889, 
       42.76690015950774
      ], 
      [
       -4.017179627418433, 
       42.764229048640495
      ], 
      [
       -3.998304975674355, 
       42.769266886295775
      ], 
      [
       -3.980241738950069, 
       42.76859447202888
      ], 
      [
       -3.96434873323821, 
       42.758886879550765
      ], 
      [
       -3.929244581979394, 
       42.77477389591375
      ], 
      [
       -3.909609751051978, 
       42.76867302748934
      ], 
      [
       -3.908321399808174, 
       42.786729386650734
      ], 
      [
       -3.893103507966519, 
       42.80482313265643
      ], 
      [
       -3.862034113453213, 
       42.78674500877353
      ], 
      [
       -3.8208722547266, 
       42.79992470093372
      ], 
      [
       -3.814451167651572, 
       42.81289277002705
      ], 
      [
       -3.815173354624797, 
       42.83621058426707
      ], 
      [
       -3.832435850377421, 
       42.85245740974414
      ], 
      [
       -3.824014016975247, 
       42.86891633665589
      ], 
      [
       -3.862394343882686, 
       42.89009235449798
      ], 
      [
       -3.872706838864607, 
       42.875399248342625
      ], 
      [
       -3.878846944997788, 
       42.85166931167237
      ], 
      [
       -3.913488469281931, 
       42.860367068182754
      ], 
      [
       -3.89159116242601, 
       42.88764447638076
      ], 
      [
       -3.897301113587973, 
       42.90392570493477
      ], 
      [
       -3.867263521059277, 
       42.89935761530697
      ], 
      [
       -3.85074449932205, 
       42.919229238083005
      ], 
      [
       -3.82858728124633, 
       42.92797338398437
      ], 
      [
       -3.838198934798828, 
       42.94005992426718
      ], 
      [
       -3.865753574363131, 
       42.95510896756294
      ], 
      [
       -3.886041479726629, 
       42.949046572157755
      ], 
      [
       -3.890225838812129, 
       42.925529549130104
      ], 
      [
       -3.910146979287183, 
       42.9236709743084
      ], 
      [
       -3.936444921865851, 
       42.91092412293905
      ], 
      [
       -3.971510007746617, 
       42.91197361796795
      ], 
      [
       -3.989632873894489, 
       42.931367836617135
      ], 
      [
       -3.959471804583824, 
       42.99273095114631
      ], 
      [
       -3.944121540718836, 
       43.00605050836201
      ], 
      [
       -3.907919468345818, 
       43.01637466559278
      ], 
      [
       -3.889709692322452, 
       43.04193787303636
      ], 
      [
       -3.860172216838103, 
       43.0436854920656
      ], 
      [
       -3.833164954039007, 
       43.05833776739538
      ], 
      [
       -3.845622606241079, 
       43.08467493322364
      ], 
      [
       -3.821922814391393, 
       43.08085858367953
      ], 
      [
       -3.808870767926261, 
       43.086930645874695
      ], 
      [
       -3.78894481982221, 
       43.078407333760055
      ], 
      [
       -3.766259067596397, 
       43.08057852769603
      ], 
      [
       -3.750720403169778, 
       43.10177930003051
      ], 
      [
       -3.727787992455379, 
       43.104718878887674
      ], 
      [
       -3.703345255638241, 
       43.11655066882174
      ], 
      [
       -3.648840873427983, 
       43.181282070236136
      ], 
      [
       -3.611123833822654, 
       43.16979293413977
      ], 
      [
       -3.602218617402908, 
       43.14991317329758
      ], 
      [
       -3.584260432072435, 
       43.154778684253436
      ], 
      [
       -3.542387222632537, 
       43.14843855673877
      ], 
      [
       -3.507119524250717, 
       43.1368583781893
      ], 
      [
       -3.518728877679404, 
       43.12549660269409
      ], 
      [
       -3.52451337000159, 
       43.104687642153706
      ], 
      [
       -3.505615844639314, 
       43.070717182205215
      ], 
      [
       -3.528168862184031, 
       43.053857620277974
      ], 
      [
       -3.544726305361809, 
       43.025325138954656
      ], 
      [
       -3.535907383888886, 
       43.00903217487004
      ], 
      [
       -3.569845408149881, 
       43.007607566070426
      ], 
      [
       -3.58405746422062, 
       42.99374963351638
      ], 
      [
       -3.611191994739193, 
       42.998695642635404
      ], 
      [
       -3.628739306532203, 
       42.99067639951197
      ], 
      [
       -3.648511458223453, 
       42.968387288050806
      ], 
      [
       -3.647820232832493, 
       42.95977359889626
      ], 
      [
       -3.667582907241357, 
       42.942685942574634
      ], 
      [
       -3.71527727519726, 
       42.92812516727876
      ], 
      [
       -3.728342208407394, 
       42.90959180705767
      ], 
      [
       -3.750079517274473, 
       42.89689862373879
      ], 
      [
       -3.780153758756846, 
       42.90903431641914
      ], 
      [
       -3.778614993002362, 
       42.89091794765982
      ], 
      [
       -3.787492724680963, 
       42.87928591049956
      ], 
      [
       -3.772852444459837, 
       42.85310024883731
      ], 
      [
       -3.725393234581064, 
       42.826242715842696
      ], 
      [
       -3.715084070240269, 
       42.864776860169194
      ], 
      [
       -3.705209760545848, 
       42.87807537949871
      ], 
      [
       -3.673312420929594, 
       42.879050848476744
      ], 
      [
       -3.652163676797576, 
       42.86714266079851
      ], 
      [
       -3.648994994856552, 
       42.83693993888358
      ], 
      [
       -3.615162610765184, 
       42.80732004173897
      ], 
      [
       -3.619808332846757, 
       42.78877155512374
      ], 
      [
       -3.608151382971743, 
       42.781999190179
      ], 
      [
       -3.564618395231869, 
       42.787445064429775
      ], 
      [
       -3.549851519458187, 
       42.77942133330037
      ], 
      [
       -3.494428132963418, 
       42.77672035956567
      ], 
      [
       -3.474888405947171, 
       42.76478120378888
      ], 
      [
       -3.513516676762068, 
       42.74498327352427
      ], 
      [
       -3.519578116846156, 
       42.71734602399665
      ], 
      [
       -3.508338709065649, 
       42.70638307423297
      ], 
      [
       -3.533451363135343, 
       42.69167137628497
      ], 
      [
       -3.57279068936688, 
       42.68049499863603
      ], 
      [
       -3.595286700217099, 
       42.693473928818364
      ], 
      [
       -3.613119321631022, 
       42.68077251701546
      ], 
      [
       -3.631777894280845, 
       42.680454998077586
      ], 
      [
       -3.64974720501994, 
       42.66202876181027
      ], 
      [
       -3.688869645025468, 
       42.65136304900614
      ], 
      [
       -3.720737260940162, 
       42.66849312206679
      ], 
      [
       -3.743718484650942, 
       42.651371286087716
      ], 
      [
       -3.736551817686485, 
       42.62814789388539
      ], 
      [
       -3.745093998690479, 
       42.6163587136396
      ], 
      [
       -3.737642961881106, 
       42.592479702406735
      ], 
      [
       -3.757648431981875, 
       42.55666076140257
      ], 
      [
       -3.784538639780936, 
       42.56692607929941
      ], 
      [
       -3.80499629979177, 
       42.58701027144301
      ], 
      [
       -3.83702681541433, 
       42.58180077352084
      ], 
      [
       -3.847059499037401, 
       42.59467674648351
      ], 
      [
       -3.899518022222251, 
       42.60991913689483
      ], 
      [
       -3.906441089399363, 
       42.62746092714995
      ], 
      [
       -4.000073063159125, 
       42.634372274975185
      ], 
      [
       -4.009246914732757, 
       42.62018056698702
      ], 
      [
       -4.049073447487629, 
       42.61093456390842
      ], 
      [
       -4.082475439690825, 
       42.63471286762057
      ], 
      [
       -4.096737255542087, 
       42.61413529526561
      ], 
      [
       -4.116367947334981, 
       42.62718338801604
      ], 
      [
       -4.120863811611764, 
       42.64259245249182
      ], 
      [
       -4.165335295865994, 
       42.66475167033356
      ], 
      [
       -4.200378553062155, 
       42.665983684036576
      ], 
      [
       -4.213382483703186, 
       42.65199671757959
      ], 
      [
       -4.242420028906421, 
       42.669299509763114
      ], 
      [
       -4.274681919335391, 
       42.67336652056291
      ]
     ]
    ]
   }, 
   "type": "Feature", 
   "properties": {
    "Valor_PRP1": "15 mm", 
    "Nivel_PR": 3, 
    "Valor_PRP2": "40 mm", 
    "PRP1": "Lluvias", 
    "Expire_PRP1": "2026-10-07T20:59:59+02:00", 
    "PRP2": "Lluvias", 
    "Nombre_zona": "Cordillera Cantábrica de Burgos", 
    "Prb_PRP1": "40%-70%", 
    "Prb_PRP2": "40%-70%", 
    "Expire_PRP2": "2026-10-07T23:59:59+02:00", 
    "Des_PRP1": "Precipitación acumulada en una hora: 15 mm.", 
    "Des_PRP2": "Precipitación acumulada en 12 horas: 40 mm.", 
    "Code_PRP1": "2PR-3AM-01PRP1-1791367200-670901", 
    "Code_PRP2": "2PR-3AM-02PRP2-1791367200-670901", 
    "Fen_avisos": [
     "PR "
    ], 
    "Ordn_avisos": [
     "2PR-3AM-01PRP1-1791367200-670901", 
     "2PR-3AM-02PRP2-1791367200-670901"
    ], 
    "N_avisos": 1, 
    "COD_Z": "670901", 
    "Av_mayor": 3, 
    "Resum_PRP2": "Aviso de lluvias de nivel amarillo. Cordillera Cantábrica de Burgos", 
    "Resum_PRP1": "Aviso de lluvias de nivel amarillo. Cordillera Cantábrica de Burgos", 
    "Cer_PRP2": "Likely", 
    "Cer_PRP1": "Likely", 
    "Nivel_PRP2": 3, 
    "Nivel_PRP1": 3, 
    "Sev_PRP2": "Amarillo", 
    "Identf_PRP2": "2.49.0.0.724.0.ES.20261006090228.670901PRP207221791277348", 
    "Identf_PRP1": "2.49.0.0.724.0.ES.20261006090228.670901PRP107191791277348", 
    "Sev_PRP1": "Amarillo", 
    "Onset_PRP1": "2026-10-07T12:00:00+02:00", 
    "Onset_PRP2": "2026-10-07T12:00:00+02:00"
   }
  }, 
  {
   "geometry": {
    "type": "MultiPolygon", 
    "coordinates": [
     [
      [
       [
        1.843463523801994, 
        42.307492961146764
       ], 
       [
        1.880316897353883, 
        42.312956095829136
       ], 
       [
        1.904287542073018, 
        42.323580523458915
       ], 
       [
        1.949858459572765, 
        42.31590985631689
       ], 
       [
        1.984993513103115, 
        42.298350235873
       ], 
       [
        2.01968070120415, 
        42.31058931639991
       ], 
       [
        2.067500826517982, 
        42.29046645444086
       ], 
       [
        2.031541818327595, 
        42.25723171538564
       ], 
       [
        2.022238211275349, 
        42.23213601158156
       ], 
       [
        2.031347312633346, 
        42.21615218507209
       ], 
       [
        2.050065179763964, 
        42.22169237569815
       ], 
       [
        2.054732718821694, 
        42.20084322863615
       ], 
       [
        2.06470751600646, 
        42.191894642097054
       ], 
       [
        2.058932494938861, 
        42.17583736261127
       ], 
       [
        2.038182898472139, 
        42.179273601511944
       ], 
       [
        2.023912646348734, 
        42.1643263935527
       ], 
       [
        2.005994946502943, 
        42.16238380123154
       ], 
       [
        1.996707814650465, 
        42.172584647859985
       ], 
       [
        1.999187319599163, 
        42.192336331921396
       ], 
       [
        1.966374524495814, 
        42.1993738997429
       ], 
       [
        2.013994564119515, 
        42.14955583331982
       ], 
       [
        2.038261034895841, 
        42.143592596687824
       ], 
       [
        2.10215952544518, 
        42.140473413736345
       ], 
       [
        2.101856144268731, 
        42.12422826388842
       ], 
       [
        2.127077342833767, 
        42.11339631424564
       ], 
       [
        2.145330288993833, 
        42.13152742444485
       ], 
       [
        2.188742661463405, 
        42.13425741887038
       ], 
       [
        2.206051457131616, 
        42.12617022786752
       ], 
       [
        2.216273442890069, 
        42.14237719650034
       ], 
       [
        2.244172938460739, 
        42.13820308128782
       ], 
       [
        2.269963351531064, 
        42.14332872670033
       ], 
       [
        2.321030786022577, 
        42.11619974069635
       ], 
       [
        2.36717073360798, 
        42.1216334606941
       ], 
       [
        2.38101978087606, 
        42.10400477131086
       ], 
       [
        2.395901659845074, 
        42.10458218652239
       ], 
       [
        2.398401830125473, 
        42.08821531432248
       ], 
       [
        2.412164801973101, 
        42.06890363897176
       ], 
       [
        2.426559349635249, 
        42.06273956408229
       ], 
       [
        2.455746174072204, 
        42.078212550377195
       ], 
       [
        2.467843767232271, 
        42.074025204678456
       ], 
       [
        2.493448517008577, 
        42.03813180101631
       ], 
       [
        2.500040727959373, 
        42.00180697571767
       ], 
       [
        2.489162311599524, 
        41.984955318407934
       ], 
       [
        2.453181910081966, 
        41.96633957837402
       ], 
       [
        2.447185921815187, 
        41.94429981518085
       ], 
       [
        2.471886196072723, 
        41.93958390691141
       ], 
       [
        2.481411932366802, 
        41.923167466549806
       ], 
       [
        2.469785287891707, 
        41.904936226337234
       ], 
       [
        2.44444772335687, 
        41.888301760961575
       ], 
       [
        2.408259073094081, 
        41.89601235671433
       ], 
       [
        2.405535130710071, 
        41.88659865910372
       ], 
       [
        2.378342284092536, 
        41.87310652353279
       ], 
       [
        2.372213216787919, 
        41.879722825252195
       ], 
       [
        2.338670837084558, 
        41.889456685408696
       ], 
       [
        2.33956824247621, 
        41.89962345492873
       ], 
       [
        2.360051763132705, 
        41.93364921048737
       ], 
       [
        2.339811555861362, 
        41.9375658024323
       ], 
       [
        2.296624545440051, 
        41.96590384818789
       ], 
       [
        2.326849973087761, 
        41.96269192047975
       ], 
       [
        2.343386400597054, 
        41.97736915759473
       ], 
       [
        2.36474664067797, 
        41.98632654069439
       ], 
       [
        2.340955665726623, 
        41.99975424763307
       ], 
       [
        2.315407695837727, 
        41.99702750810627
       ], 
       [
        2.309291350478012, 
        42.02006925359565
       ], 
       [
        2.295361156538549, 
        42.030536147612985
       ], 
       [
        2.296161383548216, 
        42.048557812371
       ], 
       [
        2.263819941260364, 
        42.082296407129235
       ], 
       [
        2.267648469587726, 
        42.09639799413677
       ], 
       [
        2.214591685241383, 
        42.0901586977762
       ], 
       [
        2.178568431657932, 
        42.07304226167108
       ], 
       [
        2.153648706676208, 
        42.078947438660876
       ], 
       [
        2.137109962906433, 
        42.09738098939806
       ], 
       [
        2.094797711178665, 
        42.108166983749875
       ], 
       [
        2.069287676549038, 
        42.109830915532065
       ], 
       [
        2.063684504239149, 
        42.099005699540484
       ], 
       [
        2.043542318467018, 
        42.092728922910574
       ], 
       [
        1.99214094580179, 
        42.10832438328975
       ], 
       [
        1.978187487532853, 
        42.12849511872345
       ], 
       [
        1.944928154357869, 
        42.13035103976238
       ], 
       [
        1.936055726169725, 
        42.11471800754721
       ], 
       [
        1.921844815049909, 
        42.111089614242445
       ], 
       [
        1.909609396866137, 
        42.096247180588016
       ], 
       [
        1.873838525769445, 
        42.106139449236466
       ], 
       [
        1.867744677190603, 
        42.11338500215254
       ], 
       [
        1.832785954281315, 
        42.12208659865079
       ], 
       [
        1.799965376534995, 
        42.074914283453374
       ], 
       [
        1.805605617382845, 
        42.05921050362306
       ], 
       [
        1.801256248590265, 
        42.01310835843417
       ], 
       [
        1.78668303512285, 
        42.033480141789305
       ], 
       [
        1.746729908576615, 
        42.03730396984767
       ], 
       [
        1.738094759969768, 
        42.02675879731823
       ], 
       [
        1.765676634448455, 
        41.98854854408227
       ], 
       [
        1.755446502179759, 
        41.98196032954789
       ], 
       [
        1.75316882369499, 
        41.94702367403464
       ], 
       [
        1.689448259020965, 
        41.939035102538014
       ], 
       [
        1.6658193958944, 
        41.96238199063769
       ], 
       [
        1.650582235677107, 
        41.95689736811675
       ], 
       [
        1.652506293040491, 
        41.97898529265254
       ], 
       [
        1.669055916113231, 
        41.98484826363279
       ], 
       [
        1.683916402776675, 
        41.96767562045327
       ], 
       [
        1.720395323899356, 
        41.98476072268763
       ], 
       [
        1.713987212650141, 
        42.00303098346204
       ], 
       [
        1.698910867197005, 
        42.01497651966839
       ], 
       [
        1.685902249989171, 
        41.995198268109526
       ], 
       [
        1.66317429093582, 
        41.99138112736967
       ], 
       [
        1.663270972870786, 
        42.0121656661076
       ], 
       [
        1.689909950708596, 
        42.02816600170283
       ], 
       [
        1.693647270237886, 
        42.04642439284342
       ], 
       [
        1.671405138144874, 
        42.044713923184624
       ], 
       [
        1.687297353910503, 
        42.069093383571776
       ], 
       [
        1.692466628159329, 
        42.087392161244296
       ], 
       [
        1.717763293805614, 
        42.08493915463211
       ], 
       [
        1.723652015452359, 
        42.100091685638965
       ], 
       [
        1.706220693647305, 
        42.10695866318951
       ], 
       [
        1.70027250372988, 
        42.12835136044919
       ], 
       [
        1.70918885536237, 
        42.150051552209256
       ], 
       [
        1.735494981309983, 
        42.159652984765316
       ], 
       [
        1.738870820921326, 
        42.18973651778378
       ], 
       [
        1.722692320989433, 
        42.19649128725215
       ], 
       [
        1.708575820356627, 
        42.19032058622321
       ], 
       [
        1.681585844491969, 
        42.206624948357145
       ], 
       [
        1.686519785943747, 
        42.221080068406266
       ], 
       [
        1.701429110869884, 
        42.23100217482918
       ], 
       [
        1.690979416771295, 
        42.24787959682763
       ], 
       [
        1.691317333822553, 
        42.27738679400217
       ], 
       [
        1.735502651079139, 
        42.28428162853748
       ], 
       [
        1.74190304121075, 
        42.2908768363189
       ], 
       [
        1.780536101424865, 
        42.29168197418699
       ], 
       [
        1.805858819994214, 
        42.302234848977776
       ], 
       [
        1.834589461789107, 
        42.30080827092265
       ], 
       [
        1.843463523801994, 
        42.307492961146764
       ]
      ]
     ], 
     [
      [
       [
        1.646046396480555, 
        42.11290952926643
       ], 
       [
        1.692847721439102, 
        42.113161555651054
       ], 
       [
        1.690563055340841, 
        42.10515234836964
       ], 
       [
        1.668069272545704, 
        42.1052343585366
       ], 
       [
        1.646046396480555, 
        42.11290952926643
       ]
      ]
     ]
    ]
   }, 
   "type": "Feature", 
   "properties": {
    "Valor_PRP1": "20 mm", 
    "Nivel_PR": 3, 
    "Prb_TOTO": "40%-70%", 
    "Sev_TOTO": "Amarillo", 
    "TOTO": "Tormentas", 
    "Des_TOTO": "Pueden ir acompañadas de granizo, en general inferior a 2 cm.", 
    "N_avisos": 2, 
    "Identf_TOTO": "2.49.0.0.724.0.ES.20261007065351.690801TOTO07181791356031", 
    "Expire_PRP1": "2026-10-07T19:59:59+02:00", 
    "Code_TOTO": "2PR-3AM-07TOTO-1791367200-690801", 
    "PRP1": "Lluvias", 
    "Prb_PRP1": "40%-70%", 
    "Expire_TOTO": "2026-10-07T19:59:59+02:00", 
    "Des_PRP1": "Precipitación acumulada en una hora: 20 mm.", 
    "Code_PRP1": "2PR-3AM-01PRP1-1791367200-690801", 
    "Cer_TOTO": "Likely", 
    "Fen_avisos": [
     "PR ", 
     "TOTO "
    ], 
    "Ordn_avisos": [
     "2PR-3AM-01PRP1-1791367200-690801", 
     "2PR-3AM-07TOTO-1791367200-690801"
    ], 
    "Nivel_TOTO": 3, 
    "Onset_TOTO": "2026-10-07T12:00:00+02:00", 
    "COD_Z": "690801", 
    "Av_mayor": 3, 
    "Resum_PRP1": "Aviso de lluvias de nivel amarillo. Prepirineo de Barcelona", 
    "Cer_PRP1": "Likely", 
    "Onset_PRP1": "2026-10-07T12:00:00+02:00", 
    "Nivel_PRP1": 3, 
    "Identf_PRP1": "2.49.0.0.724.0.ES.20261007065351.690801PRP107181791356031", 
    "Sev_PRP1": "Amarillo", 
    "Nombre_zona": "Prepirineo de Barcelona", 
    "Resum_TOTO": "Aviso de tormentas de nivel amarillo. Prepirineo de Barcelona"
   }
  }, 
  {
   "geometry": {
    "type": "Polygon", 
    "coordinates": [
     [
      [
       1.420125924774422, 
       41.676741568829435
      ], 
      [
       1.442004703078141, 
       41.6700799616048
      ], 
      [
       1.450786437612188, 
       41.69483288879672
      ], 
      [
       1.525063662489401, 
       41.69383508535637
      ], 
      [
       1.571100916413804, 
       41.68087196353922
      ], 
      [
       1.616745586721608, 
       41.69655530961756
      ], 
      [
       1.632349301111138, 
       41.654429112375844
      ], 
      [
       1.656448134192225, 
       41.656991571972036
      ], 
      [
       1.682410011444174, 
       41.62001996678777
      ], 
      [
       1.702940959503395, 
       41.61905394745864
      ], 
      [
       1.730300342371857, 
       41.646451433591665
      ], 
      [
       1.766191423025418, 
       41.64614484522072
      ], 
      [
       1.791680772992438, 
       41.63944661859801
      ], 
      [
       1.786188988225397, 
       41.618311238052314
      ], 
      [
       1.82639020031395, 
       41.5935333086011
      ], 
      [
       1.864520728774887, 
       41.592633687085964
      ], 
      [
       1.862070689492467, 
       41.60741270254661
      ], 
      [
       1.890794276603531, 
       41.61509543746186
      ], 
      [
       1.909890145730299, 
       41.63051197403184
      ], 
      [
       1.942960639536671, 
       41.624697729723366
      ], 
      [
       1.956692229698552, 
       41.64366847154303
      ], 
      [
       1.990915562111297, 
       41.65458990598361
      ], 
      [
       2.006419051668664, 
       41.6549763030677
      ], 
      [
       2.014211407719634, 
       41.68077112356825
      ], 
      [
       2.010178548578032, 
       41.69145381131745
      ], 
      [
       2.039525654864153, 
       41.71728388315574
      ], 
      [
       2.088222960381749, 
       41.708128199557876
      ], 
      [
       2.111520578412003, 
       41.71753468671478
      ], 
      [
       2.126121131397373, 
       41.712876369487994
      ], 
      [
       2.132588631268698, 
       41.73174460227006
      ], 
      [
       2.155997366560171, 
       41.73370966474107
      ], 
      [
       2.189898412893231, 
       41.775427676719545
      ], 
      [
       2.222453679934375, 
       41.778377581273844
      ], 
      [
       2.234328093155796, 
       41.762639458825156
      ], 
      [
       2.275530751081448, 
       41.77166959724636
      ], 
      [
       2.292244433998491, 
       41.79337772776171
      ], 
      [
       2.304370108496352, 
       41.79890249287357
      ], 
      [
       2.329055802430177, 
       41.786287716810016
      ], 
      [
       2.335237707834828, 
       41.764142285176405
      ], 
      [
       2.366556920308613, 
       41.769998251259004
      ], 
      [
       2.372680284419547, 
       41.79473754335154
      ], 
      [
       2.383826642688542, 
       41.80900486816851
      ], 
      [
       2.405842678293312, 
       41.80197236926434
      ], 
      [
       2.437670646408974, 
       41.80317534131839
      ], 
      [
       2.444905744800838, 
       41.789481405869346
      ], 
      [
       2.490992935865521, 
       41.7657931576746
      ], 
      [
       2.517112832005005, 
       41.762197446458565
      ], 
      [
       2.51677014965061, 
       41.74897195033306
      ], 
      [
       2.532377696598218, 
       41.739253162337214
      ], 
      [
       2.538682771164105, 
       41.722042692937585
      ], 
      [
       2.638028983910826, 
       41.73356125706236
      ], 
      [
       2.640531606716926, 
       41.7431780183315
      ], 
      [
       2.670596099674392, 
       41.74567217114289
      ], 
      [
       2.682258453438147, 
       41.73986409718816
      ], 
      [
       2.725936943400223, 
       41.744610874679886
      ], 
      [
       2.703773239467886, 
       41.72850562292488
      ], 
      [
       2.671604388975167, 
       41.71474614015953
      ], 
      [
       2.652421964025495, 
       41.722445746278154
      ], 
      [
       2.627366525424095, 
       41.68877028180123
      ], 
      [
       2.601123684160331, 
       41.683773072571114
      ], 
      [
       2.594802484508846, 
       41.659254670755075
      ], 
      [
       2.547296985485275, 
       41.65792773908892
      ], 
      [
       2.524387058062163, 
       41.62577206324832
      ], 
      [
       2.497332408202705, 
       41.624507476883366
      ], 
      [
       2.478924533015908, 
       41.631528445818006
      ], 
      [
       2.451606626242828, 
       41.62660170863602
      ], 
      [
       2.422745542623302, 
       41.63081562137843
      ], 
      [
       2.395320364271935, 
       41.60891111800686
      ], 
      [
       2.343410499514966, 
       41.56139763023904
      ], 
      [
       2.336388811775269, 
       41.54413401522227
      ], 
      [
       2.317423283176147, 
       41.53352803306667
      ], 
      [
       2.285281702614452, 
       41.54501574631199
      ], 
      [
       2.273674714289534, 
       41.523746119169154
      ], 
      [
       2.283033100350837, 
       41.51423186690675
      ], 
      [
       2.248097397931433, 
       41.488972324435316
      ], 
      [
       2.226007498192684, 
       41.49253767279448
      ], 
      [
       2.212469251243868, 
       41.47143041457286
      ], 
      [
       2.179789338190155, 
       41.46824734743848
      ], 
      [
       2.165355423174001, 
       41.45020857265821
      ], 
      [
       2.135703213495565, 
       41.44777661982533
      ], 
      [
       2.121860891031195, 
       41.42609551905853
      ], 
      [
       2.089309751852938, 
       41.42848919093642
      ], 
      [
       2.062522255340189, 
       41.44532116754234
      ], 
      [
       2.033909364490514, 
       41.442024546927115
      ], 
      [
       2.016697034808938, 
       41.4591277261562
      ], 
      [
       2.00210004894843, 
       41.45637989276555
      ], 
      [
       1.980063390176067, 
       41.441178023179475
      ], 
      [
       1.966135265955516, 
       41.44319511067024
      ], 
      [
       1.924112106474898, 
       41.431483333785295
      ], 
      [
       1.898627643853022, 
       41.428738598879946
      ], 
      [
       1.882150163603294, 
       41.412100572290335
      ], 
      [
       1.871733417499409, 
       41.38095088519627
      ], 
      [
       1.889588401523585, 
       41.37071137902592
      ], 
      [
       1.899053679363437, 
       41.35512845571401
      ], 
      [
       1.8621729741189, 
       41.334053132699395
      ], 
      [
       1.841756371716058, 
       41.31615300306607
      ], 
      [
       1.809407973897197, 
       41.323796726283824
      ], 
      [
       1.790857029682651, 
       41.32310463656831
      ], 
      [
       1.764379166651373, 
       41.33979117159183
      ], 
      [
       1.739187804531724, 
       41.34904478995114
      ], 
      [
       1.703676413781043, 
       41.32450276524682
      ], 
      [
       1.685166520458864, 
       41.28875892409741
      ], 
      [
       1.67191208871237, 
       41.285193157881594
      ], 
      [
       1.646524696651424, 
       41.295622728115184
      ], 
      [
       1.643320772385332, 
       41.312355003228674
      ], 
      [
       1.634395893911326, 
       41.3138049112509
      ], 
      [
       1.596140442569112, 
       41.3096517851911
      ], 
      [
       1.579405672115621, 
       41.31621765015433
      ], 
      [
       1.559824378220728, 
       41.34345872483683
      ], 
      [
       1.574778701718023, 
       41.35566730929806
      ], 
      [
       1.570517225846868, 
       41.36868530501632
      ], 
      [
       1.553323789044223, 
       41.36842293786631
      ], 
      [
       1.546947386950272, 
       41.379642161835946
      ], 
      [
       1.513032533697533, 
       41.394638821425325
      ], 
      [
       1.495300126914574, 
       41.389959098569065
      ], 
      [
       1.469653509830643, 
       41.44427199374333
      ], 
      [
       1.484347670736366, 
       41.45814108416229
      ], 
      [
       1.485731282386297, 
       41.47523025085737
      ], 
      [
       1.438160736659186, 
       41.498607505218104
      ], 
      [
       1.405777886978824, 
       41.50691405890482
      ], 
      [
       1.400712961896572, 
       41.52882573056699
      ], 
      [
       1.426775338801937, 
       41.532181326597666
      ], 
      [
       1.447895001058475, 
       41.55269478119527
      ], 
      [
       1.448648196672668, 
       41.57412161381787
      ], 
      [
       1.420855633418199, 
       41.58291199819694
      ], 
      [
       1.394022695242746, 
       41.57539798701497
      ], 
      [
       1.394539847592325, 
       41.59977861978287
      ], 
      [
       1.369795941303515, 
       41.61063688853348
      ], 
      [
       1.370428673594642, 
       41.62158850271992
      ], 
      [
       1.392850157078087, 
       41.63439103396261
      ], 
      [
       1.449492568028988, 
       41.63640390703609
      ], 
      [
       1.4342879975772, 
       41.65163273319999
      ], 
      [
       1.420125924774422, 
       41.676741568829435
      ]
     ]
    ]
   }, 
   "type": "Feature", 
   "properties": {
    "Valor_PRP1": "20 mm", 
    "Nivel_PR": 3, 
    "Prb_TOTO": "40%-70%", 
    "Sev_TOTO": "Amarillo", 
    "TOTO": "Tormentas", 
    "Des_TOTO": "Pueden ir acompañadas de granizo, en general inferior a 2 cm.", 
    "N_avisos": 2, 
    "Identf_TOTO": "2.49.0.0.724.0.ES.20261007065351.690803TOTO07181791356031", 
    "Expire_PRP1": "2026-10-07T19:59:59+02:00", 
    "Code_TOTO": "2PR-3AM-07TOTO-1791367200-690803", 
    "PRP1": "Lluvias", 
    "Prb_PRP1": "40%-70%", 
    "Expire_TOTO": "2026-10-07T19:59:59+02:00", 
    "Des_PRP1": "Precipitación acumulada en una hora: 20 mm.", 
    "Code_PRP1": "2PR-3AM-01PRP1-1791367200-690803", 
    "Cer_TOTO": "Likely", 
    "Fen_avisos": [
     "PR ", 
     "TOTO "
    ], 
    "Ordn_avisos": [
     "2PR-3AM-01PRP1-1791367200-690803", 
     "2PR-3AM-07TOTO-1791367200-690803"
    ], 
    "Nivel_TOTO": 3, 
    "Onset_TOTO": "2026-10-07T12:00:00+02:00", 
    "COD_Z": "690803", 
    "Av_mayor": 3, 
    "Resum_PRP1": "Aviso de lluvias de nivel amarillo. Prelitoral de Barcelona", 
    "Cer_PRP1": "Likely", 
    "Onset_PRP1": "2026-10-07T12:00:00+02:00", 
    "Nivel_PRP1": 3, 
    "Identf_PRP1": "2.49.0.0.724.0.ES.20261006091405.690803PRP107181791278045", 
    "Sev_PRP1": "Amarillo", 
    "Nombre_zona": "Prelitoral de Barcelona", 
    "Resum_TOTO": "Aviso de tormentas de nivel amarillo. Prelitoral de Barcelona"
   }
  }, 
  {
   "geometry": {
    "type": "Polygon", 
    "coordinates": [
     [
      [
       1.650582235677107, 
       41.95689736811675
      ], 
      [
       1.6658193958944, 
       41.96238199063769
      ], 
      [
       1.689448259020965, 
       41.939035102538014
      ], 
      [
       1.75316882369499, 
       41.94702367403464
      ], 
      [
       1.755446502179759, 
       41.98196032954789
      ], 
      [
       1.765676634448455, 
       41.98854854408227
      ], 
      [
       1.738094759969768, 
       42.02675879731823
      ], 
      [
       1.746729908576615, 
       42.03730396984767
      ], 
      [
       1.78668303512285, 
       42.033480141789305
      ], 
      [
       1.801256248590265, 
       42.01310835843417
      ], 
      [
       1.805605617382845, 
       42.05921050362306
      ], 
      [
       1.799965376534995, 
       42.074914283453374
      ], 
      [
       1.832785954281315, 
       42.12208659865079
      ], 
      [
       1.867744677190603, 
       42.11338500215254
      ], 
      [
       1.873838525769445, 
       42.106139449236466
      ], 
      [
       1.909609396866137, 
       42.096247180588016
      ], 
      [
       1.921844815049909, 
       42.111089614242445
      ], 
      [
       1.936055726169725, 
       42.11471800754721
      ], 
      [
       1.944928154357869, 
       42.13035103976238
      ], 
      [
       1.978187487532853, 
       42.12849511872345
      ], 
      [
       1.99214094580179, 
       42.10832438328975
      ], 
      [
       2.043542318467018, 
       42.092728922910574
      ], 
      [
       2.063684504239149, 
       42.099005699540484
      ], 
      [
       2.069287676549038, 
       42.109830915532065
      ], 
      [
       2.094797711178665, 
       42.108166983749875
      ], 
      [
       2.137109962906433, 
       42.09738098939806
      ], 
      [
       2.153648706676208, 
       42.078947438660876
      ], 
      [
       2.178568431657932, 
       42.07304226167108
      ], 
      [
       2.214591685241383, 
       42.0901586977762
      ], 
      [
       2.267648469587726, 
       42.09639799413677
      ], 
      [
       2.263819941260364, 
       42.082296407129235
      ], 
      [
       2.296161383548216, 
       42.048557812371
      ], 
      [
       2.295361156538549, 
       42.030536147612985
      ], 
      [
       2.309291350478012, 
       42.02006925359565
      ], 
      [
       2.315407695837727, 
       41.99702750810627
      ], 
      [
       2.340955665726623, 
       41.99975424763307
      ], 
      [
       2.36474664067797, 
       41.98632654069439
      ], 
      [
       2.343386400597054, 
       41.97736915759473
      ], 
      [
       2.326849973087761, 
       41.96269192047975
      ], 
      [
       2.296624545440051, 
       41.96590384818789
      ], 
      [
       2.339811555861362, 
       41.9375658024323
      ], 
      [
       2.360051763132705, 
       41.93364921048737
      ], 
      [
       2.33956824247621, 
       41.89962345492873
      ], 
      [
       2.338670837084558, 
       41.889456685408696
      ], 
      [
       2.329125023330405, 
       41.88333865547895
      ], 
      [
       2.327133615472195, 
       41.85595620700639
      ], 
      [
       2.348473570325066, 
       41.83263583600609
      ], 
      [
       2.355441057333059, 
       41.80740989279012
      ], 
      [
       2.383826642688542, 
       41.80900486816851
      ], 
      [
       2.372680284419547, 
       41.79473754335154
      ], 
      [
       2.366556920308613, 
       41.769998251259004
      ], 
      [
       2.335237707834828, 
       41.764142285176405
      ], 
      [
       2.329055802430177, 
       41.786287716810016
      ], 
      [
       2.304370108496352, 
       41.79890249287357
      ], 
      [
       2.292244433998491, 
       41.79337772776171
      ], 
      [
       2.275530751081448, 
       41.77166959724636
      ], 
      [
       2.234328093155796, 
       41.762639458825156
      ], 
      [
       2.222453679934375, 
       41.778377581273844
      ], 
      [
       2.189898412893231, 
       41.775427676719545
      ], 
      [
       2.155997366560171, 
       41.73370966474107
      ], 
      [
       2.132588631268698, 
       41.73174460227006
      ], 
      [
       2.126121131397373, 
       41.712876369487994
      ], 
      [
       2.111520578412003, 
       41.71753468671478
      ], 
      [
       2.088222960381749, 
       41.708128199557876
      ], 
      [
       2.039525654864153, 
       41.71728388315574
      ], 
      [
       2.010178548578032, 
       41.69145381131745
      ], 
      [
       2.014211407719634, 
       41.68077112356825
      ], 
      [
       2.006419051668664, 
       41.6549763030677
      ], 
      [
       1.990915562111297, 
       41.65458990598361
      ], 
      [
       1.956692229698552, 
       41.64366847154303
      ], 
      [
       1.942960639536671, 
       41.624697729723366
      ], 
      [
       1.909890145730299, 
       41.63051197403184
      ], 
      [
       1.890794276603531, 
       41.61509543746186
      ], 
      [
       1.862070689492467, 
       41.60741270254661
      ], 
      [
       1.864520728774887, 
       41.592633687085964
      ], 
      [
       1.82639020031395, 
       41.5935333086011
      ], 
      [
       1.786188988225397, 
       41.618311238052314
      ], 
      [
       1.791680772992438, 
       41.63944661859801
      ], 
      [
       1.766191423025418, 
       41.64614484522072
      ], 
      [
       1.730300342371857, 
       41.646451433591665
      ], 
      [
       1.702940959503395, 
       41.61905394745864
      ], 
      [
       1.682410011444174, 
       41.62001996678777
      ], 
      [
       1.656448134192225, 
       41.656991571972036
      ], 
      [
       1.632349301111138, 
       41.654429112375844
      ], 
      [
       1.616745586721608, 
       41.69655530961756
      ], 
      [
       1.571100916413804, 
       41.68087196353922
      ], 
      [
       1.525063662489401, 
       41.69383508535637
      ], 
      [
       1.450786437612188, 
       41.69483288879672
      ], 
      [
       1.442004703078141, 
       41.6700799616048
      ], 
      [
       1.420125924774422, 
       41.676741568829435
      ], 
      [
       1.405489970193242, 
       41.686461471284936
      ], 
      [
       1.401510979008902, 
       41.70470280660078
      ], 
      [
       1.383100217826908, 
       41.70605613834308
      ], 
      [
       1.426410866339292, 
       41.73501444963342
      ], 
      [
       1.404200632826915, 
       41.74560262773405
      ], 
      [
       1.427489613986611, 
       41.802176343364025
      ], 
      [
       1.466640435738159, 
       41.798649884595235
      ], 
      [
       1.469489029233998, 
       41.77129390531149
      ], 
      [
       1.506009739816179, 
       41.78818670558508
      ], 
      [
       1.511517721901269, 
       41.771547579422325
      ], 
      [
       1.545875986243781, 
       41.757900604038994
      ], 
      [
       1.549492996096369, 
       41.77094729966966
      ], 
      [
       1.573755190657028, 
       41.78248778036431
      ], 
      [
       1.58255488105753, 
       41.77583393469838
      ], 
      [
       1.600998092784848, 
       41.78932966176721
      ], 
      [
       1.594424777589462, 
       41.81229097489574
      ], 
      [
       1.612627519488163, 
       41.818069380640544
      ], 
      [
       1.613177841576241, 
       41.83860199308689
      ], 
      [
       1.631476958601397, 
       41.859075899540855
      ], 
      [
       1.619835841675776, 
       41.877840613655856
      ], 
      [
       1.588050521837881, 
       41.888859289956784
      ], 
      [
       1.601674420042875, 
       41.904888222238725
      ], 
      [
       1.617094202722062, 
       41.90629368200991
      ], 
      [
       1.644397677387452, 
       41.9294181243618
      ], 
      [
       1.650582235677107, 
       41.95689736811675
      ]
     ]
    ]
   }, 
   "type": "Feature", 
   "properties": {
    "Valor_PRP1": "20 mm", 
    "Nivel_PR": 3, 
    "Prb_TOTO": "40%-70%", 
    "Sev_TOTO": "Amarillo", 
    "TOTO": "Tormentas", 
    "Des_TOTO": "Pueden ir acompañadas de granizo, en general inferior a 2 cm.", 
    "N_avisos": 2, 
    "Identf_TOTO": "2.49.0.0.724.0.ES.20261007065351.690802TOTO07181791356031", 
    "Expire_PRP1": "2026-10-07T19:59:59+02:00", 
    "Code_TOTO": "2PR-3AM-07TOTO-1791367200-690802", 
    "PRP1": "Lluvias", 
    "Prb_PRP1": "40%-70%", 
    "Expire_TOTO": "2026-10-07T19:59:59+02:00", 
    "Des_PRP1": "Precipitación acumulada en una hora: 20 mm.", 
    "Code_PRP1": "2PR-3AM-01PRP1-1791367200-690802", 
    "Cer_TOTO": "Likely", 
    "Fen_avisos": [
     "PR ", 
     "TOTO "
    ], 
    "Ordn_avisos": [
     "2PR-3AM-01PRP1-1791367200-690802", 
     "2PR-3AM-07TOTO-1791367200-690802"
    ], 
    "Nivel_TOTO": 3, 
    "Onset_TOTO": "2026-10-07T12:00:00+02:00", 
    "COD_Z": "690802", 
    "Av_mayor": 3, 
    "Resum_PRP1": "Aviso de lluvias de nivel amarillo. Depresión central de Barcelona", 
    "Cer_PRP1": "Likely", 
    "Onset_PRP1": "2026-10-07T12:00:00+02:00", 
    "Nivel_PRP1": 3, 
    "Identf_PRP1": "2.49.0.0.724.0.ES.20261007065351.690802PRP107181791356031", 
    "Sev_PRP1": "Amarillo", 
    "Nombre_zona": "Depresión central de Barcelona", 
    "Resum_TOTO": "Aviso de tormentas de nivel amarillo. Depresión central de Barcelona"
   }
  }, 
  {
   "geometry": {
    "type": "Polygon", 
    "coordinates": [
     [
      [
       0.680435482624311, 
       42.07633410357772
      ], 
      [
       0.696752176579685, 
       42.09941824183026
      ], 
      [
       0.703635669700509, 
       42.12022998104497
      ], 
      [
       0.697036375957665, 
       42.15229118150211
      ], 
      [
       0.699791276752273, 
       42.17296602768739
      ], 
      [
       0.721270804185451, 
       42.23077051079764
      ], 
      [
       0.735250561244292, 
       42.25002552034788
      ], 
      [
       0.746032292964067, 
       42.301464913799045
      ], 
      [
       0.757821059634014, 
       42.30959649526254
      ], 
      [
       0.760387190550084, 
       42.32618773280223
      ], 
      [
       0.74156316371191, 
       42.337159032815514
      ], 
      [
       0.760380478847056, 
       42.348652984774006
      ], 
      [
       0.735473492171926, 
       42.371798275102776
      ], 
      [
       0.747301051508781, 
       42.3850618173633
      ], 
      [
       0.73556941534485, 
       42.41718427224258
      ], 
      [
       0.71134772505618, 
       42.436673404033506
      ], 
      [
       0.699184500144648, 
       42.48666995971545
      ], 
      [
       0.714515689485172, 
       42.487542010012575
      ], 
      [
       0.734353251424195, 
       42.5046251358483
      ], 
      [
       0.721475152298274, 
       42.513373240088846
      ], 
      [
       0.72692458449838, 
       42.53275233720676
      ], 
      [
       0.751005514345227, 
       42.55307053434555
      ], 
      [
       0.759884436935213, 
       42.57253350560225
      ], 
      [
       0.769045595617391, 
       42.610102015762784
      ], 
      [
       0.808126142157395, 
       42.61952226604815
      ], 
      [
       0.84105281966578, 
       42.609399734815995
      ], 
      [
       0.878888846135111, 
       42.632757105455724
      ], 
      [
       0.895271789507413, 
       42.61431914180425
      ], 
      [
       0.913265975560516, 
       42.60696125990894
      ], 
      [
       0.919891980770071, 
       42.59330096096005
      ], 
      [
       0.944616434929191, 
       42.589434864885106
      ], 
      [
       0.96977987402603, 
       42.61533209793081
      ], 
      [
       0.960011819567999, 
       42.62525950863434
      ], 
      [
       0.973817073348092, 
       42.64579505272679
      ], 
      [
       0.970478911301676, 
       42.659443328659236
      ], 
      [
       1.006516150140395, 
       42.712945847877585
      ], 
      [
       1.02878683886992, 
       42.709948526349436
      ], 
      [
       1.033387660588427, 
       42.75451541011779
      ], 
      [
       1.027247878338359, 
       42.76740864887766
      ], 
      [
       1.037988094353308, 
       42.786171053558164
      ], 
      [
       1.074425467322985, 
       42.78261842390123
      ], 
      [
       1.109824750992837, 
       42.77139363157889
      ], 
      [
       1.132948161461303, 
       42.75032054287455
      ], 
      [
       1.134416399296085, 
       42.7285153820501
      ], 
      [
       1.1718914563122, 
       42.70844518647816
      ], 
      [
       1.188084575935806, 
       42.71631630157134
      ], 
      [
       1.217481814853105, 
       42.72094375239494
      ], 
      [
       1.229968840453817, 
       42.728774441631586
      ], 
      [
       1.251263738764365, 
       42.72159224508355
      ], 
      [
       1.318262875716672, 
       42.72000846156782
      ], 
      [
       1.334810398387586, 
       42.725999526958994
      ], 
      [
       1.359109759191196, 
       42.720934060711656
      ], 
      [
       1.352672375898359, 
       42.7053788056485
      ], 
      [
       1.389783726042537, 
       42.688276298497925
      ], 
      [
       1.388283345858284, 
       42.66907616346664
      ], 
      [
       1.400381430910577, 
       42.66625233016182
      ], 
      [
       1.415610975225394, 
       42.648595187160545
      ], 
      [
       1.442707220610511, 
       42.600468097220634
      ], 
      [
       1.427347328537062, 
       42.55898301680211
      ], 
      [
       1.470380847337281, 
       42.51105063182081
      ], 
      [
       1.444524745220251, 
       42.49549243965481
      ], 
      [
       1.442632019966242, 
       42.45558264976168
      ], 
      [
       1.45122737691965, 
       42.43826840812661
      ], 
      [
       1.51693279343363, 
       42.4291025194295
      ], 
      [
       1.553812668629056, 
       42.433735428495005
      ], 
      [
       1.568631358543919, 
       42.45915450039409
      ], 
      [
       1.658209657602155, 
       42.46872159679746
      ], 
      [
       1.663512369881552, 
       42.49340773530969
      ], 
      [
       1.704793635653184, 
       42.49006922867125
      ], 
      [
       1.727440389495401, 
       42.505169387572344
      ], 
      [
       1.732095386015534, 
       42.492705888129564
      ], 
      [
       1.727423889908552, 
       42.46239724646506
      ], 
      [
       1.733102540203885, 
       42.44065438306723
      ], 
      [
       1.77061045824121, 
       42.42831945948546
      ], 
      [
       1.795798900861122, 
       42.431137199665116
      ], 
      [
       1.808229160139877, 
       42.41889354875133
      ], 
      [
       1.809671175809224, 
       42.394093073970666
      ], 
      [
       1.801223595224648, 
       42.37826984164166
      ], 
      [
       1.812608095970178, 
       42.37042705128656
      ], 
      [
       1.831162271626243, 
       42.38168166790508
      ], 
      [
       1.852117521686946, 
       42.37376339813875
      ], 
      [
       1.834757702107695, 
       42.32766571004554
      ], 
      [
       1.843463523801994, 
       42.307492961146764
      ], 
      [
       1.834589461789107, 
       42.30080827092265
      ], 
      [
       1.805858819994214, 
       42.302234848977776
      ], 
      [
       1.780536101424865, 
       42.29168197418699
      ], 
      [
       1.74190304121075, 
       42.2908768363189
      ], 
      [
       1.735502651079139, 
       42.28428162853748
      ], 
      [
       1.691317333822553, 
       42.27738679400217
      ], 
      [
       1.690979416771295, 
       42.24787959682763
      ], 
      [
       1.701429110869884, 
       42.23100217482918
      ], 
      [
       1.686519785943747, 
       42.221080068406266
      ], 
      [
       1.681585844491969, 
       42.206624948357145
      ], 
      [
       1.708575820356627, 
       42.19032058622321
      ], 
      [
       1.722692320989433, 
       42.19649128725215
      ], 
      [
       1.738870820921326, 
       42.18973651778378
      ], 
      [
       1.735494981309983, 
       42.159652984765316
      ], 
      [
       1.70918885536237, 
       42.150051552209256
      ], 
      [
       1.70027250372988, 
       42.12835136044919
      ], 
      [
       1.706220693647305, 
       42.10695866318951
      ], 
      [
       1.690563055340841, 
       42.10515234836964
      ], 
      [
       1.692847721439102, 
       42.113161555651054
      ], 
      [
       1.646046396480555, 
       42.11290952926643
      ], 
      [
       1.62372252770977, 
       42.10955468560724
      ], 
      [
       1.613083953053296, 
       42.12039154421694
      ], 
      [
       1.575971895652873, 
       42.12528400513447
      ], 
      [
       1.534248049318377, 
       42.09821422868995
      ], 
      [
       1.521817926857302, 
       42.107177896286025
      ], 
      [
       1.508855911748052, 
       42.095759528595224
      ], 
      [
       1.486788393105708, 
       42.099273258123624
      ], 
      [
       1.470389286908018, 
       42.08544607982211
      ], 
      [
       1.428766758254606, 
       42.10597049983452
      ], 
      [
       1.406508301395081, 
       42.11207814844899
      ], 
      [
       1.394577311876274, 
       42.10689139896559
      ], 
      [
       1.375712839142942, 
       42.08105325515932
      ], 
      [
       1.351559398416812, 
       42.07373516839443
      ], 
      [
       1.331553037677632, 
       42.08180440787624
      ], 
      [
       1.324790132060429, 
       42.09520523004625
      ], 
      [
       1.327945900963707, 
       42.115263085383674
      ], 
      [
       1.362892614508453, 
       42.13002645104465
      ], 
      [
       1.348219140186236, 
       42.151355717486645
      ], 
      [
       1.317198485130516, 
       42.130065468968056
      ], 
      [
       1.243714570587162, 
       42.1168124084856
      ], 
      [
       1.239454649240125, 
       42.10553547156455
      ], 
      [
       1.212862780851694, 
       42.09180450736814
      ], 
      [
       1.163257013235291, 
       42.079518176448964
      ], 
      [
       1.169669384232573, 
       42.11959490520831
      ], 
      [
       1.141690668072283, 
       42.11969159796005
      ], 
      [
       1.120850393732129, 
       42.0898301913329
      ], 
      [
       1.102979449973487, 
       42.07646161244364
      ], 
      [
       1.095672190681893, 
       42.058328120980605
      ], 
      [
       1.078001741492868, 
       42.04597476142585
      ], 
      [
       1.093014040008027, 
       42.03070906166342
      ], 
      [
       1.083690148698867, 
       42.00884701116853
      ], 
      [
       1.069699686839353, 
       42.015872594823776
      ], 
      [
       1.069160681464055, 
       42.036735895123755
      ], 
      [
       1.029452586032574, 
       42.0314671603018
      ], 
      [
       0.995189214072226, 
       42.02144782448977
      ], 
      [
       0.94940582984663, 
       42.02427735252302
      ], 
      [
       0.923310909781087, 
       42.022139274076785
      ], 
      [
       0.887052456503432, 
       42.04259865370893
      ], 
      [
       0.851727788232298, 
       42.03593970798829
      ], 
      [
       0.838342434893083, 
       42.04030561767458
      ], 
      [
       0.761403939466072, 
       42.04101968145926
      ], 
      [
       0.744234968688045, 
       42.0528642431672
      ], 
      [
       0.725686201856405, 
       42.051154617530905
      ], 
      [
       0.693848825470363, 
       42.05964073281027
      ], 
      [
       0.680435482624311, 
       42.07633410357772
      ]
     ]
    ]
   }, 
   "type": "Feature", 
   "properties": {
    "Valor_PRP1": "20 mm", 
    "Nivel_PR": 3, 
    "Prb_TOTO": "40%-70%", 
    "Sev_TOTO": "Amarillo", 
    "TOTO": "Tormentas", 
    "Des_TOTO": "Pueden ir acompañadas de granizo menudo.", 
    "N_avisos": 2, 
    "Identf_TOTO": "2.49.0.0.724.0.ES.20261007065351.692502TOTO07181791356031", 
    "Expire_PRP1": "2026-10-07T19:59:59+02:00", 
    "Code_TOTO": "2PR-3AM-07TOTO-1791352800-692502", 
    "PRP2": "Lluvias", 
    "PRP1": "Lluvias", 
    "Prb_PRP1": "40%-70%", 
    "Prb_PRP2": "40%-70%", 
    "Expire_TOTO": "2026-10-07T19:59:59+02:00", 
    "Des_PRP1": "Precipitación acumulada en una hora: 20 mm.", 
    "Des_PRP2": "Precipitación acumulada en 12 horas: 60 mm.", 
    "Code_PRP1": "2PR-3AM-01PRP1-1791320400-692502", 
    "Code_PRP2": "2PR-3AM-02PRP2-1791288000-692502", 
    "Cer_TOTO": "Likely", 
    "Fen_avisos": [
     "PR ", 
     "TOTO "
    ], 
    "Expire_PRP2": "2026-10-07T19:59:59+02:00", 
    "Nivel_TOTO": 3, 
    "Onset_TOTO": "2026-10-07T08:00:00+02:00", 
    "COD_Z": "692502", 
    "Av_mayor": 3, 
    "Resum_PRP2": "Aviso de lluvias de nivel amarillo. Pirineo de Lleida", 
    "Resum_PRP1": "Aviso de lluvias de nivel amarillo. Pirineo de Lleida", 
    "Cer_PRP2": "Likely", 
    "Cer_PRP1": "Likely", 
    "Onset_PRP1": "2026-10-06T23:00:00+02:00", 
    "Nivel_PRP2": 3, 
    "Nivel_PRP1": 3, 
    "Valor_PRP2": "60 mm", 
    "Sev_PRP2": "Amarillo", 
    "Identf_PRP2": "2.49.0.0.724.0.ES.20261006091405.692502PRP207181791278045", 
    "Ordn_avisos": [
     "2PR-3AM-01PRP1-1791320400-692502", 
     "2PR-3AM-02PRP2-1791288000-692502", 
     "2PR-3AM-07TOTO-1791352800-692502"
    ], 
    "Identf_PRP1": "2.49.0.0.724.0.ES.20261006211430.692502PRP107181791321270", 
    "Sev_PRP1": "Amarillo", 
    "Nombre_zona": "Pirineo de Lleida", 
    "Resum_TOTO": "Aviso de tormentas de nivel amarillo. Pirineo de Lleida", 
    "Onset_PRP2": "2026-10-06T14:00:00+02:00"
   }
  }, 
  {
   "geometry": {
    "type": "Polygon", 
    "coordinates": [
     [
      [
       1.05935583156521, 
       41.17675020249218
      ], 
      [
       1.087098773145484, 
       41.18284502602078
      ], 
      [
       1.114138133754584, 
       41.17478509146542
      ], 
      [
       1.141564553427934, 
       41.190530825897255
      ], 
      [
       1.156800393498841, 
       41.18021110625135
      ], 
      [
       1.177516545878276, 
       41.19634358659521
      ], 
      [
       1.18656567108508, 
       41.19430355964559
      ], 
      [
       1.220741591475588, 
       41.2157719095522
      ], 
      [
       1.23167147459249, 
       41.227327820489435
      ], 
      [
       1.253969894159562, 
       41.21329539160173
      ], 
      [
       1.268804910641723, 
       41.177052357591016
      ], 
      [
       1.280747269049316, 
       41.175788902032515
      ], 
      [
       1.286108760591778, 
       41.200945187769236
      ], 
      [
       1.301040367564204, 
       41.209751874294426
      ], 
      [
       1.32910110319568, 
       41.19827156995636
      ], 
      [
       1.348271024701341, 
       41.222723641495556
      ], 
      [
       1.341652329722759, 
       41.23765965209662
      ], 
      [
       1.358979584867794, 
       41.254966980452544
      ], 
      [
       1.35341716781946, 
       41.27770615682526
      ], 
      [
       1.360128704469754, 
       41.287068054590065
      ], 
      [
       1.380627189440394, 
       41.28193037206163
      ], 
      [
       1.399913114672599, 
       41.292520524735345
      ], 
      [
       1.436923170990088, 
       41.28655917732468
      ], 
      [
       1.460201013868339, 
       41.30108158952695
      ], 
      [
       1.485859480495352, 
       41.29847082716475
      ], 
      [
       1.521031147927081, 
       41.317080524846936
      ], 
      [
       1.540874671225575, 
       41.322501389063625
      ], 
      [
       1.559824378220728, 
       41.34345872483683
      ], 
      [
       1.579405672115621, 
       41.31621765015433
      ], 
      [
       1.596140442569112, 
       41.3096517851911
      ], 
      [
       1.589306344624381, 
       41.2943035783538
      ], 
      [
       1.613216327242671, 
       41.28547658836885
      ], 
      [
       1.62891682324519, 
       41.29631565719883
      ], 
      [
       1.62314660083051, 
       41.255248130233994
      ], 
      [
       1.595463644098316, 
       41.25928499854508
      ], 
      [
       1.576176430075131, 
       41.25648036483233
      ], 
      [
       1.582804598712092, 
       41.23748832538011
      ], 
      [
       1.603716020664504, 
       41.23513972506184
      ], 
      [
       1.622564973118679, 
       41.22353346059205
      ], 
      [
       1.64724178335957, 
       41.22912873101358
      ], 
      [
       1.646379120025998, 
       41.1959490303054
      ], 
      [
       1.617972834910221, 
       41.19103455818016
      ], 
      [
       1.52776327756265, 
       41.181145221536795
      ], 
      [
       1.460542374315559, 
       41.16372168807954
      ], 
      [
       1.408530463970111, 
       41.14130000578862
      ], 
      [
       1.358046592273783, 
       41.12827775459551
      ], 
      [
       1.300878572857717, 
       41.12835032554446
      ], 
      [
       1.251388139148852, 
       41.109039468928856
      ], 
      [
       1.219289243359711, 
       41.105845457808705
      ], 
      [
       1.19885408604545, 
       41.09323971203147
      ], 
      [
       1.183871390058523, 
       41.076046818475525
      ], 
      [
       1.181416078843085, 
       41.06248523640403
      ], 
      [
       1.161829420578891, 
       41.05619898553315
      ], 
      [
       1.140421066396744, 
       41.073684020767686
      ], 
      [
       1.118879626911933, 
       41.074187220682866
      ], 
      [
       1.095385218868641, 
       41.09304436196552
      ], 
      [
       1.096000752317826, 
       41.118235414861736
      ], 
      [
       1.087381516800279, 
       41.142206212974436
      ], 
      [
       1.062071401043808, 
       41.15919431343075
      ], 
      [
       1.05935583156521, 
       41.17675020249218
      ]
     ]
    ]
   }, 
   "type": "Feature", 
   "properties": {
    "Valor_PRP1": "20 mm", 
    "Nivel_PR": 3, 
    "Prb_TOTO": "40%-70%", 
    "Sev_TOTO": "Amarillo", 
    "TOTO": "Tormentas", 
    "Des_TOTO": "Pueden ir acompañadas de granizo, en general inferior a 2 cm.", 
    "N_avisos": 2, 
    "Identf_TOTO": "2.49.0.0.724.0.ES.20261007065351.694303TOTO07181791356031", 
    "Expire_PRP1": "2026-10-07T19:59:59+02:00", 
    "Code_TOTO": "2PR-3AM-07TOTO-1791367200-694303", 
    "PRP1": "Lluvias", 
    "Prb_PRP1": "40%-70%", 
    "Expire_TOTO": "2026-10-07T19:59:59+02:00", 
    "Des_PRP1": "Precipitación acumulada en una hora: 20 mm.", 
    "Code_PRP1": "2PR-3AM-01PRP1-1791367200-694303", 
    "Cer_TOTO": "Likely", 
    "Fen_avisos": [
     "PR ", 
     "TOTO "
    ], 
    "Ordn_avisos": [
     "2PR-3AM-01PRP1-1791367200-694303", 
     "2PR-3AM-07TOTO-1791367200-694303"
    ], 
    "Nivel_TOTO": 3, 
    "Onset_TOTO": "2026-10-07T12:00:00+02:00", 
    "COD_Z": "694303", 
    "Av_mayor": 3, 
    "Resum_PRP1": "Aviso de lluvias de nivel amarillo. Litoral norte de Tarragona", 
    "Cer_PRP1": "Likely", 
    "Onset_PRP1": "2026-10-07T12:00:00+02:00", 
    "Nivel_PRP1": 3, 
    "Identf_PRP1": "2.49.0.0.724.0.ES.20261006091405.694303PRP107181791278045", 
    "Sev_PRP1": "Amarillo", 
    "Nombre_zona": "Litoral norte de Tarragona", 
    "Resum_TOTO": "Aviso de tormentas de nivel amarillo. Litoral norte de Tarragona"
   }
  }, 
  {
   "geometry": {
    "type": "Polygon", 
    "coordinates": [
     [
      [
       -3.140054723624707, 
       43.16181256370124
      ], 
      [
       -3.107475974352349, 
       43.143928743449784
      ], 
      [
       -3.09230093235632, 
       43.15175795069677
      ], 
      [
       -3.073404159283879, 
       43.14663003060954
      ], 
      [
       -3.064609029950877, 
       43.156054101055595
      ], 
      [
       -3.025597496377543, 
       43.16164329273168
      ], 
      [
       -3.006890056647028, 
       43.19759196160149
      ], 
      [
       -2.978801081971033, 
       43.200629217562394
      ], 
      [
       -2.971721789499222, 
       43.18654916641918
      ], 
      [
       -2.945528094108888, 
       43.17025503032132
      ], 
      [
       -2.952865476132509, 
       43.15997961170941
      ], 
      [
       -2.934514000923702, 
       43.136486683865876
      ], 
      [
       -2.956402677374063, 
       43.115471384272034
      ], 
      [
       -2.959490098149995, 
       43.09334814118671
      ], 
      [
       -2.892865817253482, 
       43.046696916171825
      ], 
      [
       -2.862503280251427, 
       43.05222937982265
      ], 
      [
       -2.820645390597801, 
       43.035323597510725
      ], 
      [
       -2.779882848709961, 
       43.034270941596205
      ], 
      [
       -2.728433093561291, 
       43.0242281925214
      ], 
      [
       -2.714005105346675, 
       43.031045658541956
      ], 
      [
       -2.685722314340099, 
       43.02190371017054
      ], 
      [
       -2.665591085285345, 
       43.0317068527215
      ], 
      [
       -2.642008697981611, 
       43.021649258689806
      ], 
      [
       -2.629299272762762, 
       43.02898368274736
      ], 
      [
       -2.632406641648677, 
       43.04509415216669
      ], 
      [
       -2.659953933643591, 
       43.065610976555625
      ], 
      [
       -2.660383582960313, 
       43.07454488913579
      ], 
      [
       -2.631761130837933, 
       43.08731501337163
      ], 
      [
       -2.59118351824168, 
       43.081477300647336
      ], 
      [
       -2.545359874220406, 
       43.088454105964686
      ], 
      [
       -2.539551527927685, 
       43.06346097146312
      ], 
      [
       -2.528946140555284, 
       43.045120281004294
      ], 
      [
       -2.548294696545625, 
       43.02006609962331
      ], 
      [
       -2.56213352147478, 
       43.018940259848584
      ], 
      [
       -2.599651014372562, 
       43.00164442403609
      ], 
      [
       -2.595511264130397, 
       42.97625435130482
      ], 
      [
       -2.60716578426746, 
       42.9544041898063
      ], 
      [
       -2.617957728573482, 
       42.95774549730216
      ], 
      [
       -2.633910354893643, 
       42.94076943476455
      ], 
      [
       -2.651908853505579, 
       42.935359617802405
      ], 
      [
       -2.671927878410503, 
       42.957327588346175
      ], 
      [
       -2.691833263754608, 
       42.943488402563595
      ], 
      [
       -2.676967785231936, 
       42.917252179149024
      ], 
      [
       -2.703049972976757, 
       42.90490501209108
      ], 
      [
       -2.764256506744307, 
       42.91552014645358
      ], 
      [
       -2.784704574066063, 
       42.925988120713924
      ], 
      [
       -2.806988123296651, 
       42.91211525999789
      ], 
      [
       -2.852919968535141, 
       42.91580346719314
      ], 
      [
       -2.875513821448246, 
       42.926996363714615
      ], 
      [
       -2.89092254851084, 
       42.92375230456817
      ], 
      [
       -2.92642737932793, 
       42.93805340147405
      ], 
      [
       -2.935016895771101, 
       42.92822524830766
      ], 
      [
       -2.980169500657064, 
       42.93908387445686
      ], 
      [
       -2.994777678295951, 
       42.953151096367996
      ], 
      [
       -3.010321982906467, 
       42.952727521236824
      ], 
      [
       -3.039312804763736, 
       42.96971340029147
      ], 
      [
       -3.035653781509722, 
       42.98251046634834
      ], 
      [
       -3.007739046036481, 
       42.98215556469807
      ], 
      [
       -2.984710653284036, 
       43.01237491352167
      ], 
      [
       -3.028164363773853, 
       43.01895495689669
      ], 
      [
       -3.019750076574654, 
       43.032499869647346
      ], 
      [
       -3.027329971921487, 
       43.046860859613645
      ], 
      [
       -3.048435697162399, 
       43.0475022132251
      ], 
      [
       -3.064297944475544, 
       43.0234157278838
      ], 
      [
       -3.089155551923831, 
       43.00983788207395
      ], 
      [
       -3.087684124007914, 
       43.00191480751598
      ], 
      [
       -3.123079170993173, 
       43.00804149259194
      ], 
      [
       -3.14348182820471, 
       43.007117255890385
      ], 
      [
       -3.167564688228889, 
       43.01520683895932
      ], 
      [
       -3.168941038719448, 
       43.02935128992855
      ], 
      [
       -3.142155040783509, 
       43.02767679263533
      ], 
      [
       -3.139732627692716, 
       43.06897541020795
      ], 
      [
       -3.156879615551967, 
       43.07429296409778
      ], 
      [
       -3.132633749943061, 
       43.09751062913272
      ], 
      [
       -3.174567657379332, 
       43.11336551650529
      ], 
      [
       -3.180477886745387, 
       43.1211543375753
      ], 
      [
       -3.160167488273172, 
       43.14346191175555
      ], 
      [
       -3.16054078517635, 
       43.154536995209725
      ], 
      [
       -3.140054723624707, 
       43.16181256370124
      ]
     ]
    ]
   }, 
   "type": "Feature", 
   "properties": {
    "Valor_PRP1": "15 mm", 
    "Nivel_PR": 3, 
    "Valor_PRP2": "40 mm", 
    "PRP1": "Lluvias", 
    "Expire_PRP1": "2026-10-07T23:59:59+02:00", 
    "PRP2": "Lluvias", 
    "Nombre_zona": "Cuenca del Nervión", 
    "Prb_PRP1": "40%-70%", 
    "Prb_PRP2": "40%-70%", 
    "Expire_PRP2": "2026-10-07T23:59:59+02:00", 
    "Des_PRP1": "Precipitación acumulada en una hora: 15 mm. No se descarta que vayan acompañadas de tormentas.", 
    "Des_PRP2": "Precipitación acumulada en 12 horas: 40 mm.", 
    "Code_PRP1": "2PR-3AM-01PRP1-1791378000-750101", 
    "Code_PRP2": "2PR-3AM-02PRP2-1791367200-750101", 
    "Fen_avisos": [
     "PR "
    ], 
    "Ordn_avisos": [
     "2PR-3AM-01PRP1-1791378000-750101", 
     "2PR-3AM-02PRP2-1791367200-750101"
    ], 
    "N_avisos": 1, 
    "COD_Z": "750101", 
    "Av_mayor": 3, 
    "Resum_PRP2": "Aviso de lluvias de nivel amarillo. Cuenca del Nervión", 
    "Resum_PRP1": "Aviso de lluvias de nivel amarillo. Cuenca del Nervión", 
    "Cer_PRP2": "Likely", 
    "Cer_PRP1": "Likely", 
    "Nivel_PRP2": 3, 
    "Nivel_PRP1": 3, 
    "Sev_PRP2": "Amarillo", 
    "Identf_PRP2": "2.49.0.0.724.0.ES.20261007064609.750101PRP207221791355569", 
    "Identf_PRP1": "2.49.0.0.724.0.ES.20261006165621.750101PRP107221791305781", 
    "Sev_PRP1": "Amarillo", 
    "Onset_PRP1": "2026-10-07T15:00:00+02:00", 
    "Onset_PRP2": "2026-10-07T12:00:00+02:00"
   }
  }, 
  {
   "geometry": {
    "type": "MultiPolygon", 
    "coordinates": [
     [
      [
       [
        1.732095386015534, 
        42.492705888129564
       ], 
       [
        1.749182828181306, 
        42.49553560259996
       ], 
       [
        1.764018659289109, 
        42.487779175830894
       ], 
       [
        1.793677519492128, 
        42.48559433264956
       ], 
       [
        1.806069632814636, 
        42.490475828413516
       ], 
       [
        1.840018055797272, 
        42.47926679136616
       ], 
       [
        1.848472445168637, 
        42.4686004241374
       ], 
       [
        1.881256722947223, 
        42.4604895089452
       ], 
       [
        1.885531308928057, 
        42.450124845561085
       ], 
       [
        1.944099032002714, 
        42.44532072301148
       ], 
       [
        1.942105087694572, 
        42.430966622062705
       ], 
       [
        1.959735673833339, 
        42.423703321093015
       ], 
       [
        1.965518302538605, 
        42.38281430884779
       ], 
       [
        1.986973800578532, 
        42.362434948678725
       ], 
       [
        2.0127961257884, 
        42.353779810103276
       ], 
       [
        2.086878232202763, 
        42.364525487797174
       ], 
       [
        2.09022898033163, 
        42.374576244135994
       ], 
       [
        2.117542795366266, 
        42.38361991640223
       ], 
       [
        2.129880300334241, 
        42.414107567026434
       ], 
       [
        2.168720109846626, 
        42.42531268510574
       ], 
       [
        2.207935947914943, 
        42.41745627836535
       ], 
       [
        2.214903897731297, 
        42.42440352934731
       ], 
       [
        2.246953974554893, 
        42.428860450755856
       ], 
       [
        2.257506768306382, 
        42.43907030306616
       ], 
       [
        2.292371259298542, 
        42.42317476905954
       ], 
       [
        2.313378934188011, 
        42.42890683074283
       ], 
       [
        2.325219557629701, 
        42.418228303113
       ], 
       [
        2.344928910189997, 
        42.41726335548259
       ], 
       [
        2.361979725386898, 
        42.40310553166864
       ], 
       [
        2.415669958390708, 
        42.39243635824736
       ], 
       [
        2.434520198040939, 
        42.393585127974454
       ], 
       [
        2.436629383339779, 
        42.37557969451277
       ], 
       [
        2.467330158324751, 
        42.36116140298267
       ], 
       [
        2.48434775563033, 
        42.3401456366972
       ], 
       [
        2.501340393717391, 
        42.3435330333614
       ], 
       [
        2.527245113256705, 
        42.33369547952811
       ], 
       [
        2.543170695360332, 
        42.33419356885297
       ], 
       [
        2.557824736107407, 
        42.35394334272912
       ], 
       [
        2.57232468826516, 
        42.358836515854705
       ], 
       [
        2.613497922019395, 
        42.34622649610488
       ], 
       [
        2.676587477374914, 
        42.34259720796825
       ], 
       [
        2.676371875431526, 
        42.35741580019842
       ], 
       [
        2.655320394963053, 
        42.38864247047118
       ], 
       [
        2.672364030100155, 
        42.38710456139621
       ], 
       [
        2.680779207855062, 
        42.40723750296632
       ], 
       [
        2.694368405479961, 
        42.40666909074857
       ], 
       [
        2.719596676361136, 
        42.42199010250056
       ], 
       [
        2.755192349362625, 
        42.426332664272955
       ], 
       [
        2.777912996538129, 
        42.41195344651365
       ], 
       [
        2.800446077392295, 
        42.41851697473673
       ], 
       [
        2.818878306759498, 
        42.440146506771
       ], 
       [
        2.828636512191019, 
        42.43948698206062
       ], 
       [
        2.840490235103926, 
        42.45948601755579
       ], 
       [
        2.862550522040608, 
        42.455547399997535
       ], 
       [
        2.871421772589096, 
        42.467837823161815
       ], 
       [
        2.919539786429853, 
        42.456478626241214
       ], 
       [
        2.932958703283199, 
        42.474811298037004
       ], 
       [
        2.945751816319855, 
        42.47981683831612
       ], 
       [
        2.968284579163783, 
        42.465913537374966
       ], 
       [
        2.981575127546016, 
        42.46797259152795
       ], 
       [
        2.988993831568168, 
        42.4500761987861
       ], 
       [
        2.947811616130253, 
        42.429436878560956
       ], 
       [
        2.921157527856974, 
        42.45083189319504
       ], 
       [
        2.902630499939529, 
        42.436479425397174
       ], 
       [
        2.908814487932507, 
        42.412098863610986
       ], 
       [
        2.918687845156965, 
        42.39932777971815
       ], 
       [
        2.894934485370713, 
        42.384218402836126
       ], 
       [
        2.850717207647832, 
        42.3794342748447
       ], 
       [
        2.833461165138685, 
        42.37874138879389
       ], 
       [
        2.822664627434742, 
        42.3902290108377
       ], 
       [
        2.79132976622829, 
        42.39977907967635
       ], 
       [
        2.796960343706016, 
        42.37131856541658
       ], 
       [
        2.778361874669077, 
        42.364843320631806
       ], 
       [
        2.759569783325617, 
        42.34349504288259
       ], 
       [
        2.733649150685928, 
        42.33082793543978
       ], 
       [
        2.738382878252735, 
        42.29998467602027
       ], 
       [
        2.722298415602038, 
        42.299521871398305
       ], 
       [
        2.724002268172022, 
        42.28130715673868
       ], 
       [
        2.735087698743917, 
        42.26644781994052
       ], 
       [
        2.729052045331852, 
        42.250034373413555
       ], 
       [
        2.703568022531175, 
        42.24972442165336
       ], 
       [
        2.711205639817448, 
        42.26690542402601
       ], 
       [
        2.697909352550276, 
        42.274536309987084
       ], 
       [
        2.668676988183887, 
        42.272821093665044
       ], 
       [
        2.659186137781945, 
        42.2963088977826
       ], 
       [
        2.604164220341314, 
        42.29252038023519
       ], 
       [
        2.589932325201858, 
        42.28543958633991
       ], 
       [
        2.59289429917766, 
        42.26949642249875
       ], 
       [
        2.612293576621362, 
        42.22965772789672
       ], 
       [
        2.564297189057977, 
        42.20180213798108
       ], 
       [
        2.557120045277597, 
        42.21931783115838
       ], 
       [
        2.533743908854999, 
        42.23297323666735
       ], 
       [
        2.517904815313415, 
        42.227761348363096
       ], 
       [
        2.498667245414029, 
        42.231757727691644
       ], 
       [
        2.483562298457596, 
        42.21934010499542
       ], 
       [
        2.491328354963966, 
        42.19902795504732
       ], 
       [
        2.46314942361516, 
        42.201754854068284
       ], 
       [
        2.447966068489988, 
        42.188958007085375
       ], 
       [
        2.462841507491606, 
        42.15599403463617
       ], 
       [
        2.459928060125774, 
        42.14044251897933
       ], 
       [
        2.470611342459387, 
        42.129408673099476
       ], 
       [
        2.493279214743945, 
        42.12639591727684
       ], 
       [
        2.4741242330483, 
        42.106366378302546
       ], 
       [
        2.478745825004947, 
        42.08050727298251
       ], 
       [
        2.467843767232271, 
        42.074025204678456
       ], 
       [
        2.455746174072204, 
        42.078212550377195
       ], 
       [
        2.426559349635249, 
        42.06273956408229
       ], 
       [
        2.412164801973101, 
        42.06890363897176
       ], 
       [
        2.398401830125473, 
        42.08821531432248
       ], 
       [
        2.395901659845074, 
        42.10458218652239
       ], 
       [
        2.38101978087606, 
        42.10400477131086
       ], 
       [
        2.36717073360798, 
        42.1216334606941
       ], 
       [
        2.321030786022577, 
        42.11619974069635
       ], 
       [
        2.269963351531064, 
        42.14332872670033
       ], 
       [
        2.244172938460739, 
        42.13820308128782
       ], 
       [
        2.216273442890069, 
        42.14237719650034
       ], 
       [
        2.206051457131616, 
        42.12617022786752
       ], 
       [
        2.188742661463405, 
        42.13425741887038
       ], 
       [
        2.145330288993833, 
        42.13152742444485
       ], 
       [
        2.127077342833767, 
        42.11339631424564
       ], 
       [
        2.101856144268731, 
        42.12422826388842
       ], 
       [
        2.10215952544518, 
        42.140473413736345
       ], 
       [
        2.038261034895841, 
        42.143592596687824
       ], 
       [
        2.013994564119515, 
        42.14955583331982
       ], 
       [
        1.966374524495814, 
        42.1993738997429
       ], 
       [
        1.999187319599163, 
        42.192336331921396
       ], 
       [
        1.996707814650465, 
        42.172584647859985
       ], 
       [
        2.005994946502943, 
        42.16238380123154
       ], 
       [
        2.023912646348734, 
        42.1643263935527
       ], 
       [
        2.038182898472139, 
        42.179273601511944
       ], 
       [
        2.058932494938861, 
        42.17583736261127
       ], 
       [
        2.06470751600646, 
        42.191894642097054
       ], 
       [
        2.054732718821694, 
        42.20084322863615
       ], 
       [
        2.050065179763964, 
        42.22169237569815
       ], 
       [
        2.031347312633346, 
        42.21615218507209
       ], 
       [
        2.022238211275349, 
        42.23213601158156
       ], 
       [
        2.031541818327595, 
        42.25723171538564
       ], 
       [
        2.067500826517982, 
        42.29046645444086
       ], 
       [
        2.01968070120415, 
        42.31058931639991
       ], 
       [
        1.984993513103115, 
        42.298350235873
       ], 
       [
        1.949858459572765, 
        42.31590985631689
       ], 
       [
        1.904287542073018, 
        42.323580523458915
       ], 
       [
        1.880316897353883, 
        42.312956095829136
       ], 
       [
        1.843463523801994, 
        42.307492961146764
       ], 
       [
        1.834757702107695, 
        42.32766571004554
       ], 
       [
        1.852117521686946, 
        42.37376339813875
       ], 
       [
        1.831162271626243, 
        42.38168166790508
       ], 
       [
        1.812608095970178, 
        42.37042705128656
       ], 
       [
        1.801223595224648, 
        42.37826984164166
       ], 
       [
        1.809671175809224, 
        42.394093073970666
       ], 
       [
        1.808229160139877, 
        42.41889354875133
       ], 
       [
        1.795798900861122, 
        42.431137199665116
       ], 
       [
        1.77061045824121, 
        42.42831945948546
       ], 
       [
        1.733102540203885, 
        42.44065438306723
       ], 
       [
        1.727423889908552, 
        42.46239724646506
       ], 
       [
        1.732095386015534, 
        42.492705888129564
       ]
      ]
     ], 
     [
      [
       [
        1.98497836631488, 
        42.447164802105746
       ], 
       [
        1.957909844628043, 
        42.457956608223185
       ], 
       [
        1.963003434257255, 
        42.47806359281145
       ], 
       [
        1.98835945405849, 
        42.49347082901986
       ], 
       [
        1.99298516681088, 
        42.4628400793899
       ], 
       [
        1.98497836631488, 
        42.447164802105746
       ]
      ]
     ]
    ]
   }, 
   "type": "Feature", 
   "properties": {
    "Valor_PRP1": "20 mm", 
    "Nivel_PR": 3, 
    "Prb_TOTO": "40%-70%", 
    "Sev_TOTO": "Amarillo", 
    "TOTO": "Tormentas", 
    "Des_TOTO": "Pueden ir acompañadas de granizo, en general inferior a 2 cm.", 
    "N_avisos": 2, 
    "Identf_TOTO": "2.49.0.0.724.0.ES.20261007065351.691701TOTO07181791356031", 
    "Expire_PRP1": "2026-10-07T19:59:59+02:00", 
    "Code_TOTO": "2PR-3AM-07TOTO-1791367200-691701", 
    "PRP1": "Lluvias", 
    "Prb_PRP1": "40%-70%", 
    "Expire_TOTO": "2026-10-07T19:59:59+02:00", 
    "Des_PRP1": "Precipitación acumulada en una hora: 20 mm.", 
    "Code_PRP1": "2PR-3AM-01PRP1-1791367200-691701", 
    "Cer_TOTO": "Likely", 
    "Fen_avisos": [
     "PR ", 
     "TOTO "
    ], 
    "Ordn_avisos": [
     "2PR-3AM-01PRP1-1791367200-691701", 
     "2PR-3AM-07TOTO-1791367200-691701"
    ], 
    "Nivel_TOTO": 3, 
    "Onset_TOTO": "2026-10-07T12:00:00+02:00", 
    "COD_Z": "691701", 
    "Av_mayor": 3, 
    "Resum_PRP1": "Aviso de lluvias de nivel amarillo. Pirineo de Girona", 
    "Cer_PRP1": "Likely", 
    "Onset_PRP1": "2026-10-07T12:00:00+02:00", 
    "Nivel_PRP1": 3, 
    "Identf_PRP1": "2.49.0.0.724.0.ES.20261006091405.691701PRP107181791278045", 
    "Sev_PRP1": "Amarillo", 
    "Nombre_zona": "Pirineo de Girona", 
    "Resum_TOTO": "Aviso de tormentas de nivel amarillo. Pirineo de Girona"
   }
  }, 
  {
   "geometry": {
    "type": "Polygon", 
    "coordinates": [
     [
      [
       2.850717207647832, 
       42.3794342748447
      ], 
      [
       2.894934485370713, 
       42.384218402836126
      ], 
      [
       2.918687845156965, 
       42.39932777971815
      ], 
      [
       2.908814487932507, 
       42.412098863610986
      ], 
      [
       2.902630499939529, 
       42.436479425397174
      ], 
      [
       2.921157527856974, 
       42.45083189319504
      ], 
      [
       2.947811616130253, 
       42.429436878560956
      ], 
      [
       2.988993831568168, 
       42.4500761987861
      ], 
      [
       2.981575127546016, 
       42.46797259152795
      ], 
      [
       2.989713160939874, 
       42.47424302622166
      ], 
      [
       3.014346534021726, 
       42.466638400267996
      ], 
      [
       3.034477438221497, 
       42.475063701632116
      ], 
      [
       3.048294536037615, 
       42.457365342831814
      ], 
      [
       3.086972993391111, 
       42.42608330193881
      ], 
      [
       3.108968564667821, 
       42.43423395717227
      ], 
      [
       3.175783197246252, 
       42.435680341975946
      ], 
      [
       3.171950006422561, 
       42.415995416560285
      ], 
      [
       3.156176264679809, 
       42.37905139741862
      ], 
      [
       3.164037472880288, 
       42.3608142905846
      ], 
      [
       3.189260683242976, 
       42.352222346478094
      ], 
      [
       3.199087906650205, 
       42.33510053960062
      ], 
      [
       3.216038740349082, 
       42.34960690659257
      ], 
      [
       3.239430766372375, 
       42.349330419293935
      ], 
      [
       3.242411058474765, 
       42.33779938354657
      ], 
      [
       3.268811351972768, 
       42.34072773816703
      ], 
      [
       3.309032251463918, 
       42.3270817521545
      ], 
      [
       3.303702515789549, 
       42.308276329547425
      ], 
      [
       3.292031963666492, 
       42.30749774699677
      ], 
      [
       3.288741539967442, 
       42.265456049069655
      ], 
      [
       3.282428709105792, 
       42.25415633260183
      ], 
      [
       3.23213823075297, 
       42.24535385503731
      ], 
      [
       3.220088513945284, 
       42.23261715663812
      ], 
      [
       3.18232671129598, 
       42.25761027780726
      ], 
      [
       3.162752890003275, 
       42.26424846272922
      ], 
      [
       3.13968817188577, 
       42.25101659368455
      ], 
      [
       3.118321442145595, 
       42.2228372229003
      ], 
      [
       3.11264990894991, 
       42.20415745189329
      ], 
      [
       3.113191568834922, 
       42.172840699222164
      ], 
      [
       3.125217242702377, 
       42.128325649145005
      ], 
      [
       3.137866087867716, 
       42.12683701937359
      ], 
      [
       3.184716194256445, 
       42.104005403167456
      ], 
      [
       3.214803215230657, 
       42.06160840725341
      ], 
      [
       3.199115263451745, 
       42.04864381074216
      ], 
      [
       3.195976705245351, 
       42.028723912725305
      ], 
      [
       3.200940367059836, 
       41.99544851130084
      ], 
      [
       3.214721452592452, 
       41.97458337221866
      ], 
      [
       3.232452484451533, 
       41.96977498771974
      ], 
      [
       3.234296650738604, 
       41.95016967690259
      ], 
      [
       3.219793639588294, 
       41.94277762132379
      ], 
      [
       3.208400738158145, 
       41.917519185222915
      ], 
      [
       3.204125112443205, 
       41.89200871771296
      ], 
      [
       3.184616911743912, 
       41.88834866448963
      ], 
      [
       3.173392019761114, 
       41.86405846918253
      ], 
      [
       3.146726827758028, 
       41.85886054052435
      ], 
      [
       3.145971385605563, 
       41.849873166718126
      ], 
      [
       3.115484183901735, 
       41.84931052805003
      ], 
      [
       3.098010493212545, 
       41.84268226097762
      ], 
      [
       3.086272661110857, 
       41.826340213079945
      ], 
      [
       3.082073313602626, 
       41.824826281063345
      ], 
      [
       3.063307647808232, 
       41.843959336706796
      ], 
      [
       3.034402074091144, 
       41.84864672474698
      ], 
      [
       3.024074739899159, 
       41.869371493571485
      ], 
      [
       2.987099742120129, 
       41.885138041633034
      ], 
      [
       2.956505960618205, 
       41.88477247591763
      ], 
      [
       2.940958989728721, 
       41.89478907772887
      ], 
      [
       2.887117384718295, 
       41.90967874840201
      ], 
      [
       2.903243704069285, 
       41.91935252665678
      ], 
      [
       2.899016583286803, 
       41.93320765638204
      ], 
      [
       2.936784505346204, 
       41.94020143004428
      ], 
      [
       2.949452211435794, 
       41.9623886953263
      ], 
      [
       2.932933974580174, 
       41.970726702459984
      ], 
      [
       2.905976448904199, 
       41.97177959834348
      ], 
      [
       2.897355409705221, 
       41.98784179095803
      ], 
      [
       2.901294272069108, 
       42.03214158027956
      ], 
      [
       2.884115055764105, 
       42.05354994875624
      ], 
      [
       2.885408626184338, 
       42.066076389000045
      ], 
      [
       2.858040109425617, 
       42.07870641685536
      ], 
      [
       2.843675053959488, 
       42.09735434071072
      ], 
      [
       2.840029279174327, 
       42.13978466007328
      ], 
      [
       2.824967406878808, 
       42.1510487619913
      ], 
      [
       2.803086244700128, 
       42.1459233320426
      ], 
      [
       2.810279691385394, 
       42.1665766496228
      ], 
      [
       2.847108579852728, 
       42.16340284214071
      ], 
      [
       2.862157970950609, 
       42.19667575615755
      ], 
      [
       2.843001287300215, 
       42.20735114941825
      ], 
      [
       2.834998956559952, 
       42.23737490774842
      ], 
      [
       2.806833613221542, 
       42.233408294251824
      ], 
      [
       2.780404375954585, 
       42.26608241668453
      ], 
      [
       2.798487561008232, 
       42.28125227819258
      ], 
      [
       2.785653441610907, 
       42.30636902909627
      ], 
      [
       2.806601400257334, 
       42.312732886807936
      ], 
      [
       2.828015528690661, 
       42.3415008890224
      ], 
      [
       2.89564597632722, 
       42.34911206527767
      ], 
      [
       2.887542699922368, 
       42.36132182434954
      ], 
      [
       2.859486349083367, 
       42.36528458731978
      ], 
      [
       2.850717207647832, 
       42.3794342748447
      ]
     ]
    ]
   }, 
   "type": "Feature", 
   "properties": {
    "Valor_PRP1": "20 mm", 
    "Nivel_PR": 3, 
    "Prb_TOTO": "40%-70%", 
    "Sev_TOTO": "Amarillo", 
    "TOTO": "Tormentas", 
    "Des_TOTO": "Pueden ir acompañadas de granizo, en general inferior a 2 cm.", 
    "N_avisos": 2, 
    "Identf_TOTO": "2.49.0.0.724.0.ES.20261007065351.691703TOTO07181791356031", 
    "Expire_PRP1": "2026-10-07T19:59:59+02:00", 
    "Code_TOTO": "2PR-3AM-07TOTO-1791367200-691703", 
    "PRP1": "Lluvias", 
    "Prb_PRP1": "40%-70%", 
    "Expire_TOTO": "2026-10-07T19:59:59+02:00", 
    "Des_PRP1": "Precipitación acumulada en una hora: 20 mm.", 
    "Code_PRP1": "2PR-3AM-01PRP1-1791367200-691703", 
    "Cer_TOTO": "Likely", 
    "Fen_avisos": [
     "PR ", 
     "TOTO "
    ], 
    "Ordn_avisos": [
     "2PR-3AM-01PRP1-1791367200-691703", 
     "2PR-3AM-07TOTO-1791367200-691703"
    ], 
    "Nivel_TOTO": 3, 
    "Onset_TOTO": "2026-10-07T12:00:00+02:00", 
    "COD_Z": "691703", 
    "Av_mayor": 3, 
    "Resum_PRP1": "Aviso de lluvias de nivel amarillo. Ampurdán", 
    "Cer_PRP1": "Likely", 
    "Onset_PRP1": "2026-10-07T12:00:00+02:00", 
    "Nivel_PRP1": 3, 
    "Identf_PRP1": "2.49.0.0.724.0.ES.20261007065351.691703PRP107181791356031", 
    "Sev_PRP1": "Amarillo", 
    "Nombre_zona": "Ampurdán", 
    "Resum_TOTO": "Aviso de tormentas de nivel amarillo. Ampurdán"
   }
  }, 
  {
   "geometry": {
    "type": "Polygon", 
    "coordinates": [
     [
      [
       2.383826642688542, 
       41.80900486816851
      ], 
      [
       2.355441057333059, 
       41.80740989279012
      ], 
      [
       2.348473570325066, 
       41.83263583600609
      ], 
      [
       2.327133615472195, 
       41.85595620700639
      ], 
      [
       2.329125023330405, 
       41.88333865547895
      ], 
      [
       2.338670837084558, 
       41.889456685408696
      ], 
      [
       2.372213216787919, 
       41.879722825252195
      ], 
      [
       2.378342284092536, 
       41.87310652353279
      ], 
      [
       2.405535130710071, 
       41.88659865910372
      ], 
      [
       2.408259073094081, 
       41.89601235671433
      ], 
      [
       2.44444772335687, 
       41.888301760961575
      ], 
      [
       2.469785287891707, 
       41.904936226337234
      ], 
      [
       2.481411932366802, 
       41.923167466549806
      ], 
      [
       2.471886196072723, 
       41.93958390691141
      ], 
      [
       2.447185921815187, 
       41.94429981518085
      ], 
      [
       2.453181910081966, 
       41.96633957837402
      ], 
      [
       2.489162311599524, 
       41.984955318407934
      ], 
      [
       2.500040727959373, 
       42.00180697571767
      ], 
      [
       2.493448517008577, 
       42.03813180101631
      ], 
      [
       2.467843767232271, 
       42.074025204678456
      ], 
      [
       2.478745825004947, 
       42.08050727298251
      ], 
      [
       2.4741242330483, 
       42.106366378302546
      ], 
      [
       2.493279214743945, 
       42.12639591727684
      ], 
      [
       2.470611342459387, 
       42.129408673099476
      ], 
      [
       2.459928060125774, 
       42.14044251897933
      ], 
      [
       2.462841507491606, 
       42.15599403463617
      ], 
      [
       2.447966068489988, 
       42.188958007085375
      ], 
      [
       2.46314942361516, 
       42.201754854068284
      ], 
      [
       2.491328354963966, 
       42.19902795504732
      ], 
      [
       2.483562298457596, 
       42.21934010499542
      ], 
      [
       2.498667245414029, 
       42.231757727691644
      ], 
      [
       2.517904815313415, 
       42.227761348363096
      ], 
      [
       2.533743908854999, 
       42.23297323666735
      ], 
      [
       2.557120045277597, 
       42.21931783115838
      ], 
      [
       2.564297189057977, 
       42.20180213798108
      ], 
      [
       2.612293576621362, 
       42.22965772789672
      ], 
      [
       2.59289429917766, 
       42.26949642249875
      ], 
      [
       2.589932325201858, 
       42.28543958633991
      ], 
      [
       2.604164220341314, 
       42.29252038023519
      ], 
      [
       2.659186137781945, 
       42.2963088977826
      ], 
      [
       2.668676988183887, 
       42.272821093665044
      ], 
      [
       2.697909352550276, 
       42.274536309987084
      ], 
      [
       2.711205639817448, 
       42.26690542402601
      ], 
      [
       2.703568022531175, 
       42.24972442165336
      ], 
      [
       2.729052045331852, 
       42.250034373413555
      ], 
      [
       2.735087698743917, 
       42.26644781994052
      ], 
      [
       2.724002268172022, 
       42.28130715673868
      ], 
      [
       2.722298415602038, 
       42.299521871398305
      ], 
      [
       2.738382878252735, 
       42.29998467602027
      ], 
      [
       2.733649150685928, 
       42.33082793543978
      ], 
      [
       2.759569783325617, 
       42.34349504288259
      ], 
      [
       2.778361874669077, 
       42.364843320631806
      ], 
      [
       2.796960343706016, 
       42.37131856541658
      ], 
      [
       2.79132976622829, 
       42.39977907967635
      ], 
      [
       2.822664627434742, 
       42.3902290108377
      ], 
      [
       2.833461165138685, 
       42.37874138879389
      ], 
      [
       2.850717207647832, 
       42.3794342748447
      ], 
      [
       2.859486349083367, 
       42.36528458731978
      ], 
      [
       2.887542699922368, 
       42.36132182434954
      ], 
      [
       2.89564597632722, 
       42.34911206527767
      ], 
      [
       2.828015528690661, 
       42.3415008890224
      ], 
      [
       2.806601400257334, 
       42.312732886807936
      ], 
      [
       2.785653441610907, 
       42.30636902909627
      ], 
      [
       2.798487561008232, 
       42.28125227819258
      ], 
      [
       2.780404375954585, 
       42.26608241668453
      ], 
      [
       2.806833613221542, 
       42.233408294251824
      ], 
      [
       2.834998956559952, 
       42.23737490774842
      ], 
      [
       2.843001287300215, 
       42.20735114941825
      ], 
      [
       2.862157970950609, 
       42.19667575615755
      ], 
      [
       2.847108579852728, 
       42.16340284214071
      ], 
      [
       2.810279691385394, 
       42.1665766496228
      ], 
      [
       2.803086244700128, 
       42.1459233320426
      ], 
      [
       2.824967406878808, 
       42.1510487619913
      ], 
      [
       2.840029279174327, 
       42.13978466007328
      ], 
      [
       2.843675053959488, 
       42.09735434071072
      ], 
      [
       2.858040109425617, 
       42.07870641685536
      ], 
      [
       2.885408626184338, 
       42.066076389000045
      ], 
      [
       2.884115055764105, 
       42.05354994875624
      ], 
      [
       2.901294272069108, 
       42.03214158027956
      ], 
      [
       2.897355409705221, 
       41.98784179095803
      ], 
      [
       2.905976448904199, 
       41.97177959834348
      ], 
      [
       2.932933974580174, 
       41.970726702459984
      ], 
      [
       2.949452211435794, 
       41.9623886953263
      ], 
      [
       2.936784505346204, 
       41.94020143004428
      ], 
      [
       2.899016583286803, 
       41.93320765638204
      ], 
      [
       2.903243704069285, 
       41.91935252665678
      ], 
      [
       2.887117384718295, 
       41.90967874840201
      ], 
      [
       2.940958989728721, 
       41.89478907772887
      ], 
      [
       2.956505960618205, 
       41.88477247591763
      ], 
      [
       2.944300136770658, 
       41.86530727391981
      ], 
      [
       2.917932886267526, 
       41.8600218559188
      ], 
      [
       2.88840799327799, 
       41.86067167041455
      ], 
      [
       2.863213341761981, 
       41.84893109446724
      ], 
      [
       2.850804070445769, 
       41.819726244065855
      ], 
      [
       2.854998988553561, 
       41.79241735082774
      ], 
      [
       2.887358329468093, 
       41.7565524065921
      ], 
      [
       2.870949289774472, 
       41.746170234473546
      ], 
      [
       2.849994186421508, 
       41.76247328364072
      ], 
      [
       2.809498274523081, 
       41.74463281702754
      ], 
      [
       2.77799277865842, 
       41.73578505179817
      ], 
      [
       2.745883737740243, 
       41.73527624779177
      ], 
      [
       2.725936943400223, 
       41.744610874679886
      ], 
      [
       2.682258453438147, 
       41.73986409718816
      ], 
      [
       2.670596099674392, 
       41.74567217114289
      ], 
      [
       2.640531606716926, 
       41.7431780183315
      ], 
      [
       2.638028983910826, 
       41.73356125706236
      ], 
      [
       2.538682771164105, 
       41.722042692937585
      ], 
      [
       2.532377696598218, 
       41.739253162337214
      ], 
      [
       2.51677014965061, 
       41.74897195033306
      ], 
      [
       2.517112832005005, 
       41.762197446458565
      ], 
      [
       2.490992935865521, 
       41.7657931576746
      ], 
      [
       2.444905744800838, 
       41.789481405869346
      ], 
      [
       2.437670646408974, 
       41.80317534131839
      ], 
      [
       2.405842678293312, 
       41.80197236926434
      ], 
      [
       2.383826642688542, 
       41.80900486816851
      ]
     ]
    ]
   }, 
   "type": "Feature", 
   "properties": {
    "Valor_PRP1": "20 mm", 
    "Nivel_PR": 3, 
    "Prb_TOTO": "40%-70%", 
    "Sev_TOTO": "Amarillo", 
    "TOTO": "Tormentas", 
    "Des_TOTO": "Pueden ir acompañadas de granizo, en general inferior a 2 cm.", 
    "N_avisos": 2, 
    "Identf_TOTO": "2.49.0.0.724.0.ES.20261007065351.691702TOTO07181791356031", 
    "Expire_PRP1": "2026-10-07T19:59:59+02:00", 
    "Code_TOTO": "2PR-3AM-07TOTO-1791367200-691702", 
    "PRP1": "Lluvias", 
    "Prb_PRP1": "40%-70%", 
    "Expire_TOTO": "2026-10-07T19:59:59+02:00", 
    "Des_PRP1": "Precipitación acumulada en una hora: 20 mm.", 
    "Code_PRP1": "2PR-3AM-01PRP1-1791367200-691702", 
    "Cer_TOTO": "Likely", 
    "Fen_avisos": [
     "PR ", 
     "TOTO "
    ], 
    "Ordn_avisos": [
     "2PR-3AM-01PRP1-1791367200-691702", 
     "2PR-3AM-07TOTO-1791367200-691702"
    ], 
    "Nivel_TOTO": 3, 
    "Onset_TOTO": "2026-10-07T12:00:00+02:00", 
    "COD_Z": "691702", 
    "Av_mayor": 3, 
    "Resum_PRP1": "Aviso de lluvias de nivel amarillo. Prelitoral de Girona", 
    "Cer_PRP1": "Likely", 
    "Onset_PRP1": "2026-10-07T12:00:00+02:00", 
    "Nivel_PRP1": 3, 
    "Identf_PRP1": "2.49.0.0.724.0.ES.20261006091405.691702PRP107181791278045", 
    "Sev_PRP1": "Amarillo", 
    "Nombre_zona": "Prelitoral de Girona", 
    "Resum_TOTO": "Aviso de tormentas de nivel amarillo. Prelitoral de Girona"
   }
  }, 
  {
   "geometry": {
    "type": "Polygon", 
    "coordinates": [
     [
      [
       2.77799277865842, 
       41.73578505179817
      ], 
      [
       2.809498274523081, 
       41.74463281702754
      ], 
      [
       2.849994186421508, 
       41.76247328364072
      ], 
      [
       2.870949289774472, 
       41.746170234473546
      ], 
      [
       2.887358329468093, 
       41.7565524065921
      ], 
      [
       2.854998988553561, 
       41.79241735082774
      ], 
      [
       2.850804070445769, 
       41.819726244065855
      ], 
      [
       2.863213341761981, 
       41.84893109446724
      ], 
      [
       2.88840799327799, 
       41.86067167041455
      ], 
      [
       2.917932886267526, 
       41.8600218559188
      ], 
      [
       2.944300136770658, 
       41.86530727391981
      ], 
      [
       2.956505960618205, 
       41.88477247591763
      ], 
      [
       2.987099742120129, 
       41.885138041633034
      ], 
      [
       3.024074739899159, 
       41.869371493571485
      ], 
      [
       3.034402074091144, 
       41.84864672474698
      ], 
      [
       3.063307647808232, 
       41.843959336706796
      ], 
      [
       3.082073313602626, 
       41.824826281063345
      ], 
      [
       3.066508618259802, 
       41.80051243413485
      ], 
      [
       3.030545181372171, 
       41.779847209583785
      ], 
      [
       2.972557070473235, 
       41.75348957069878
      ], 
      [
       2.954825624775968, 
       41.73131597738271
      ], 
      [
       2.913299210607874, 
       41.708102422203694
      ], 
      [
       2.888299863819823, 
       41.70152344883903
      ], 
      [
       2.854415933790484, 
       41.70006519376004
      ], 
      [
       2.817866231081555, 
       41.686778243706705
      ], 
      [
       2.794120100176215, 
       41.67391256856941
      ], 
      [
       2.779505115009547, 
       41.64912244170018
      ], 
      [
       2.759003259805408, 
       41.679428261483004
      ], 
      [
       2.775426265900593, 
       41.70053824325982
      ], 
      [
       2.76697051600381, 
       41.72598880971846
      ], 
      [
       2.77799277865842, 
       41.73578505179817
      ]
     ]
    ]
   }, 
   "type": "Feature", 
   "properties": {
    "Valor_PRP1": "20 mm", 
    "Nivel_PR": 3, 
    "Prb_TOTO": "40%-70%", 
    "Sev_TOTO": "Amarillo", 
    "TOTO": "Tormentas", 
    "Des_TOTO": "Pueden ir acompañadas de granizo, en general inferior a 2 cm.", 
    "N_avisos": 2, 
    "Identf_TOTO": "2.49.0.0.724.0.ES.20261007065351.691704TOTO07181791356031", 
    "Expire_PRP1": "2026-10-07T19:59:59+02:00", 
    "Code_TOTO": "2PR-3AM-07TOTO-1791367200-691704", 
    "PRP1": "Lluvias", 
    "Prb_PRP1": "40%-70%", 
    "Expire_TOTO": "2026-10-07T19:59:59+02:00", 
    "Des_PRP1": "Precipitación acumulada en una hora: 20 mm.", 
    "Code_PRP1": "2PR-3AM-01PRP1-1791367200-691704", 
    "Cer_TOTO": "Likely", 
    "Fen_avisos": [
     "PR ", 
     "TOTO "
    ], 
    "Ordn_avisos": [
     "2PR-3AM-01PRP1-1791367200-691704", 
     "2PR-3AM-07TOTO-1791367200-691704"
    ], 
    "Nivel_TOTO": 3, 
    "Onset_TOTO": "2026-10-07T12:00:00+02:00", 
    "COD_Z": "691704", 
    "Av_mayor": 3, 
    "Resum_PRP1": "Aviso de lluvias de nivel amarillo. Litoral sur de Girona", 
    "Cer_PRP1": "Likely", 
    "Onset_PRP1": "2026-10-07T12:00:00+02:00", 
    "Nivel_PRP1": 3, 
    "Identf_PRP1": "2.49.0.0.724.0.ES.20261007065351.691704PRP107181791356031", 
    "Sev_PRP1": "Amarillo", 
    "Nombre_zona": "Litoral sur de Girona", 
    "Resum_TOTO": "Aviso de tormentas de nivel amarillo. Litoral sur de Girona"
   }
  }, 
  {
   "geometry": {
    "type": "Polygon", 
    "coordinates": [
     [
      [
       -0.899839995242345, 
       42.74300245081538
      ], 
      [
       -0.899289317337886, 
       42.760749620297425
      ], 
      [
       -0.872064408507624, 
       42.759265262250864
      ], 
      [
       -0.846287549549975, 
       42.7862023477309
      ], 
      [
       -0.855522073935095, 
       42.84728280452419
      ], 
      [
       -0.813471240730898, 
       42.877192517922595
      ], 
      [
       -0.81784918663505, 
       42.9009488605929
      ], 
      [
       -0.781966783223352, 
       42.92200465891351
      ], 
      [
       -0.752228213662403, 
       42.924773949974764
      ], 
      [
       -0.726286132228454, 
       42.91953406204486
      ], 
      [
       -0.731795583319007, 
       42.898266934579084
      ], 
      [
       -0.697182716647282, 
       42.879233561093876
      ], 
      [
       -0.67751686511543, 
       42.88485105806407
      ], 
      [
       -0.66079885318172, 
       42.86487185979903
      ], 
      [
       -0.634759475197562, 
       42.85342321966126
      ], 
      [
       -0.618713384555657, 
       42.83817907332946
      ], 
      [
       -0.600896665793463, 
       42.83222417975108
      ], 
      [
       -0.59916203191332, 
       42.802770198281735
      ], 
      [
       -0.567977598626388, 
       42.80719027528846
      ], 
      [
       -0.568446274030424, 
       42.78368052599202
      ], 
      [
       -0.551920804919056, 
       42.78083399083719
      ], 
      [
       -0.542914438023019, 
       42.79312119751283
      ], 
      [
       -0.528465691668164, 
       42.79181958325195
      ], 
      [
       -0.524004947465571, 
       42.812307336311186
      ], 
      [
       -0.500040395645733, 
       42.82761608529284
      ], 
      [
       -0.477344484865456, 
       42.8099556053407
      ], 
      [
       -0.44371258999256, 
       42.79630595064463
      ], 
      [
       -0.415251748745766, 
       42.80678707987307
      ], 
      [
       -0.391319381775826, 
       42.80039115764177
      ], 
      [
       -0.364066112671663, 
       42.81616356160619
      ], 
      [
       -0.345266381343719, 
       42.83760944974515
      ], 
      [
       -0.305170268966537, 
       42.841588455446164
      ], 
      [
       -0.277754988901342, 
       42.83673446298166
      ], 
      [
       -0.271673277182172, 
       42.827585327106156
      ], 
      [
       -0.237221329116023, 
       42.81860975627276
      ], 
      [
       -0.236178101654739, 
       42.80798652781615
      ], 
      [
       -0.213304441495767, 
       42.79612235813812
      ], 
      [
       -0.197624189545079, 
       42.795973512456506
      ], 
      [
       -0.158294049747797, 
       42.780947838062524
      ], 
      [
       -0.139617860358242, 
       42.7681736608081
      ], 
      [
       -0.107901014613526, 
       42.73488899973644
      ], 
      [
       -0.105141445934244, 
       42.72122273335868
      ], 
      [
       -0.067519101530964, 
       42.7190942812563
      ], 
      [
       -0.060390632830942, 
       42.6949869793645
      ], 
      [
       -0.01335886477168, 
       42.68504408640126
      ], 
      [
       0.001942550024827, 
       42.68548113711999
      ], 
      [
       0.014231378553622, 
       42.70234725975331
      ], 
      [
       0.050284322105898, 
       42.69591736950415
      ], 
      [
       0.091045808860279, 
       42.71711798387093
      ], 
      [
       0.107093699921988, 
       42.71056951259077
      ], 
      [
       0.135304517025456, 
       42.71578777012324
      ], 
      [
       0.177319430594012, 
       42.737265134698454
      ], 
      [
       0.20715647438388, 
       42.729850662985
      ], 
      [
       0.227945484648685, 
       42.717650765676005
      ], 
      [
       0.260986040185215, 
       42.716443710397215
      ], 
      [
       0.277017747205502, 
       42.6883701778819
      ], 
      [
       0.296186821874728, 
       42.67364264857681
      ], 
      [
       0.322081039870317, 
       42.683460049545445
      ], 
      [
       0.326441221724601, 
       42.70650976875793
      ], 
      [
       0.347520185578853, 
       42.71221127898031
      ], 
      [
       0.361315432090626, 
       42.72447991990925
      ], 
      [
       0.375683511950687, 
       42.71471523691778
      ], 
      [
       0.394163194505431, 
       42.71346166157175
      ], 
      [
       0.39769986711203, 
       42.69460139588942
      ], 
      [
       0.437470548163685, 
       42.69000987636599
      ], 
      [
       0.47546723382759, 
       42.70031491089294
      ], 
      [
       0.518013143156508, 
       42.692171499060656
      ], 
      [
       0.526747613515587, 
       42.702428107422996
      ], 
      [
       0.578583429135149, 
       42.69397536516048
      ], 
      [
       0.598282876033979, 
       42.70578269527648
      ], 
      [
       0.617399868021721, 
       42.69610390282507
      ], 
      [
       0.661277239889618, 
       42.69125948220697
      ], 
      [
       0.676994749979589, 
       42.67137018470591
      ], 
      [
       0.696868050311354, 
       42.65878164479278
      ], 
      [
       0.709743104426428, 
       42.620945082664115
      ], 
      [
       0.739419830610323, 
       42.61264984640208
      ], 
      [
       0.769045595617391, 
       42.610102015762784
      ], 
      [
       0.759884436935213, 
       42.57253350560225
      ], 
      [
       0.751005514345227, 
       42.55307053434555
      ], 
      [
       0.72692458449838, 
       42.53275233720676
      ], 
      [
       0.721475152298274, 
       42.513373240088846
      ], 
      [
       0.734353251424195, 
       42.5046251358483
      ], 
      [
       0.714515689485172, 
       42.487542010012575
      ], 
      [
       0.699184500144648, 
       42.48666995971545
      ], 
      [
       0.71134772505618, 
       42.436673404033506
      ], 
      [
       0.73556941534485, 
       42.41718427224258
      ], 
      [
       0.747301051508781, 
       42.3850618173633
      ], 
      [
       0.735473492171926, 
       42.371798275102776
      ], 
      [
       0.760380478847056, 
       42.348652984774006
      ], 
      [
       0.74156316371191, 
       42.337159032815514
      ], 
      [
       0.760387190550084, 
       42.32618773280223
      ], 
      [
       0.757821059634014, 
       42.30959649526254
      ], 
      [
       0.746032292964067, 
       42.301464913799045
      ], 
      [
       0.735250561244292, 
       42.25002552034788
      ], 
      [
       0.721270804185451, 
       42.23077051079764
      ], 
      [
       0.699791276752273, 
       42.17296602768739
      ], 
      [
       0.697036375957665, 
       42.15229118150211
      ], 
      [
       0.703635669700509, 
       42.12022998104497
      ], 
      [
       0.696752176579685, 
       42.09941824183026
      ], 
      [
       0.680435482624311, 
       42.07633410357772
      ], 
      [
       0.670016706134958, 
       42.06145086061357
      ], 
      [
       0.667219707572091, 
       42.04205492486432
      ], 
      [
       0.652909796716693, 
       42.02654706333503
      ], 
      [
       0.657927343653283, 
       42.00118368491415
      ], 
      [
       0.62497169938911, 
       41.992064472846074
      ], 
      [
       0.610607667196393, 
       41.96837669315425
      ], 
      [
       0.593797673068998, 
       41.9691929735738
      ], 
      [
       0.578433583591712, 
       41.95533827710719
      ], 
      [
       0.569375800557122, 
       41.966597159573375
      ], 
      [
       0.546333663075221, 
       41.974038574284315
      ], 
      [
       0.516147819969267, 
       41.97392370629096
      ], 
      [
       0.501636561420625, 
       41.965219092476524
      ], 
      [
       0.47214231206719, 
       41.970204105815384
      ], 
      [
       0.474469807999774, 
       41.99434707423238
      ], 
      [
       0.436742482207544, 
       42.02605491323932
      ], 
      [
       0.42949949744343, 
       42.0445151878599
      ], 
      [
       0.409615100035561, 
       42.067079611492254
      ], 
      [
       0.346266479639921, 
       42.057888594752434
      ], 
      [
       0.344494472802615, 
       42.068088582040616
      ], 
      [
       0.31501790123549, 
       42.06389312790998
      ], 
      [
       0.304464879193763, 
       42.08337783196801
      ], 
      [
       0.311054871236331, 
       42.10222357325071
      ], 
      [
       0.307524506674766, 
       42.121748560868944
      ], 
      [
       0.326086088858645, 
       42.133898945859656
      ], 
      [
       0.329548957321827, 
       42.158173877144186
      ], 
      [
       0.297010919829473, 
       42.16898365354183
      ], 
      [
       0.297146688660843, 
       42.20417871504522
      ], 
      [
       0.284819764356555, 
       42.22593663089608
      ], 
      [
       0.261131714347098, 
       42.23999408635901
      ], 
      [
       0.228653143030871, 
       42.24493895951252
      ], 
      [
       0.229223585955674, 
       42.22263648440854
      ], 
      [
       0.203117226662043, 
       42.223135116299034
      ], 
      [
       0.188410107432243, 
       42.21664772499127
      ], 
      [
       0.153605910058183, 
       42.23996044773484
      ], 
      [
       0.126212499979602, 
       42.235173215739145
      ], 
      [
       0.096746565986037, 
       42.24786854112311
      ], 
      [
       0.110501337987812, 
       42.275194360651234
      ], 
      [
       0.094673770700467, 
       42.2864915926465
      ], 
      [
       0.099200808928651, 
       42.307323031509654
      ], 
      [
       0.073964014875738, 
       42.30101535128203
      ], 
      [
       0.049143291703598, 
       42.28412848874775
      ], 
      [
       0.03832973771788, 
       42.303109506663496
      ], 
      [
       0.012001443911911, 
       42.29689808407967
      ], 
      [
       0.000858815941588, 
       42.27707389422951
      ], 
      [
       0.006185777962725, 
       42.26186030580374
      ], 
      [
       -0.037151845189581, 
       42.264717989134255
      ], 
      [
       -0.028775998411865, 
       42.27990828091115
      ], 
      [
       -0.041273442117116, 
       42.28725539136411
      ], 
      [
       -0.035697413569998, 
       42.31562029534541
      ], 
      [
       -0.053771944592118, 
       42.33492441790645
      ], 
      [
       -0.061509279451984, 
       42.36057045342036
      ], 
      [
       -0.092095040036779, 
       42.33581350598677
      ], 
      [
       -0.135587412307381, 
       42.30788669985568
      ], 
      [
       -0.166328876331443, 
       42.2940992623251
      ], 
      [
       -0.16312912692772, 
       42.31186768255099
      ], 
      [
       -0.148412658096934, 
       42.33441960124732
      ], 
      [
       -0.174858963158433, 
       42.33115768530003
      ], 
      [
       -0.164652448405572, 
       42.313877446103795
      ], 
      [
       -0.167322974240072, 
       42.29897745648266
      ], 
      [
       -0.221415252308648, 
       42.30602901155501
      ], 
      [
       -0.234702414191982, 
       42.338623892154835
      ], 
      [
       -0.261954809070051, 
       42.34301541416195
      ], 
      [
       -0.270621657102076, 
       42.32758973263069
      ], 
      [
       -0.293721108067981, 
       42.32434657887599
      ], 
      [
       -0.304706479449586, 
       42.343866998977866
      ], 
      [
       -0.334447799795023, 
       42.35014580903941
      ], 
      [
       -0.362368895613803, 
       42.347550197327394
      ], 
      [
       -0.370872091155077, 
       42.32878121364224
      ], 
      [
       -0.393917769299691, 
       42.327317566247956
      ], 
      [
       -0.396294781627093, 
       42.33852875746514
      ], 
      [
       -0.465277819146983, 
       42.33993139194738
      ], 
      [
       -0.520149795847051, 
       42.35516186028109
      ], 
      [
       -0.552574891670177, 
       42.38057779918792
      ], 
      [
       -0.578977323460842, 
       42.391710605972975
      ], 
      [
       -0.609313410102191, 
       42.38269419739848
      ], 
      [
       -0.651667186642978, 
       42.38629858929201
      ], 
      [
       -0.674734709599158, 
       42.39912397888483
      ], 
      [
       -0.655282126583571, 
       42.40958763380098
      ], 
      [
       -0.646474154542762, 
       42.42707488553258
      ], 
      [
       -0.658839059328836, 
       42.4478776319762
      ], 
      [
       -0.680482785210467, 
       42.46959666870346
      ], 
      [
       -0.682213678573397, 
       42.505399348872075
      ], 
      [
       -0.701092385441314, 
       42.50698646478993
      ], 
      [
       -0.712692748629369, 
       42.47255860694458
      ], 
      [
       -0.730423683506429, 
       42.45449602849196
      ], 
      [
       -0.748901703157293, 
       42.452960539745796
      ], 
      [
       -0.777802874341314, 
       42.46268290035214
      ], 
      [
       -0.795318714018191, 
       42.45290865029619
      ], 
      [
       -0.820400545710961, 
       42.458647525752376
      ], 
      [
       -0.821575515327348, 
       42.441596255227026
      ], 
      [
       -0.838140628046203, 
       42.426574328251114
      ], 
      [
       -0.848411027221215, 
       42.44364322087443
      ], 
      [
       -0.880654943997671, 
       42.457346622259976
      ], 
      [
       -0.876002409995061, 
       42.466904910247756
      ], 
      [
       -0.895775036145129, 
       42.479372605615005
      ], 
      [
       -0.891748688024342, 
       42.51014087505184
      ], 
      [
       -0.912007238587012, 
       42.50412735131911
      ], 
      [
       -0.93217892202975, 
       42.50616818264091
      ], 
      [
       -0.915202059267536, 
       42.53761219330105
      ], 
      [
       -0.897015975273684, 
       42.53925184029461
      ], 
      [
       -0.898100540075274, 
       42.5602713551733
      ], 
      [
       -0.917356825630177, 
       42.55557132449469
      ], 
      [
       -0.923544024296498, 
       42.58825459825933
      ], 
      [
       -0.907425073629692, 
       42.58741191687375
      ], 
      [
       -0.903415262254182, 
       42.613227701739696
      ], 
      [
       -0.910054327782654, 
       42.63379013918508
      ], 
      [
       -0.926396977428276, 
       42.65652735105661
      ], 
      [
       -0.900902013955773, 
       42.657170415204035
      ], 
      [
       -0.885811199487862, 
       42.66939146208909
      ], 
      [
       -0.878876652821903, 
       42.69424249223049
      ], 
      [
       -0.901464104731934, 
       42.70245686142939
      ], 
      [
       -0.905599074411074, 
       42.72689044298331
      ], 
      [
       -0.899839995242345, 
       42.74300245081538
      ]
     ]
    ]
   }, 
   "type": "Feature", 
   "properties": {
    "Valor_PRP1": "20 mm", 
    "Nivel_PR": 3, 
    "Prb_TOTO": "40%-70%", 
    "Sev_TOTO": "Amarillo", 
    "TOTO": "Tormentas", 
    "Des_TOTO": "Pueden ir acompañadas de granizo menudo.", 
    "N_avisos": 2, 
    "Identf_TOTO": "2.49.0.0.724.0.ES.20261007065351.622201TOTO07181791356031", 
    "Expire_PRP1": "2026-10-07T19:59:59+02:00", 
    "Code_TOTO": "2PR-3AM-07TOTO-1791352800-622201", 
    "PRP2": "Lluvias", 
    "PRP1": "Lluvias", 
    "Prb_PRP1": "40%-70%", 
    "Prb_PRP2": "40%-70%", 
    "Expire_TOTO": "2026-10-07T19:59:59+02:00", 
    "Des_PRP1": "Precipitación acumulada en una hora: 20 mm.", 
    "Des_PRP2": "Precipitación acumulada en 12 horas: 60 mm.", 
    "Code_PRP1": "2PR-3AM-01PRP1-1791320400-622201", 
    "Code_PRP2": "2PR-3AM-02PRP2-1791288000-622201", 
    "Cer_TOTO": "Likely", 
    "Fen_avisos": [
     "PR ", 
     "TOTO "
    ], 
    "Expire_PRP2": "2026-10-07T19:59:59+02:00", 
    "Nivel_TOTO": 3, 
    "Onset_TOTO": "2026-10-07T08:00:00+02:00", 
    "COD_Z": "622201", 
    "Av_mayor": 3, 
    "Resum_PRP2": "Aviso de lluvias de nivel amarillo. Pirineo oscense", 
    "Resum_PRP1": "Aviso de lluvias de nivel amarillo. Pirineo oscense", 
    "Cer_PRP2": "Likely", 
    "Cer_PRP1": "Likely", 
    "Onset_PRP1": "2026-10-06T23:00:00+02:00", 
    "Nivel_PRP2": 3, 
    "Nivel_PRP1": 3, 
    "Valor_PRP2": "60 mm", 
    "Sev_PRP2": "Amarillo", 
    "Identf_PRP2": "2.49.0.0.724.0.ES.20261006091405.622201PRP207181791278045", 
    "Ordn_avisos": [
     "2PR-3AM-01PRP1-1791320400-622201", 
     "2PR-3AM-02PRP2-1791288000-622201", 
     "2PR-3AM-07TOTO-1791352800-622201"
    ], 
    "Identf_PRP1": "2.49.0.0.724.0.ES.20261006211430.622201PRP107181791321270", 
    "Sev_PRP1": "Amarillo", 
    "Nombre_zona": "Pirineo oscense", 
    "Resum_TOTO": "Aviso de tormentas de nivel amarillo. Pirineo oscense", 
    "Onset_PRP2": "2026-10-06T14:00:00+02:00"
   }
  }, 
  {
   "geometry": {
    "type": "Polygon", 
    "coordinates": [
     [
      [
       -2.411530701396661, 
       43.321410363224324
      ], 
      [
       -2.409046363275371, 
       43.32197382666917
      ], 
      [
       -2.410180766077701, 
       43.324545895501906
      ], 
      [
       -2.356319124885325, 
       43.30252815579915
      ], 
      [
       -2.354386387728482, 
       43.29992402847396
      ], 
      [
       -2.283740490236942, 
       43.29504632649853
      ], 
      [
       -2.266377245851174, 
       43.299672528779496
      ], 
      [
       -2.267176576640975, 
       43.30086621748645
      ], 
      [
       -2.214415743476858, 
       43.30907005427939
      ], 
      [
       -2.176709617088555, 
       43.28808603185179
      ], 
      [
       -2.14002696664183, 
       43.29338075047198
      ], 
      [
       -2.125996233602977, 
       43.28925849033748
      ], 
      [
       -2.110985646760304, 
       43.3000739799148
      ], 
      [
       -2.043598418236338, 
       43.317403736262
      ], 
      [
       -2.012496371292571, 
       43.3212813553282
      ], 
      [
       -1.990491296534851, 
       43.316289992522606
      ], 
      [
       -1.960850293612637, 
       43.338471960592585
      ], 
      [
       -1.915283534348829, 
       43.33693232371562
      ], 
      [
       -1.882112182520423, 
       43.349731932330364
      ], 
      [
       -1.864014765452916, 
       43.37272119644843
      ], 
      [
       -1.826779487065958, 
       43.3846988445012
      ], 
      [
       -1.796619302208522, 
       43.38159415918886
      ], 
      [
       -1.791093392398774, 
       43.36769658990188
      ], 
      [
       -1.788053887008756, 
       43.35360900392517
      ], 
      [
       -1.771591981886666, 
       43.343285706386325
      ], 
      [
       -1.755757171006213, 
       43.34420401275875
      ], 
      [
       -1.73529324813189, 
       43.31966834469574
      ], 
      [
       -1.727627030886819, 
       43.2964065615173
      ], 
      [
       -1.78196775047133, 
       43.287093584329085
      ], 
      [
       -1.792637121349828, 
       43.27673479889527
      ], 
      [
       -1.793701029536624, 
       43.24720305520361
      ], 
      [
       -1.817990515524118, 
       43.23896559909794
      ], 
      [
       -1.82427436552819, 
       43.228576363468356
      ], 
      [
       -1.86195414085955, 
       43.21603624246199
      ], 
      [
       -1.872593589378894, 
       43.220580739100285
      ], 
      [
       -1.901679260753536, 
       43.211436157849526
      ], 
      [
       -1.920772861514404, 
       43.18699091844124
      ], 
      [
       -1.919644301884343, 
       43.17283434203578
      ], 
      [
       -1.946608420333229, 
       43.18233333988562
      ], 
      [
       -1.964932713054785, 
       43.19527785123726
      ], 
      [
       -2.000467427527562, 
       43.185995158597265
      ], 
      [
       -2.042275488654795, 
       43.20995334401665
      ], 
      [
       -2.054203173046947, 
       43.23071761103036
      ], 
      [
       -2.080801457694549, 
       43.243054292380265
      ], 
      [
       -2.09852217395551, 
       43.230742303486615
      ], 
      [
       -2.127004526503687, 
       43.22389478848196
      ], 
      [
       -2.157416853077454, 
       43.19533576633175
      ], 
      [
       -2.180058660443502, 
       43.207548199986576
      ], 
      [
       -2.193196847077052, 
       43.19792584634217
      ], 
      [
       -2.230937550914364, 
       43.20634379497791
      ], 
      [
       -2.256447313380773, 
       43.22522360103906
      ], 
      [
       -2.277316767360701, 
       43.215974760233124
      ], 
      [
       -2.29952934340305, 
       43.21358268767671
      ], 
      [
       -2.346155539198383, 
       43.23964728579096
      ], 
      [
       -2.347741203838981, 
       43.24802140171374
      ], 
      [
       -2.374570970181269, 
       43.27075415612118
      ], 
      [
       -2.416778363956959, 
       43.26787064905527
      ], 
      [
       -2.438793516866993, 
       43.28842961190564
      ], 
      [
       -2.436142985773625, 
       43.29914970863952
      ], 
      [
       -2.411530701396661, 
       43.321410363224324
      ]
     ]
    ]
   }, 
   "type": "Feature", 
   "properties": {
    "Valor_PRP1": "15 mm", 
    "Nivel_PR": 3, 
    "Prb_TOTO": "40%-70%", 
    "Sev_TOTO": "Amarillo", 
    "TOTO": "Tormentas", 
    "Des_TOTO": "Podrán ir acompañadas de granizo.", 
    "N_avisos": 2, 
    "Identf_TOTO": "2.49.0.0.724.0.ES.20261006165621.752001TOTO07221791305781", 
    "Expire_PRP1": "2026-10-07T23:59:59+02:00", 
    "Code_TOTO": "2PR-3AM-07TOTO-1791378000-752001", 
    "PRP2": "Lluvias", 
    "PRP1": "Lluvias", 
    "Prb_PRP1": "40%-70%", 
    "Prb_PRP2": "40%-70%", 
    "Expire_TOTO": "2026-10-07T23:59:59+02:00", 
    "Des_PRP1": "Precipitación acumulada en una hora: 15 mm. No se descarta que vayan acompañadas de tormentas.", 
    "Des_PRP2": "Precipitación acumulada en 12 horas: 40 mm.", 
    "Code_PRP1": "2PR-3AM-01PRP1-1791378000-752001", 
    "Code_PRP2": "2PR-3AM-02PRP2-1791367200-752001", 
    "Cer_TOTO": "Likely", 
    "Fen_avisos": [
     "PR ", 
     "TOTO "
    ], 
    "Expire_PRP2": "2026-10-08T05:59:59+02:00", 
    "Nivel_TOTO": 3, 
    "Onset_TOTO": "2026-10-07T15:00:00+02:00", 
    "COD_Z": "752001", 
    "Av_mayor": 3, 
    "Resum_PRP2": "Aviso de lluvias de nivel amarillo. Gipuzkoa litoral", 
    "Resum_PRP1": "Aviso de lluvias de nivel amarillo. Gipuzkoa litoral", 
    "Cer_PRP2": "Likely", 
    "Cer_PRP1": "Likely", 
    "Onset_PRP1": "2026-10-07T15:00:00+02:00", 
    "Nivel_PRP2": 3, 
    "Nivel_PRP1": 3, 
    "Valor_PRP2": "40 mm", 
    "Sev_PRP2": "Amarillo", 
    "Identf_PRP2": "2.49.0.0.724.0.ES.20261007092938.752001PRP208041791365378", 
    "Ordn_avisos": [
     "2PR-3AM-01PRP1-1791378000-752001", 
     "2PR-3AM-02PRP2-1791367200-752001", 
     "2PR-3AM-07TOTO-1791378000-752001"
    ], 
    "Identf_PRP1": "2.49.0.0.724.0.ES.20261006092040.752001PRP107221791278440", 
    "Sev_PRP1": "Amarillo", 
    "Nombre_zona": "Gipuzkoa litoral", 
    "Resum_TOTO": "Aviso de tormentas de nivel amarillo. Gipuzkoa litoral", 
    "Onset_PRP2": "2026-10-07T12:00:00+02:00"
   }
  }, 
  {
   "geometry": {
    "type": "Polygon", 
    "coordinates": [
     [
      [
       -2.545359874220406, 
       43.088454105964686
      ], 
      [
       -2.503872336709255, 
       43.097349412273
      ], 
      [
       -2.494931588124563, 
       43.12368476504881
      ], 
      [
       -2.506600325040054, 
       43.16615608696514
      ], 
      [
       -2.491186475693135, 
       43.18099102178021
      ], 
      [
       -2.485598527063277, 
       43.20171233308102
      ], 
      [
       -2.497993409524407, 
       43.212203547722325
      ], 
      [
       -2.49283195924068, 
       43.22596656054925
      ], 
      [
       -2.461969394445688, 
       43.22373654722407
      ], 
      [
       -2.435508537795156, 
       43.24376988698088
      ], 
      [
       -2.437722881039316, 
       43.252100837133845
      ], 
      [
       -2.416778363956959, 
       43.26787064905527
      ], 
      [
       -2.374570970181269, 
       43.27075415612118
      ], 
      [
       -2.347741203838981, 
       43.24802140171374
      ], 
      [
       -2.346155539198383, 
       43.23964728579096
      ], 
      [
       -2.29952934340305, 
       43.21358268767671
      ], 
      [
       -2.277316767360701, 
       43.215974760233124
      ], 
      [
       -2.256447313380773, 
       43.22522360103906
      ], 
      [
       -2.230937550914364, 
       43.20634379497791
      ], 
      [
       -2.193196847077052, 
       43.19792584634217
      ], 
      [
       -2.180058660443502, 
       43.207548199986576
      ], 
      [
       -2.157416853077454, 
       43.19533576633175
      ], 
      [
       -2.127004526503687, 
       43.22389478848196
      ], 
      [
       -2.09852217395551, 
       43.230742303486615
      ], 
      [
       -2.080801457694549, 
       43.243054292380265
      ], 
      [
       -2.054203173046947, 
       43.23071761103036
      ], 
      [
       -2.042275488654795, 
       43.20995334401665
      ], 
      [
       -2.000467427527562, 
       43.185995158597265
      ], 
      [
       -1.964932713054785, 
       43.19527785123726
      ], 
      [
       -1.946608420333229, 
       43.18233333988562
      ], 
      [
       -1.919644301884343, 
       43.17283434203578
      ], 
      [
       -1.915068749800072, 
       43.12828203860279
      ], 
      [
       -1.94625242503434, 
       43.0978050722523
      ], 
      [
       -1.963712499395037, 
       43.09565937676381
      ], 
      [
       -1.977529609703165, 
       43.08198870086766
      ], 
      [
       -2.01108208154449, 
       43.073369065635205
      ], 
      [
       -2.021549818273473, 
       43.06547197704616
      ], 
      [
       -2.019166831065661, 
       43.047010124355836
      ], 
      [
       -2.040119978486123, 
       43.029979921147735
      ], 
      [
       -2.027032171542936, 
       42.99911841177125
      ], 
      [
       -2.037063834560351, 
       42.981274860036145
      ], 
      [
       -2.09395987268137, 
       42.97283371335919
      ], 
      [
       -2.097320434517139, 
       42.9602175738314
      ], 
      [
       -2.116356286576636, 
       42.94252762153833
      ], 
      [
       -2.155773408576083, 
       42.9425729942865
      ], 
      [
       -2.178738830684072, 
       42.93824666501106
      ], 
      [
       -2.193008652496525, 
       42.9501444688039
      ], 
      [
       -2.208980579859205, 
       42.950192926676195
      ], 
      [
       -2.219047681016573, 
       42.93346805474173
      ], 
      [
       -2.236545651743954, 
       42.92173571326151
      ], 
      [
       -2.236480113533543, 
       42.896278482530434
      ], 
      [
       -2.249502547316248, 
       42.89601340433628
      ], 
      [
       -2.288263940349247, 
       42.902591398550385
      ], 
      [
       -2.301041824203408, 
       42.92623590079426
      ], 
      [
       -2.312980742432821, 
       42.92698354153559
      ], 
      [
       -2.362229393903626, 
       42.94707919848162
      ], 
      [
       -2.408613541773741, 
       42.95978192237418
      ], 
      [
       -2.452810625254171, 
       42.957138200777926
      ], 
      [
       -2.477670205878325, 
       42.96620513963575
      ], 
      [
       -2.505479787519843, 
       42.96136700466175
      ], 
      [
       -2.534016482702964, 
       42.97372429130987
      ], 
      [
       -2.549870293488768, 
       42.95890275431129
      ], 
      [
       -2.579734302924559, 
       42.96453626268994
      ], 
      [
       -2.595511264130397, 
       42.97625435130482
      ], 
      [
       -2.599651014372562, 
       43.00164442403609
      ], 
      [
       -2.56213352147478, 
       43.018940259848584
      ], 
      [
       -2.548294696545625, 
       43.02006609962331
      ], 
      [
       -2.528946140555284, 
       43.045120281004294
      ], 
      [
       -2.539551527927685, 
       43.06346097146312
      ], 
      [
       -2.545359874220406, 
       43.088454105964686
      ]
     ]
    ]
   }, 
   "type": "Feature", 
   "properties": {
    "Valor_PRP1": "15 mm", 
    "Nivel_PR": 3, 
    "Valor_PRP2": "40 mm", 
    "PRP1": "Lluvias", 
    "Expire_PRP1": "2026-10-07T23:59:59+02:00", 
    "PRP2": "Lluvias", 
    "Nombre_zona": "Gipuzkoa interior", 
    "Prb_PRP1": "40%-70%", 
    "Prb_PRP2": "40%-70%", 
    "Expire_PRP2": "2026-10-07T23:59:59+02:00", 
    "Des_PRP1": "Precipitación acumulada en una hora: 15 mm. No se descarta que vayan acompañadas de tormentas.", 
    "Des_PRP2": "Precipitación acumulada en 12 horas: 40 mm.", 
    "Code_PRP1": "2PR-3AM-01PRP1-1791378000-752002", 
    "Code_PRP2": "2PR-3AM-02PRP2-1791367200-752002", 
    "Fen_avisos": [
     "PR "
    ], 
    "Ordn_avisos": [
     "2PR-3AM-01PRP1-1791378000-752002", 
     "2PR-3AM-02PRP2-1791367200-752002"
    ], 
    "N_avisos": 1, 
    "COD_Z": "752002", 
    "Av_mayor": 3, 
    "Resum_PRP2": "Aviso de lluvias de nivel amarillo. Gipuzkoa interior", 
    "Resum_PRP1": "Aviso de lluvias de nivel amarillo. Gipuzkoa interior", 
    "Cer_PRP2": "Likely", 
    "Cer_PRP1": "Likely", 
    "Nivel_PRP2": 3, 
    "Nivel_PRP1": 3, 
    "Sev_PRP2": "Amarillo", 
    "Identf_PRP2": "2.49.0.0.724.0.ES.20261006092040.752002PRP207221791278440", 
    "Identf_PRP1": "2.49.0.0.724.0.ES.20261006092040.752002PRP107221791278440", 
    "Sev_PRP1": "Amarillo", 
    "Onset_PRP1": "2026-10-07T15:00:00+02:00", 
    "Onset_PRP2": "2026-10-07T12:00:00+02:00"
   }
  }, 
  {
   "geometry": {
    "type": "Polygon", 
    "coordinates": [
     [
      [
       -4.839645415066653, 
       43.18105245966811
      ], 
      [
       -4.817665608661317, 
       43.179233871107016
      ], 
      [
       -4.777233715108298, 
       43.1923131146125
      ], 
      [
       -4.744433077825625, 
       43.18439014456305
      ], 
      [
       -4.732783459136435, 
       43.19014985407927
      ], 
      [
       -4.734703046123039, 
       43.20925471187868
      ], 
      [
       -4.720286269024367, 
       43.22975891088497
      ], 
      [
       -4.724330722525856, 
       43.25658441036981
      ], 
      [
       -4.70351493372833, 
       43.26555835920319
      ], 
      [
       -4.6585703568866, 
       43.26476036400601
      ], 
      [
       -4.634836568451701, 
       43.27107186253046
      ], 
      [
       -4.622537418699475, 
       43.288634002868335
      ], 
      [
       -4.597790811321593, 
       43.29913008290918
      ], 
      [
       -4.549509944905781, 
       43.284874634139044
      ], 
      [
       -4.546407388571003, 
       43.26895226158172
      ], 
      [
       -4.526311939123588, 
       43.232025875670104
      ], 
      [
       -4.523752459395859, 
       43.19601597438421
      ], 
      [
       -4.51082966092587, 
       43.1725601126859
      ], 
      [
       -4.46299537252006, 
       43.14721336334897
      ], 
      [
       -4.48257653887333, 
       43.12345082346677
      ], 
      [
       -4.465815019993302, 
       43.113906037985906
      ], 
      [
       -4.472125871962225, 
       43.089531043362804
      ], 
      [
       -4.461738125881158, 
       43.06033665718144
      ], 
      [
       -4.474353697651348, 
       43.03897817463897
      ], 
      [
       -4.494491213424529, 
       43.03868991037298
      ], 
      [
       -4.519570415774485, 
       43.0476431835048
      ], 
      [
       -4.557085779785142, 
       43.01979215248653
      ], 
      [
       -4.589242593213086, 
       43.026148447455114
      ], 
      [
       -4.604719164121387, 
       43.03604449013538
      ], 
      [
       -4.636765269124138, 
       43.016951245003014
      ], 
      [
       -4.681052573559574, 
       43.02595295855657
      ], 
      [
       -4.707446144244627, 
       43.02530100039157
      ], 
      [
       -4.71833632999661, 
       43.01752918455132
      ], 
      [
       -4.735633810884618, 
       43.02126608738372
      ], 
      [
       -4.73284565435712, 
       43.04734922390286
      ], 
      [
       -4.742613880825949, 
       43.05672753738798
      ], 
      [
       -4.764742109794148, 
       43.05591111079772
      ], 
      [
       -4.765125189981147, 
       43.074823439150286
      ], 
      [
       -4.815528215660835, 
       43.092934787105385
      ], 
      [
       -4.83143011360189, 
       43.10293723585054
      ], 
      [
       -4.842476018575395, 
       43.14629558207567
      ], 
      [
       -4.833189431206914, 
       43.15773612754229
      ], 
      [
       -4.839645415066653, 
       43.18105245966811
      ]
     ]
    ]
   }, 
   "type": "Feature", 
   "properties": {
    "Valor_PRP1": "15 mm", 
    "Nivel_PR": 3, 
    "Valor_PRP2": "40 mm", 
    "PRP1": "Lluvias", 
    "Expire_PRP1": "2026-10-07T20:59:59+02:00", 
    "PRP2": "Lluvias", 
    "Nombre_zona": "Liébana", 
    "Prb_PRP1": "40%-70%", 
    "Prb_PRP2": "40%-70%", 
    "Expire_PRP2": "2026-10-07T23:59:59+02:00", 
    "Des_PRP1": "Precipitación acumulada en una hora: 15 mm. No se descarta que vayan acompañadas de tormentas.", 
    "Des_PRP2": "Precipitación acumulada en 12 horas: 40 mm. Podrán acumularse entre 60 y 80 litros en la zona norte, en el entorno de Treviso y Fuente Dé.", 
    "Code_PRP1": "2PR-3AM-01PRP1-1791367200-663902", 
    "Code_PRP2": "2PR-3AM-02PRP2-1791345600-663902", 
    "Fen_avisos": [
     "PR "
    ], 
    "Ordn_avisos": [
     "2PR-3AM-01PRP1-1791367200-663902", 
     "2PR-3AM-02PRP2-1791345600-663902"
    ], 
    "N_avisos": 1, 
    "COD_Z": "663902", 
    "Av_mayor": 3, 
    "Resum_PRP2": "Aviso de lluvias de nivel amarillo. Liébana", 
    "Resum_PRP1": "Aviso de lluvias de nivel amarillo. Liébana", 
    "Cer_PRP2": "Likely", 
    "Cer_PRP1": "Likely", 
    "Nivel_PRP2": 3, 
    "Nivel_PRP1": 3, 
    "Sev_PRP2": "Amarillo", 
    "Identf_PRP2": "2.49.0.0.724.0.ES.20261006165621.663902PRP207221791305781", 
    "Identf_PRP1": "2.49.0.0.724.0.ES.20261006092040.663902PRP107191791278440", 
    "Sev_PRP1": "Amarillo", 
    "Onset_PRP1": "2026-10-07T12:00:00+02:00", 
    "Onset_PRP2": "2026-10-07T06:00:00+02:00"
   }
  }, 
  {
   "geometry": {
    "type": "MultiPolygon", 
    "coordinates": [
     [
      [
       [
        -4.546407388571003, 
        43.26895226158172
       ], 
       [
        -4.520348099910118, 
        43.280890024922236
       ], 
       [
        -4.494667636404657, 
        43.28002198621946
       ], 
       [
        -4.454916286838363, 
        43.294247951283864
       ], 
       [
        -4.409857960152767, 
        43.3010521960003
       ], 
       [
        -4.39050981008569, 
        43.2932663765276
       ], 
       [
        -4.389767588494601, 
        43.27799530178461
       ], 
       [
        -4.36362816931369, 
        43.27299747824977
       ], 
       [
        -4.322386783797595, 
        43.272563337730055
       ], 
       [
        -4.238302093366506, 
        43.27769160863036
       ], 
       [
        -4.227418444737014, 
        43.29353929728249
       ], 
       [
        -4.21178381955006, 
        43.301404616426154
       ], 
       [
        -4.191194872943232, 
        43.32222249240162
       ], 
       [
        -4.145127856245848, 
        43.32462894358201
       ], 
       [
        -4.136902970199732, 
        43.33197737054549
       ], 
       [
        -4.112162536698074, 
        43.324711163944556
       ], 
       [
        -4.127404104734867, 
        43.303239993791564
       ], 
       [
        -4.106787658513256, 
        43.29223110801052
       ], 
       [
        -4.072811016340055, 
        43.30040654747984
       ], 
       [
        -4.012156507401353, 
        43.30419192996314
       ], 
       [
        -4.004354289978678, 
        43.33127334365037
       ], 
       [
        -3.950353825258781, 
        43.33210399761086
       ], 
       [
        -3.960227300101364, 
        43.30583726488738
       ], 
       [
        -3.930131440549577, 
        43.29212038628066
       ], 
       [
        -3.92505350422849, 
        43.30436233193424
       ], 
       [
        -3.89657807207975, 
        43.309739525379435
       ], 
       [
        -3.884393669125941, 
        43.3325520489452
       ], 
       [
        -3.853990391948047, 
        43.335358317223125
       ], 
       [
        -3.802737741615549, 
        43.297992760500954
       ], 
       [
        -3.765288636388469, 
        43.29235165731954
       ], 
       [
        -3.738814244007161, 
        43.30995800485627
       ], 
       [
        -3.708587995999626, 
        43.31700150051033
       ], 
       [
        -3.67369693399622, 
        43.302094172791776
       ], 
       [
        -3.647909999193147, 
        43.301396750614266
       ], 
       [
        -3.606959366961493, 
        43.33536936526162
       ], 
       [
        -3.573105872504341, 
        43.344044007831855
       ], 
       [
        -3.554947406974676, 
        43.31175426480535
       ], 
       [
        -3.505416954151217, 
        43.301610914172166
       ], 
       [
        -3.472393856505329, 
        43.303922103559955
       ], 
       [
        -3.472320518901835, 
        43.31515075439833
       ], 
       [
        -3.442951385366804, 
        43.35648971765761
       ], 
       [
        -3.430730036130431, 
        43.354051233297284
       ], 
       [
        -3.387721785114522, 
        43.36285817426843
       ], 
       [
        -3.370542263809886, 
        43.35666619814846
       ], 
       [
        -3.331805802367025, 
        43.38807473125905
       ], 
       [
        -3.297450736607606, 
        43.376382767832595
       ], 
       [
        -3.27868220366341, 
        43.358934863682514
       ], 
       [
        -3.277952050394672, 
        43.33684923867694
       ], 
       [
        -3.241063820458206, 
        43.32337250490077
       ], 
       [
        -3.223918056982644, 
        43.30920758722339
       ], 
       [
        -3.217070061841576, 
        43.28709717083419
       ], 
       [
        -3.26732153249083, 
        43.29533778457266
       ], 
       [
        -3.289809186816649, 
        43.290636786670525
       ], 
       [
        -3.293631094553606, 
        43.301027031020546
       ], 
       [
        -3.322374597201873, 
        43.29272868907453
       ], 
       [
        -3.338812627079597, 
        43.27830125589673
       ], 
       [
        -3.381677807496757, 
        43.270764682318536
       ], 
       [
        -3.390374285017038, 
        43.25290668273054
       ], 
       [
        -3.429055590136575, 
        43.24236806979239
       ], 
       [
        -3.442563471045689, 
        43.22144437997717
       ], 
       [
        -3.431639012663569, 
        43.207024987935505
       ], 
       [
        -3.432137935753219, 
        43.171320339086684
       ], 
       [
        -3.416332159468983, 
        43.13370395447516
       ], 
       [
        -3.443441137781836, 
        43.131810194956195
       ], 
       [
        -3.459029068974234, 
        43.13653014552842
       ], 
       [
        -3.485649771037048, 
        43.133538792024154
       ], 
       [
        -3.507119524250717, 
        43.1368583781893
       ], 
       [
        -3.542387222632537, 
        43.14843855673877
       ], 
       [
        -3.584260432072435, 
        43.154778684253436
       ], 
       [
        -3.602218617402908, 
        43.14991317329758
       ], 
       [
        -3.611123833822654, 
        43.16979293413977
       ], 
       [
        -3.648840873427983, 
        43.181282070236136
       ], 
       [
        -3.703345255638241, 
        43.11655066882174
       ], 
       [
        -3.727787992455379, 
        43.104718878887674
       ], 
       [
        -3.750720403169778, 
        43.10177930003051
       ], 
       [
        -3.766259067596397, 
        43.08057852769603
       ], 
       [
        -3.78894481982221, 
        43.078407333760055
       ], 
       [
        -3.808870767926261, 
        43.086930645874695
       ], 
       [
        -3.821922814391393, 
        43.08085858367953
       ], 
       [
        -3.845622606241079, 
        43.08467493322364
       ], 
       [
        -3.833164954039007, 
        43.05833776739538
       ], 
       [
        -3.860172216838103, 
        43.0436854920656
       ], 
       [
        -3.889709692322452, 
        43.04193787303636
       ], 
       [
        -3.907919468345818, 
        43.01637466559278
       ], 
       [
        -3.944121540718836, 
        43.00605050836201
       ], 
       [
        -3.974802486025633, 
        43.0088548856231
       ], 
       [
        -4.006553393625018, 
        42.989093867697235
       ], 
       [
        -4.041371160629698, 
        42.99676952260054
       ], 
       [
        -4.076067387863612, 
        42.99065853402129
       ], 
       [
        -4.087134949344138, 
        42.99850507646473
       ], 
       [
        -4.079352168677939, 
        43.01783972917525
       ], 
       [
        -4.099340138364741, 
        43.05207414003942
       ], 
       [
        -4.119532536572872, 
        43.062557805131306
       ], 
       [
        -4.119573325499825, 
        43.08234043014898
       ], 
       [
        -4.149229723333657, 
        43.06204728656604
       ], 
       [
        -4.153910561264468, 
        43.02482018879606
       ], 
       [
        -4.165604260924591, 
        42.97861582871681
       ], 
       [
        -4.183793169818201, 
        42.950568557060066
       ], 
       [
        -4.229026867758058, 
        42.95984387216882
       ], 
       [
        -4.237137077469584, 
        42.9546508225694
       ], 
       [
        -4.260872487987278, 
        42.965548620753935
       ], 
       [
        -4.300553450202401, 
        42.966887500442745
       ], 
       [
        -4.345968189236768, 
        42.97243154179437
       ], 
       [
        -4.371714789630954, 
        42.99593409286009
       ], 
       [
        -4.373001639592591, 
        43.00634599767889
       ], 
       [
        -4.40262574173008, 
        43.038412179312765
       ], 
       [
        -4.4305074024362, 
        43.04596397869797
       ], 
       [
        -4.446192662512701, 
        43.05881434360486
       ], 
       [
        -4.461738125881158, 
        43.06033665718144
       ], 
       [
        -4.472125871962225, 
        43.089531043362804
       ], 
       [
        -4.465815019993302, 
        43.113906037985906
       ], 
       [
        -4.48257653887333, 
        43.12345082346677
       ], 
       [
        -4.46299537252006, 
        43.14721336334897
       ], 
       [
        -4.51082966092587, 
        43.1725601126859
       ], 
       [
        -4.523752459395859, 
        43.19601597438421
       ], 
       [
        -4.526311939123588, 
        43.232025875670104
       ], 
       [
        -4.546407388571003, 
        43.26895226158172
       ]
      ]
     ], 
     [
      [
       [
        -3.303284977807107, 
        43.258960549110206
       ], 
       [
        -3.265633472139895, 
        43.267194131907615
       ], 
       [
        -3.248107018297248, 
        43.25993094089397
       ], 
       [
        -3.250813309775705, 
        43.246904690602584
       ], 
       [
        -3.267658441630469, 
        43.23439540945321
       ], 
       [
        -3.263878516859767, 
        43.206040198346756
       ], 
       [
        -3.282390227603329, 
        43.200323187730994
       ], 
       [
        -3.296589222079477, 
        43.20695056416831
       ], 
       [
        -3.291398455603449, 
        43.241378852161816
       ], 
       [
        -3.303284977807107, 
        43.258960549110206
       ]
      ]
     ]
    ]
   }, 
   "type": "Feature", 
   "properties": {
    "Valor_PRP1": "15 mm", 
    "Nivel_PR": 2, 
    "Valor_PRP2": "80 mm", 
    "PRP1": "Lluvias", 
    "Expire_PRP1": "2026-10-07T20:59:59+02:00", 
    "PRP2": "Lluvias", 
    "Nombre_zona": "Centro y valle de Villaverde", 
    "Prb_PRP1": "40%-70%", 
    "Prb_PRP2": "40%-70%", 
    "Expire_PRP2": "2026-10-08T02:59:59+02:00", 
    "Des_PRP1": "Precipitación acumulada en una hora: 15 mm. No se descarta que vayan acompañadas de tormentas.", 
    "Des_PRP2": "Precipitación acumulada en 12 horas: 80 mm. Podrán acumularse 80 litros en el entorno de los Valles Pasiegos y en la cara norte de zonas altas de montaña.", 
    "Code_PRP1": "2PR-3AM-01PRP1-1791367200-663903", 
    "Code_PRP2": "2PR-2NA-02PRP2-1791367200-663903", 
    "Fen_avisos": [
     "PR "
    ], 
    "Ordn_avisos": [
     "2PR-2NA-02PRP2-1791367200-663903", 
     "2PR-3AM-01PRP1-1791367200-663903"
    ], 
    "N_avisos": 1, 
    "COD_Z": "663903", 
    "Av_mayor": 2, 
    "Resum_PRP2": "Aviso de lluvias de nivel naranja. Centro y valle de Villaverde", 
    "Resum_PRP1": "Aviso de lluvias de nivel amarillo. Centro y valle de Villaverde", 
    "Cer_PRP2": "Likely", 
    "Cer_PRP1": "Likely", 
    "Nivel_PRP2": 2, 
    "Nivel_PRP1": 3, 
    "Sev_PRP2": "Naranja", 
    "Identf_PRP2": "2.49.0.0.724.0.ES.20261007092938.663903PRP208011791365378", 
    "Identf_PRP1": "2.49.0.0.724.0.ES.20261006092040.663903PRP107191791278440", 
    "Sev_PRP1": "Amarillo", 
    "Onset_PRP1": "2026-10-07T12:00:00+02:00", 
    "Onset_PRP2": "2026-10-07T12:00:00+02:00"
   }
  }, 
  {
   "geometry": {
    "type": "Polygon", 
    "coordinates": [
     [
      [
       -4.520348099910118, 
       43.280890024922236
      ], 
      [
       -4.517736858597568, 
       43.310188152140846
      ], 
      [
       -4.538089635352652, 
       43.34422177660077
      ], 
      [
       -4.533077663928178, 
       43.368599999655736
      ], 
      [
       -4.509470424894451, 
       43.38016911356753
      ], 
      [
       -4.510913765040613, 
       43.393548007607954
      ], 
      [
       -4.499067006128364, 
       43.39631510236382
      ], 
      [
       -4.472619510945925, 
       43.389230492661596
      ], 
      [
       -4.457774147744797, 
       43.39416584113825
      ], 
      [
       -4.414103962818293, 
       43.398504967034974
      ], 
      [
       -4.368432109680712, 
       43.39264983159751
      ], 
      [
       -4.339459709210269, 
       43.40637287820081
      ], 
      [
       -4.331903757211517, 
       43.392378848826645
      ], 
      [
       -4.306233295993302, 
       43.392900085608034
      ], 
      [
       -4.279610172682654, 
       43.38748355003372
      ], 
      [
       -4.270617081881592, 
       43.39373360254349
      ], 
      [
       -4.231890804930619, 
       43.40078435639352
      ], 
      [
       -4.21772354856894, 
       43.395686748959044
      ], 
      [
       -4.150194803616806, 
       43.41203499692166
      ], 
      [
       -4.114541925490394, 
       43.41766444191152
      ], 
      [
       -4.092958404514743, 
       43.42772320017003
      ], 
      [
       -4.05357340683312, 
       43.43414359127592
      ], 
      [
       -4.051263755367554, 
       43.437046136959836
      ], 
      [
       -4.012415040481557, 
       43.44809348794716
      ], 
      [
       -3.997720190625137, 
       43.43977688854621
      ], 
      [
       -3.980708608643813, 
       43.441526778310156
      ], 
      [
       -3.957239286251756, 
       43.45463742703966
      ], 
      [
       -3.942689601001449, 
       43.47039825411569
      ], 
      [
       -3.891462329356185, 
       43.47744507520396
      ], 
      [
       -3.834623612136993, 
       43.48016111895911
      ], 
      [
       -3.810653317333109, 
       43.49535221401648
      ], 
      [
       -3.78866134106775, 
       43.491427226809485
      ], 
      [
       -3.780879815914962, 
       43.46338816832619
      ], 
      [
       -3.80169206305093, 
       43.46117321589682
      ], 
      [
       -3.813144165636454, 
       43.44961221349925
      ], 
      [
       -3.834016835401496, 
       43.44233067592975
      ], 
      [
       -3.807954958999688, 
       43.42186247641285
      ], 
      [
       -3.813117325192401, 
       43.40238604645268
      ], 
      [
       -3.805182251798485, 
       43.41304902515075
      ], 
      [
       -3.77821959155434, 
       43.42463487235871
      ], 
      [
       -3.767882438219739, 
       43.44928584105767
      ], 
      [
       -3.723812761732826, 
       43.46286325428242
      ], 
      [
       -3.704393273977444, 
       43.47992108495414
      ], 
      [
       -3.686217746610764, 
       43.47562865199896
      ], 
      [
       -3.643411927010159, 
       43.498783703069705
      ], 
      [
       -3.610362518542358, 
       43.49877582245071
      ], 
      [
       -3.595512985802413, 
       43.513161438494095
      ], 
      [
       -3.577141900289372, 
       43.50676378850859
      ], 
      [
       -3.5486760823117, 
       43.50932600154967
      ], 
      [
       -3.528734456045741, 
       43.4909347756331
      ], 
      [
       -3.494593279071433, 
       43.471791944988325
      ], 
      [
       -3.434088692494848, 
       43.46505951483529
      ], 
      [
       -3.42452326922159, 
       43.444242014315556
      ], 
      [
       -3.444944944982101, 
       43.43336847431455
      ], 
      [
       -3.425286676867774, 
       43.41385032453461
      ], 
      [
       -3.380869753297013, 
       43.415663642199036
      ], 
      [
       -3.357147889569206, 
       43.41248969648902
      ], 
      [
       -3.325215471553528, 
       43.416258651863615
      ], 
      [
       -3.320456366248922, 
       43.40386438135309
      ], 
      [
       -3.301220553920478, 
       43.409787369206306
      ], 
      [
       -3.275573071048576, 
       43.402684746188946
      ], 
      [
       -3.256040276573784, 
       43.40355852821622
      ], 
      [
       -3.219549441721969, 
       43.39375683868728
      ], 
      [
       -3.212875714547077, 
       43.37789508085666
      ], 
      [
       -3.191501598601031, 
       43.36412041432585
      ], 
      [
       -3.152013477568802, 
       43.3535499926528
      ], 
      [
       -3.150214793738905, 
       43.30712207110349
      ], 
      [
       -3.156019187255798, 
       43.30159015476992
      ], 
      [
       -3.191900308034577, 
       43.298721735094
      ], 
      [
       -3.217070061841576, 
       43.28709717083419
      ], 
      [
       -3.223918056982644, 
       43.30920758722339
      ], 
      [
       -3.241063820458206, 
       43.32337250490077
      ], 
      [
       -3.277952050394672, 
       43.33684923867694
      ], 
      [
       -3.27868220366341, 
       43.358934863682514
      ], 
      [
       -3.297450736607606, 
       43.376382767832595
      ], 
      [
       -3.331805802367025, 
       43.38807473125905
      ], 
      [
       -3.370542263809886, 
       43.35666619814846
      ], 
      [
       -3.387721785114522, 
       43.36285817426843
      ], 
      [
       -3.430730036130431, 
       43.354051233297284
      ], 
      [
       -3.442951385366804, 
       43.35648971765761
      ], 
      [
       -3.472320518901835, 
       43.31515075439833
      ], 
      [
       -3.472393856505329, 
       43.303922103559955
      ], 
      [
       -3.505416954151217, 
       43.301610914172166
      ], 
      [
       -3.554947406974676, 
       43.31175426480535
      ], 
      [
       -3.573105872504341, 
       43.344044007831855
      ], 
      [
       -3.606959366961493, 
       43.33536936526162
      ], 
      [
       -3.647909999193147, 
       43.301396750614266
      ], 
      [
       -3.67369693399622, 
       43.302094172791776
      ], 
      [
       -3.708587995999626, 
       43.31700150051033
      ], 
      [
       -3.738814244007161, 
       43.30995800485627
      ], 
      [
       -3.765288636388469, 
       43.29235165731954
      ], 
      [
       -3.802737741615549, 
       43.297992760500954
      ], 
      [
       -3.853990391948047, 
       43.335358317223125
      ], 
      [
       -3.884393669125941, 
       43.3325520489452
      ], 
      [
       -3.89657807207975, 
       43.309739525379435
      ], 
      [
       -3.92505350422849, 
       43.30436233193424
      ], 
      [
       -3.930131440549577, 
       43.29212038628066
      ], 
      [
       -3.960227300101364, 
       43.30583726488738
      ], 
      [
       -3.950353825258781, 
       43.33210399761086
      ], 
      [
       -4.004354289978678, 
       43.33127334365037
      ], 
      [
       -4.012156507401353, 
       43.30419192996314
      ], 
      [
       -4.072811016340055, 
       43.30040654747984
      ], 
      [
       -4.106787658513256, 
       43.29223110801052
      ], 
      [
       -4.127404104734867, 
       43.303239993791564
      ], 
      [
       -4.112162536698074, 
       43.324711163944556
      ], 
      [
       -4.136902970199732, 
       43.33197737054549
      ], 
      [
       -4.145127856245848, 
       43.32462894358201
      ], 
      [
       -4.191194872943232, 
       43.32222249240162
      ], 
      [
       -4.21178381955006, 
       43.301404616426154
      ], 
      [
       -4.227418444737014, 
       43.29353929728249
      ], 
      [
       -4.238302093366506, 
       43.27769160863036
      ], 
      [
       -4.322386783797595, 
       43.272563337730055
      ], 
      [
       -4.36362816931369, 
       43.27299747824977
      ], 
      [
       -4.389767588494601, 
       43.27799530178461
      ], 
      [
       -4.39050981008569, 
       43.2932663765276
      ], 
      [
       -4.409857960152767, 
       43.3010521960003
      ], 
      [
       -4.454916286838363, 
       43.294247951283864
      ], 
      [
       -4.494667636404657, 
       43.28002198621946
      ], 
      [
       -4.520348099910118, 
       43.280890024922236
      ]
     ]
    ]
   }, 
   "type": "Feature", 
   "properties": {
    "Valor_PRP1": "15 mm", 
    "Nivel_PR": 3, 
    "Prb_TOTO": "40%-70%", 
    "Sev_TOTO": "Amarillo", 
    "TOTO": "Tormentas", 
    "Des_TOTO": "Podrán ir acompañadas de granizo.", 
    "N_avisos": 2, 
    "Identf_TOTO": "2.49.0.0.724.0.ES.20261006165621.663901TOTO07191791305781", 
    "Expire_PRP1": "2026-10-07T20:59:59+02:00", 
    "Code_TOTO": "2PR-3AM-07TOTO-1791367200-663901", 
    "PRP2": "Lluvias", 
    "PRP1": "Lluvias", 
    "Prb_PRP1": "40%-70%", 
    "Prb_PRP2": "40%-70%", 
    "Expire_TOTO": "2026-10-07T20:59:59+02:00", 
    "Des_PRP1": "Precipitación acumulada en una hora: 15 mm. No se descarta que vayan acompañadas de tormentas.", 
    "Des_PRP2": "Precipitación acumulada en 12 horas: 40 mm.", 
    "Code_PRP1": "2PR-3AM-01PRP1-1791367200-663901", 
    "Code_PRP2": "2PR-3AM-02PRP2-1791367200-663901", 
    "Cer_TOTO": "Likely", 
    "Fen_avisos": [
     "PR ", 
     "TOTO "
    ], 
    "Expire_PRP2": "2026-10-07T23:59:59+02:00", 
    "Nivel_TOTO": 3, 
    "Onset_TOTO": "2026-10-07T12:00:00+02:00", 
    "COD_Z": "663901", 
    "Av_mayor": 3, 
    "Resum_PRP2": "Aviso de lluvias de nivel amarillo. Litoral cántabro", 
    "Resum_PRP1": "Aviso de lluvias de nivel amarillo. Litoral cántabro", 
    "Cer_PRP2": "Likely", 
    "Cer_PRP1": "Likely", 
    "Onset_PRP1": "2026-10-07T12:00:00+02:00", 
    "Nivel_PRP2": 3, 
    "Nivel_PRP1": 3, 
    "Valor_PRP2": "40 mm", 
    "Sev_PRP2": "Amarillo", 
    "Identf_PRP2": "2.49.0.0.724.0.ES.20261007064609.663901PRP207221791355569", 
    "Ordn_avisos": [
     "2PR-3AM-01PRP1-1791367200-663901", 
     "2PR-3AM-02PRP2-1791367200-663901", 
     "2PR-3AM-07TOTO-1791367200-663901"
    ], 
    "Identf_PRP1": "2.49.0.0.724.0.ES.20261006092040.663901PRP107191791278440", 
    "Sev_PRP1": "Amarillo", 
    "Nombre_zona": "Litoral cántabro", 
    "Resum_TOTO": "Aviso de tormentas de nivel amarillo. Litoral cántabro", 
    "Onset_PRP2": "2026-10-07T12:00:00+02:00"
   }
  }, 
  {
   "geometry": {
    "type": "Polygon", 
    "coordinates": [
     [
      [
       -4.229259256208319, 
       42.89697017711891
      ], 
      [
       -4.235349918865735, 
       42.91739049464006
      ], 
      [
       -4.237137077469584, 
       42.9546508225694
      ], 
      [
       -4.229026867758058, 
       42.95984387216882
      ], 
      [
       -4.183793169818201, 
       42.950568557060066
      ], 
      [
       -4.165604260924591, 
       42.97861582871681
      ], 
      [
       -4.153910561264468, 
       43.02482018879606
      ], 
      [
       -4.149229723333657, 
       43.06204728656604
      ], 
      [
       -4.119573325499825, 
       43.08234043014898
      ], 
      [
       -4.119532536572872, 
       43.062557805131306
      ], 
      [
       -4.099340138364741, 
       43.05207414003942
      ], 
      [
       -4.079352168677939, 
       43.01783972917525
      ], 
      [
       -4.087134949344138, 
       42.99850507646473
      ], 
      [
       -4.076067387863612, 
       42.99065853402129
      ], 
      [
       -4.041371160629698, 
       42.99676952260054
      ], 
      [
       -4.006553393625018, 
       42.989093867697235
      ], 
      [
       -3.974802486025633, 
       43.0088548856231
      ], 
      [
       -3.944121540718836, 
       43.00605050836201
      ], 
      [
       -3.959471804583824, 
       42.99273095114631
      ], 
      [
       -3.989632873894489, 
       42.931367836617135
      ], 
      [
       -3.971510007746617, 
       42.91197361796795
      ], 
      [
       -3.936444921865851, 
       42.91092412293905
      ], 
      [
       -3.910146979287183, 
       42.9236709743084
      ], 
      [
       -3.890225838812129, 
       42.925529549130104
      ], 
      [
       -3.886041479726629, 
       42.949046572157755
      ], 
      [
       -3.865753574363131, 
       42.95510896756294
      ], 
      [
       -3.838198934798828, 
       42.94005992426718
      ], 
      [
       -3.82858728124633, 
       42.92797338398437
      ], 
      [
       -3.85074449932205, 
       42.919229238083005
      ], 
      [
       -3.867263521059277, 
       42.89935761530697
      ], 
      [
       -3.897301113587973, 
       42.90392570493477
      ], 
      [
       -3.89159116242601, 
       42.88764447638076
      ], 
      [
       -3.913488469281931, 
       42.860367068182754
      ], 
      [
       -3.878846944997788, 
       42.85166931167237
      ], 
      [
       -3.872706838864607, 
       42.875399248342625
      ], 
      [
       -3.862394343882686, 
       42.89009235449798
      ], 
      [
       -3.824014016975247, 
       42.86891633665589
      ], 
      [
       -3.832435850377421, 
       42.85245740974414
      ], 
      [
       -3.815173354624797, 
       42.83621058426707
      ], 
      [
       -3.814451167651572, 
       42.81289277002705
      ], 
      [
       -3.8208722547266, 
       42.79992470093372
      ], 
      [
       -3.862034113453213, 
       42.78674500877353
      ], 
      [
       -3.893103507966519, 
       42.80482313265643
      ], 
      [
       -3.908321399808174, 
       42.786729386650734
      ], 
      [
       -3.909609751051978, 
       42.76867302748934
      ], 
      [
       -3.929244581979394, 
       42.77477389591375
      ], 
      [
       -3.96434873323821, 
       42.758886879550765
      ], 
      [
       -3.980241738950069, 
       42.76859447202888
      ], 
      [
       -3.998304975674355, 
       42.769266886295775
      ], 
      [
       -3.99459635930941, 
       42.786507785737186
      ], 
      [
       -3.998689867712323, 
       42.82438318561338
      ], 
      [
       -4.01943300595701, 
       42.819634854230756
      ], 
      [
       -4.030442713968021, 
       42.793881091657504
      ], 
      [
       -4.048012524983704, 
       42.78151083179027
      ], 
      [
       -4.044563997731889, 
       42.76690015950774
      ], 
      [
       -4.079991758860224, 
       42.76175380879028
      ], 
      [
       -4.092726673201214, 
       42.77360968473595
      ], 
      [
       -4.09713683297247, 
       42.791469469468716
      ], 
      [
       -4.121321990248815, 
       42.79488219525244
      ], 
      [
       -4.148564913480084, 
       42.78959638338806
      ], 
      [
       -4.18407843221342, 
       42.817582233179664
      ], 
      [
       -4.160467368154397, 
       42.83636512535396
      ], 
      [
       -4.139096208305067, 
       42.82928576774861
      ], 
      [
       -4.124769501433081, 
       42.85691940040797
      ], 
      [
       -4.143905350084844, 
       42.862501921147434
      ], 
      [
       -4.179850728226518, 
       42.85897639329826
      ], 
      [
       -4.19834173251672, 
       42.84485378112963
      ], 
      [
       -4.224347315108964, 
       42.8591665073696
      ], 
      [
       -4.222132236356094, 
       42.875317860403406
      ], 
      [
       -4.229259256208319, 
       42.89697017711891
      ]
     ], 
     [
      [
       -4.099692647726944, 
       42.79425450881059
      ], 
      [
       -4.087715730179128, 
       42.80017712858448
      ], 
      [
       -4.087173249685726, 
       42.81877754196246
      ], 
      [
       -4.105686759726721, 
       42.828046436091604
      ], 
      [
       -4.111727707956041, 
       42.816974890498734
      ], 
      [
       -4.099692647726944, 
       42.79425450881059
      ]
     ]
    ]
   }, 
   "type": "Feature", 
   "properties": {
    "Valor_PRP1": "15 mm", 
    "Nivel_PR": 3, 
    "Valor_PRP2": "40 mm", 
    "PRP1": "Lluvias", 
    "Expire_PRP1": "2026-10-07T20:59:59+02:00", 
    "PRP2": "Lluvias", 
    "Nombre_zona": "Cantabria del Ebro", 
    "Prb_PRP1": "40%-70%", 
    "Prb_PRP2": "40%-70%", 
    "Expire_PRP2": "2026-10-07T23:59:59+02:00", 
    "Des_PRP1": "Precipitación acumulada en una hora: 15 mm. No se descarta que vayan acompañadas de tormentas.", 
    "Des_PRP2": "Precipitación acumulada en 12 horas: 40 mm.", 
    "Code_PRP1": "2PR-3AM-01PRP1-1791367200-663904", 
    "Code_PRP2": "2PR-3AM-02PRP2-1791367200-663904", 
    "Fen_avisos": [
     "PR "
    ], 
    "Ordn_avisos": [
     "2PR-3AM-01PRP1-1791367200-663904", 
     "2PR-3AM-02PRP2-1791367200-663904"
    ], 
    "N_avisos": 1, 
    "COD_Z": "663904", 
    "Av_mayor": 3, 
    "Resum_PRP2": "Aviso de lluvias de nivel amarillo. Cantabria del Ebro", 
    "Resum_PRP1": "Aviso de lluvias de nivel amarillo. Cantabria del Ebro", 
    "Cer_PRP2": "Likely", 
    "Cer_PRP1": "Likely", 
    "Nivel_PRP2": 3, 
    "Nivel_PRP1": 3, 
    "Sev_PRP2": "Amarillo", 
    "Identf_PRP2": "2.49.0.0.724.0.ES.20261007092938.663904PRP207221791365378", 
    "Identf_PRP1": "2.49.0.0.724.0.ES.20261006165621.663904PRP107191791305781", 
    "Sev_PRP1": "Amarillo", 
    "Onset_PRP1": "2026-10-07T12:00:00+02:00", 
    "Onset_PRP2": "2026-10-07T12:00:00+02:00"
   }
  }, 
  {
   "geometry": {
    "type": "Polygon", 
    "coordinates": [
     [
      [
       1.394022695242746, 
       41.57539798701497
      ], 
      [
       1.420855633418199, 
       41.58291199819694
      ], 
      [
       1.448648196672668, 
       41.57412161381787
      ], 
      [
       1.447895001058475, 
       41.55269478119527
      ], 
      [
       1.426775338801937, 
       41.532181326597666
      ], 
      [
       1.400712961896572, 
       41.52882573056699
      ], 
      [
       1.405777886978824, 
       41.50691405890482
      ], 
      [
       1.438160736659186, 
       41.498607505218104
      ], 
      [
       1.485731282386297, 
       41.47523025085737
      ], 
      [
       1.484347670736366, 
       41.45814108416229
      ], 
      [
       1.469653509830643, 
       41.44427199374333
      ], 
      [
       1.495300126914574, 
       41.389959098569065
      ], 
      [
       1.513032533697533, 
       41.394638821425325
      ], 
      [
       1.546947386950272, 
       41.379642161835946
      ], 
      [
       1.553323789044223, 
       41.36842293786631
      ], 
      [
       1.570517225846868, 
       41.36868530501632
      ], 
      [
       1.574778701718023, 
       41.35566730929806
      ], 
      [
       1.559824378220728, 
       41.34345872483683
      ], 
      [
       1.540874671225575, 
       41.322501389063625
      ], 
      [
       1.521031147927081, 
       41.317080524846936
      ], 
      [
       1.485859480495352, 
       41.29847082716475
      ], 
      [
       1.460201013868339, 
       41.30108158952695
      ], 
      [
       1.436923170990088, 
       41.28655917732468
      ], 
      [
       1.399913114672599, 
       41.292520524735345
      ], 
      [
       1.380627189440394, 
       41.28193037206163
      ], 
      [
       1.360128704469754, 
       41.287068054590065
      ], 
      [
       1.35341716781946, 
       41.27770615682526
      ], 
      [
       1.358979584867794, 
       41.254966980452544
      ], 
      [
       1.341652329722759, 
       41.23765965209662
      ], 
      [
       1.348271024701341, 
       41.222723641495556
      ], 
      [
       1.32910110319568, 
       41.19827156995636
      ], 
      [
       1.301040367564204, 
       41.209751874294426
      ], 
      [
       1.286108760591778, 
       41.200945187769236
      ], 
      [
       1.280747269049316, 
       41.175788902032515
      ], 
      [
       1.268804910641723, 
       41.177052357591016
      ], 
      [
       1.253969894159562, 
       41.21329539160173
      ], 
      [
       1.23167147459249, 
       41.227327820489435
      ], 
      [
       1.220741591475588, 
       41.2157719095522
      ], 
      [
       1.18656567108508, 
       41.19430355964559
      ], 
      [
       1.177516545878276, 
       41.19634358659521
      ], 
      [
       1.156800393498841, 
       41.18021110625135
      ], 
      [
       1.141564553427934, 
       41.190530825897255
      ], 
      [
       1.114138133754584, 
       41.17478509146542
      ], 
      [
       1.087098773145484, 
       41.18284502602078
      ], 
      [
       1.05935583156521, 
       41.17675020249218
      ], 
      [
       1.038737126365947, 
       41.17557628076687
      ], 
      [
       1.019243937587351, 
       41.19958142147972
      ], 
      [
       1.01047271235764, 
       41.23394337380199
      ], 
      [
       1.035781699526801, 
       41.22208100668368
      ], 
      [
       1.06054707806301, 
       41.23835367643917
      ], 
      [
       1.073539110842268, 
       41.229357681193235
      ], 
      [
       1.096900150610907, 
       41.22966205336161
      ], 
      [
       1.112524259261682, 
       41.2402877478446
      ], 
      [
       1.138979172354694, 
       41.23870787978552
      ], 
      [
       1.141882915568337, 
       41.25689133269328
      ], 
      [
       1.135523114413748, 
       41.293705401364804
      ], 
      [
       1.155886052317511, 
       41.30319978055321
      ], 
      [
       1.174867132356657, 
       41.29004067266181
      ], 
      [
       1.195191224263555, 
       41.30574241480687
      ], 
      [
       1.185280695882641, 
       41.32066384564316
      ], 
      [
       1.127685715061733, 
       41.30571996211408
      ], 
      [
       1.107308281865873, 
       41.31513042135455
      ], 
      [
       1.002935996889978, 
       41.33032147869518
      ], 
      [
       1.006135214029309, 
       41.34663434394307
      ], 
      [
       0.992563261606351, 
       41.35819138425747
      ], 
      [
       0.968008304355492, 
       41.3598434233345
      ], 
      [
       0.98283716989412, 
       41.392467217629026
      ], 
      [
       1.004725332996367, 
       41.4052040801813
      ], 
      [
       1.028158191419251, 
       41.41009361231703
      ], 
      [
       1.047631946645294, 
       41.44069953807455
      ], 
      [
       1.071262243848093, 
       41.455937175209954
      ], 
      [
       1.038544941855842, 
       41.48030579141393
      ], 
      [
       1.043741780618448, 
       41.50068897553863
      ], 
      [
       1.08369545593244, 
       41.479510389269535
      ], 
      [
       1.106686007037869, 
       41.47442240968999
      ], 
      [
       1.182127723558306, 
       41.488420354533865
      ], 
      [
       1.165810881251834, 
       41.509020938280734
      ], 
      [
       1.174500197256185, 
       41.53161201591675
      ], 
      [
       1.169098240111238, 
       41.54077651424667
      ], 
      [
       1.211944715132652, 
       41.54890981726075
      ], 
      [
       1.221043095406163, 
       41.56988833145998
      ], 
      [
       1.260317642778854, 
       41.56781589761095
      ], 
      [
       1.273933253625362, 
       41.57246898006615
      ], 
      [
       1.372875123097082, 
       41.56569825531737
      ], 
      [
       1.38574943141581, 
       41.55682434626776
      ], 
      [
       1.394022695242746, 
       41.57539798701497
      ]
     ]
    ]
   }, 
   "type": "Feature", 
   "properties": {
    "Valor_PRP1": "20 mm", 
    "Nivel_PR": 3, 
    "Prb_TOTO": "40%-70%", 
    "Sev_TOTO": "Amarillo", 
    "TOTO": "Tormentas", 
    "Des_TOTO": "Pueden ir acompañadas de granizo, en general inferior a 2 cm.", 
    "N_avisos": 2, 
    "Identf_TOTO": "2.49.0.0.724.0.ES.20261007065351.694302TOTO07181791356031", 
    "Expire_PRP1": "2026-10-07T19:59:59+02:00", 
    "Code_TOTO": "2PR-3AM-07TOTO-1791367200-694302", 
    "PRP1": "Lluvias", 
    "Prb_PRP1": "40%-70%", 
    "Expire_TOTO": "2026-10-07T19:59:59+02:00", 
    "Des_PRP1": "Precipitación acumulada en una hora: 20 mm.", 
    "Code_PRP1": "2PR-3AM-01PRP1-1791367200-694302", 
    "Cer_TOTO": "Likely", 
    "Fen_avisos": [
     "PR ", 
     "TOTO "
    ], 
    "Ordn_avisos": [
     "2PR-3AM-01PRP1-1791367200-694302", 
     "2PR-3AM-07TOTO-1791367200-694302"
    ], 
    "Nivel_TOTO": 3, 
    "Onset_TOTO": "2026-10-07T12:00:00+02:00", 
    "COD_Z": "694302", 
    "Av_mayor": 3, 
    "Resum_PRP1": "Aviso de lluvias de nivel amarillo. Prelitoral norte de Tarragona", 
    "Cer_PRP1": "Likely", 
    "Onset_PRP1": "2026-10-07T12:00:00+02:00", 
    "Nivel_PRP1": 3, 
    "Identf_PRP1": "2.49.0.0.724.0.ES.20261007065351.694302PRP107181791356031", 
    "Sev_PRP1": "Amarillo", 
    "Nombre_zona": "Prelitoral norte de Tarragona", 
    "Resum_TOTO": "Aviso de tormentas de nivel amarillo. Prelitoral norte de Tarragona"
   }
  }, 
  {
   "geometry": {
    "type": "Polygon", 
    "coordinates": [
     [
      [
       -1.94625242503434, 
       43.0978050722523
      ], 
      [
       -1.915068749800072, 
       43.12828203860279
      ], 
      [
       -1.919644301884343, 
       43.17283434203578
      ], 
      [
       -1.920772861514404, 
       43.18699091844124
      ], 
      [
       -1.901679260753536, 
       43.211436157849526
      ], 
      [
       -1.872593589378894, 
       43.220580739100285
      ], 
      [
       -1.86195414085955, 
       43.21603624246199
      ], 
      [
       -1.82427436552819, 
       43.228576363468356
      ], 
      [
       -1.817990515524118, 
       43.23896559909794
      ], 
      [
       -1.793701029536624, 
       43.24720305520361
      ], 
      [
       -1.792637121349828, 
       43.27673479889527
      ], 
      [
       -1.78196775047133, 
       43.287093584329085
      ], 
      [
       -1.727627030886819, 
       43.2964065615173
      ], 
      [
       -1.693414472250448, 
       43.31212027265056
      ], 
      [
       -1.666740521484611, 
       43.31506290762657
      ], 
      [
       -1.624487286550743, 
       43.307143072114975
      ], 
      [
       -1.628950626147863, 
       43.285199480861266
      ], 
      [
       -1.615946978896202, 
       43.258039240154986
      ], 
      [
       -1.573503509675963, 
       43.250737556077574
      ], 
      [
       -1.550140365706777, 
       43.29258337338224
      ], 
      [
       -1.502695604724014, 
       43.29255729465762
      ], 
      [
       -1.490085238045345, 
       43.28160451891673
      ], 
      [
       -1.437071057167704, 
       43.266944839165895
      ], 
      [
       -1.412394270868041, 
       43.27393431370189
      ], 
      [
       -1.38306537901006, 
       43.2539393519122
      ], 
      [
       -1.381313788184748, 
       43.18935433765126
      ], 
      [
       -1.400627619601008, 
       43.17875787342684
      ], 
      [
       -1.413173825663762, 
       43.148011812729294
      ], 
      [
       -1.413723893959201, 
       43.129119317516235
      ], 
      [
       -1.426079806046552, 
       43.11710706917422
      ], 
      [
       -1.470092496172601, 
       43.09205056738122
      ], 
      [
       -1.470985589543143, 
       43.08183346424901
      ], 
      [
       -1.445846732257124, 
       43.053364798474874
      ], 
      [
       -1.469073855562835, 
       43.034768493267336
      ], 
      [
       -1.490905141117286, 
       43.037507737673586
      ], 
      [
       -1.493150214480658, 
       43.056617869520636
      ], 
      [
       -1.516990043930955, 
       43.064529144464466
      ], 
      [
       -1.530115665220739, 
       43.04407820897586
      ], 
      [
       -1.553863013695997, 
       43.04024773260749
      ], 
      [
       -1.569741268882001, 
       43.04371595519614
      ], 
      [
       -1.630218892681469, 
       43.04029582939892
      ], 
      [
       -1.645109939427149, 
       43.053115503854855
      ], 
      [
       -1.669272730505788, 
       43.058864822882846
      ], 
      [
       -1.712003578902246, 
       43.05254636653173
      ], 
      [
       -1.771895262685297, 
       43.062542579395256
      ], 
      [
       -1.796977381634449, 
       43.05662290130781
      ], 
      [
       -1.827024459747527, 
       43.06438163689446
      ], 
      [
       -1.864915163276091, 
       43.08080090318307
      ], 
      [
       -1.875661963507623, 
       43.05604539809536
      ], 
      [
       -1.906202806216595, 
       43.05108272415037
      ], 
      [
       -1.928480879113052, 
       43.059244564855426
      ], 
      [
       -1.933969421236611, 
       43.08903792687802
      ], 
      [
       -1.94625242503434, 
       43.0978050722523
      ]
     ]
    ]
   }, 
   "type": "Feature", 
   "properties": {
    "Valor_PRP1": "15 mm", 
    "Nivel_PR": 3, 
    "Prb_TOTO": "40%-70%", 
    "Sev_TOTO": "Amarillo", 
    "TOTO": "Tormentas", 
    "Des_TOTO": "Podrán ir acompañadas de granizo.", 
    "N_avisos": 2, 
    "Identf_TOTO": "2.49.0.0.724.0.ES.20261006165621.743101TOTO07221791305781", 
    "Expire_PRP1": "2026-10-07T23:59:59+02:00", 
    "Code_TOTO": "2PR-3AM-07TOTO-1791378000-743101", 
    "PRP2": "Lluvias", 
    "PRP1": "Lluvias", 
    "Prb_PRP1": "40%-70%", 
    "Prb_PRP2": "40%-70%", 
    "Expire_TOTO": "2026-10-07T23:59:59+02:00", 
    "Des_PRP1": "Precipitación acumulada en una hora: 15 mm. No se descarta que vayan acompañadas de tormentas.", 
    "Des_PRP2": "Precipitación acumulada en 12 horas: 40 mm.", 
    "Code_PRP1": "2PR-3AM-01PRP1-1791378000-743101", 
    "Code_PRP2": "2PR-3AM-02PRP2-1791367200-743101", 
    "Cer_TOTO": "Likely", 
    "Fen_avisos": [
     "PR ", 
     "TOTO "
    ], 
    "Expire_PRP2": "2026-10-08T05:59:59+02:00", 
    "Nivel_TOTO": 3, 
    "Onset_TOTO": "2026-10-07T15:00:00+02:00", 
    "COD_Z": "743101", 
    "Av_mayor": 3, 
    "Resum_PRP2": "Aviso de lluvias de nivel amarillo. Vertiente cantábrica de Navarra", 
    "Resum_PRP1": "Aviso de lluvias de nivel amarillo. Vertiente cantábrica de Navarra", 
    "Cer_PRP2": "Likely", 
    "Cer_PRP1": "Likely", 
    "Onset_PRP1": "2026-10-07T15:00:00+02:00", 
    "Nivel_PRP2": 3, 
    "Nivel_PRP1": 3, 
    "Valor_PRP2": "40 mm", 
    "Sev_PRP2": "Amarillo", 
    "Identf_PRP2": "2.49.0.0.724.0.ES.20261007092938.743101PRP208041791365378", 
    "Ordn_avisos": [
     "2PR-3AM-01PRP1-1791378000-743101", 
     "2PR-3AM-02PRP2-1791367200-743101", 
     "2PR-3AM-07TOTO-1791378000-743101"
    ], 
    "Identf_PRP1": "2.49.0.0.724.0.ES.20261006092040.743101PRP107221791278440", 
    "Sev_PRP1": "Amarillo", 
    "Nombre_zona": "Vertiente cantábrica de Navarra", 
    "Resum_TOTO": "Aviso de tormentas de nivel amarillo. Vertiente cantábrica de Navarra", 
    "Onset_PRP2": "2026-10-07T12:00:00+02:00"
   }
  }, 
  {
   "geometry": {
    "type": "MultiPolygon", 
    "coordinates": [
     [
      [
       [
        -3.217070061841576, 
        43.28709717083419
       ], 
       [
        -3.191900308034577, 
        43.298721735094
       ], 
       [
        -3.156019187255798, 
        43.30159015476992
       ], 
       [
        -3.150214793738905, 
        43.30712207110349
       ], 
       [
        -3.141984559062906, 
        43.29915475987916
       ], 
       [
        -3.11634554782076, 
        43.294663540475334
       ], 
       [
        -3.109426550708613, 
        43.32028762943518
       ], 
       [
        -3.080492864347209, 
        43.33777994612779
       ], 
       [
        -3.053041258915513, 
        43.319184130285414
       ], 
       [
        -3.03715555965327, 
        43.31641707124033
       ], 
       [
        -3.003476480910262, 
        43.29760404273756
       ], 
       [
        -2.987941731025481, 
        43.305383192429794
       ], 
       [
        -2.971364565048423, 
        43.29252206905475
       ], 
       [
        -2.948500749238798, 
        43.2894165685119
       ], 
       [
        -2.943381565704466, 
        43.280193698839724
       ], 
       [
        -2.839761226514286, 
        43.255387482691006
       ], 
       [
        -2.774436914385588, 
        43.2438597505052
       ], 
       [
        -2.745240485753723, 
        43.26572414087536
       ], 
       [
        -2.724815418993214, 
        43.26483942216147
       ], 
       [
        -2.717680358675245, 
        43.24372475493463
       ], 
       [
        -2.702991843391621, 
        43.23493527478546
       ], 
       [
        -2.657368030712987, 
        43.220967921878184
       ], 
       [
        -2.623523299422582, 
        43.22259940516353
       ], 
       [
        -2.600743240256608, 
        43.23035601965727
       ], 
       [
        -2.576856150784691, 
        43.217492876282435
       ], 
       [
        -2.553003334024993, 
        43.23164716147076
       ], 
       [
        -2.522920134388769, 
        43.22515053188585
       ], 
       [
        -2.497993409524407, 
        43.212203547722325
       ], 
       [
        -2.485598527063277, 
        43.20171233308102
       ], 
       [
        -2.491186475693135, 
        43.18099102178021
       ], 
       [
        -2.506600325040054, 
        43.16615608696514
       ], 
       [
        -2.494931588124563, 
        43.12368476504881
       ], 
       [
        -2.503872336709255, 
        43.097349412273
       ], 
       [
        -2.545359874220406, 
        43.088454105964686
       ], 
       [
        -2.59118351824168, 
        43.081477300647336
       ], 
       [
        -2.631761130837933, 
        43.08731501337163
       ], 
       [
        -2.660383582960313, 
        43.07454488913579
       ], 
       [
        -2.659953933643591, 
        43.065610976555625
       ], 
       [
        -2.632406641648677, 
        43.04509415216669
       ], 
       [
        -2.629299272762762, 
        43.02898368274736
       ], 
       [
        -2.642008697981611, 
        43.021649258689806
       ], 
       [
        -2.665591085285345, 
        43.0317068527215
       ], 
       [
        -2.685722314340099, 
        43.02190371017054
       ], 
       [
        -2.714005105346675, 
        43.031045658541956
       ], 
       [
        -2.728433093561291, 
        43.0242281925214
       ], 
       [
        -2.779882848709961, 
        43.034270941596205
       ], 
       [
        -2.820645390597801, 
        43.035323597510725
       ], 
       [
        -2.862503280251427, 
        43.05222937982265
       ], 
       [
        -2.892865817253482, 
        43.046696916171825
       ], 
       [
        -2.959490098149995, 
        43.09334814118671
       ], 
       [
        -2.956402677374063, 
        43.115471384272034
       ], 
       [
        -2.934514000923702, 
        43.136486683865876
       ], 
       [
        -2.952865476132509, 
        43.15997961170941
       ], 
       [
        -2.945528094108888, 
        43.17025503032132
       ], 
       [
        -2.971721789499222, 
        43.18654916641918
       ], 
       [
        -2.978801081971033, 
        43.200629217562394
       ], 
       [
        -3.006890056647028, 
        43.19759196160149
       ], 
       [
        -3.025597496377543, 
        43.16164329273168
       ], 
       [
        -3.064609029950877, 
        43.156054101055595
       ], 
       [
        -3.073404159283879, 
        43.14663003060954
       ], 
       [
        -3.09230093235632, 
        43.15175795069677
       ], 
       [
        -3.107475974352349, 
        43.143928743449784
       ], 
       [
        -3.140054723624707, 
        43.16181256370124
       ], 
       [
        -3.146985243563178, 
        43.174275142324944
       ], 
       [
        -3.172749707223487, 
        43.177643101023044
       ], 
       [
        -3.185639418318813, 
        43.169491580093265
       ], 
       [
        -3.206538205733326, 
        43.17968489311686
       ], 
       [
        -3.222187780014648, 
        43.17252399711117
       ], 
       [
        -3.252105678048762, 
        43.198854166183
       ], 
       [
        -3.296128194862547, 
        43.18289178700922
       ], 
       [
        -3.307988419715118, 
        43.17277542689537
       ], 
       [
        -3.340657807947604, 
        43.167118027527174
       ], 
       [
        -3.349320829845525, 
        43.15462963533307
       ], 
       [
        -3.369707584168991, 
        43.151720141645114
       ], 
       [
        -3.387554312534205, 
        43.14027932944716
       ], 
       [
        -3.416332159468983, 
        43.13370395447516
       ], 
       [
        -3.432137935753219, 
        43.171320339086684
       ], 
       [
        -3.431639012663569, 
        43.207024987935505
       ], 
       [
        -3.442563471045689, 
        43.22144437997717
       ], 
       [
        -3.429055590136575, 
        43.24236806979239
       ], 
       [
        -3.390374285017038, 
        43.25290668273054
       ], 
       [
        -3.381677807496757, 
        43.270764682318536
       ], 
       [
        -3.338812627079597, 
        43.27830125589673
       ], 
       [
        -3.322374597201873, 
        43.29272868907453
       ], 
       [
        -3.293631094553606, 
        43.301027031020546
       ], 
       [
        -3.289809186816649, 
        43.290636786670525
       ], 
       [
        -3.26732153249083, 
        43.29533778457266
       ], 
       [
        -3.217070061841576, 
        43.28709717083419
       ]
      ], 
      [
       [
        -3.303284977807107, 
        43.258960549110206
       ], 
       [
        -3.291398455603449, 
        43.241378852161816
       ], 
       [
        -3.296589222079477, 
        43.20695056416831
       ], 
       [
        -3.282390227603329, 
        43.200323187730994
       ], 
       [
        -3.263878516859767, 
        43.206040198346756
       ], 
       [
        -3.267658441630469, 
        43.23439540945321
       ], 
       [
        -3.250813309775705, 
        43.246904690602584
       ], 
       [
        -3.248107018297248, 
        43.25993094089397
       ], 
       [
        -3.265633472139895, 
        43.267194131907615
       ], 
       [
        -3.303284977807107, 
        43.258960549110206
       ]
      ]
     ], 
     [
      [
       [
        -3.035653781509722, 
        42.98251046634834
       ], 
       [
        -3.070463465573757, 
        43.00588881176847
       ], 
       [
        -3.087684124007914, 
        43.00191480751598
       ], 
       [
        -3.089155551923831, 
        43.00983788207395
       ], 
       [
        -3.064297944475544, 
        43.0234157278838
       ], 
       [
        -3.048435697162399, 
        43.0475022132251
       ], 
       [
        -3.027329971921487, 
        43.046860859613645
       ], 
       [
        -3.019750076574654, 
        43.032499869647346
       ], 
       [
        -3.028164363773853, 
        43.01895495689669
       ], 
       [
        -2.984710653284036, 
        43.01237491352167
       ], 
       [
        -3.007739046036481, 
        42.98215556469807
       ], 
       [
        -3.035653781509722, 
        42.98251046634834
       ]
      ]
     ]
    ]
   }, 
   "type": "Feature", 
   "properties": {
    "Valor_PRP1": "15 mm", 
    "Nivel_PR": 3, 
    "Valor_PRP2": "40 mm", 
    "PRP1": "Lluvias", 
    "Expire_PRP1": "2026-10-07T23:59:59+02:00", 
    "PRP2": "Lluvias", 
    "Nombre_zona": "Bizkaia interior", 
    "Prb_PRP1": "40%-70%", 
    "Prb_PRP2": "40%-70%", 
    "Expire_PRP2": "2026-10-07T23:59:59+02:00", 
    "Des_PRP1": "Precipitación acumulada en una hora: 15 mm. No se descarta que vayan acompañadas de tormentas.", 
    "Des_PRP2": "Precipitación acumulada en 12 horas: 40 mm.", 
    "Code_PRP1": "2PR-3AM-01PRP1-1791378000-754802", 
    "Code_PRP2": "2PR-3AM-02PRP2-1791367200-754802", 
    "Fen_avisos": [
     "PR "
    ], 
    "Ordn_avisos": [
     "2PR-3AM-01PRP1-1791378000-754802", 
     "2PR-3AM-02PRP2-1791367200-754802"
    ], 
    "N_avisos": 1, 
    "COD_Z": "754802", 
    "Av_mayor": 3, 
    "Resum_PRP2": "Aviso de lluvias de nivel amarillo. Bizkaia interior", 
    "Resum_PRP1": "Aviso de lluvias de nivel amarillo. Bizkaia interior", 
    "Cer_PRP2": "Likely", 
    "Cer_PRP1": "Likely", 
    "Nivel_PRP2": 3, 
    "Nivel_PRP1": 3, 
    "Sev_PRP2": "Amarillo", 
    "Identf_PRP2": "2.49.0.0.724.0.ES.20261006092040.754802PRP207221791278440", 
    "Identf_PRP1": "2.49.0.0.724.0.ES.20261006092040.754802PRP107221791278440", 
    "Sev_PRP1": "Amarillo", 
    "Onset_PRP1": "2026-10-07T15:00:00+02:00", 
    "Onset_PRP2": "2026-10-07T12:00:00+02:00"
   }
  }, 
  {
   "geometry": {
    "type": "Polygon", 
    "coordinates": [
     [
      [
       -3.150214793738905, 
       43.30712207110349
      ], 
      [
       -3.152013477568802, 
       43.3535499926528
      ], 
      [
       -3.112111951463074, 
       43.3521331111138
      ], 
      [
       -3.112100018874388, 
       43.359057378431054
      ], 
      [
       -3.092151906303333, 
       43.3632081302427
      ], 
      [
       -3.068401912708477, 
       43.34734133051217
      ], 
      [
       -3.032764695720849, 
       43.337947645223174
      ], 
      [
       -3.023175447457908, 
       43.3271808822485
      ], 
      [
       -3.009202761084072, 
       43.33812304897364
      ], 
      [
       -3.018029155508986, 
       43.35857964514446
      ], 
      [
       -3.033509767408051, 
       43.369291180531015
      ], 
      [
       -2.989603784378823, 
       43.39193216366725
      ], 
      [
       -2.958855508789665, 
       43.41627247794377
      ], 
      [
       -2.944089162753956, 
       43.43590420437938
      ], 
      [
       -2.917346260329177, 
       43.43924653308664
      ], 
      [
       -2.849604536115941, 
       43.43027244252536
      ], 
      [
       -2.805631461763682, 
       43.430962501931205
      ], 
      [
       -2.794642733804271, 
       43.439794332122105
      ], 
      [
       -2.752310469471221, 
       43.457466527532034
      ], 
      [
       -2.736635184859626, 
       43.42951881851574
      ], 
      [
       -2.717133359971707, 
       43.42022501170271
      ], 
      [
       -2.717140150477024, 
       43.41876635984512
      ], 
      [
       -2.677163667456703, 
       43.41251066931308
      ], 
      [
       -2.644386627993878, 
       43.41620418097081
      ], 
      [
       -2.636804099819424, 
       43.403538539800735
      ], 
      [
       -2.617450456345572, 
       43.39210318711167
      ], 
      [
       -2.600220683339625, 
       43.39483554446369
      ], 
      [
       -2.58055958431234, 
       43.38641826249813
      ], 
      [
       -2.561388882275749, 
       43.39120859468354
      ], 
      [
       -2.542310483202785, 
       43.37348564742753
      ], 
      [
       -2.50830617353681, 
       43.37789161925931
      ], 
      [
       -2.494634880361307, 
       43.36527118044076
      ], 
      [
       -2.468994065879164, 
       43.35054117371918
      ], 
      [
       -2.462679748749441, 
       43.339004279064206
      ], 
      [
       -2.431294447656006, 
       43.33390919681548
      ], 
      [
       -2.419792149879463, 
       43.32934029767257
      ], 
      [
       -2.411530701396661, 
       43.321410363224324
      ], 
      [
       -2.436142985773625, 
       43.29914970863952
      ], 
      [
       -2.438793516866993, 
       43.28842961190564
      ], 
      [
       -2.416778363956959, 
       43.26787064905527
      ], 
      [
       -2.437722881039316, 
       43.252100837133845
      ], 
      [
       -2.435508537795156, 
       43.24376988698088
      ], 
      [
       -2.461969394445688, 
       43.22373654722407
      ], 
      [
       -2.49283195924068, 
       43.22596656054925
      ], 
      [
       -2.497993409524407, 
       43.212203547722325
      ], 
      [
       -2.522920134388769, 
       43.22515053188585
      ], 
      [
       -2.553003334024993, 
       43.23164716147076
      ], 
      [
       -2.576856150784691, 
       43.217492876282435
      ], 
      [
       -2.600743240256608, 
       43.23035601965727
      ], 
      [
       -2.623523299422582, 
       43.22259940516353
      ], 
      [
       -2.657368030712987, 
       43.220967921878184
      ], 
      [
       -2.702991843391621, 
       43.23493527478546
      ], 
      [
       -2.717680358675245, 
       43.24372475493463
      ], 
      [
       -2.724815418993214, 
       43.26483942216147
      ], 
      [
       -2.745240485753723, 
       43.26572414087536
      ], 
      [
       -2.774436914385588, 
       43.2438597505052
      ], 
      [
       -2.839761226514286, 
       43.255387482691006
      ], 
      [
       -2.943381565704466, 
       43.280193698839724
      ], 
      [
       -2.948500749238798, 
       43.2894165685119
      ], 
      [
       -2.971364565048423, 
       43.29252206905475
      ], 
      [
       -2.987941731025481, 
       43.305383192429794
      ], 
      [
       -3.003476480910262, 
       43.29760404273756
      ], 
      [
       -3.03715555965327, 
       43.31641707124033
      ], 
      [
       -3.053041258915513, 
       43.319184130285414
      ], 
      [
       -3.080492864347209, 
       43.33777994612779
      ], 
      [
       -3.109426550708613, 
       43.32028762943518
      ], 
      [
       -3.11634554782076, 
       43.294663540475334
      ], 
      [
       -3.141984559062906, 
       43.29915475987916
      ], 
      [
       -3.150214793738905, 
       43.30712207110349
      ]
     ]
    ]
   }, 
   "type": "Feature", 
   "properties": {
    "Valor_PRP1": "15 mm", 
    "Nivel_PR": 3, 
    "Prb_TOTO": "40%-70%", 
    "Sev_TOTO": "Amarillo", 
    "TOTO": "Tormentas", 
    "Des_TOTO": "Podrán ir acompañadas de granizo.", 
    "N_avisos": 2, 
    "Identf_TOTO": "2.49.0.0.724.0.ES.20261006165621.754801TOTO07221791305781", 
    "Expire_PRP1": "2026-10-07T23:59:59+02:00", 
    "Code_TOTO": "2PR-3AM-07TOTO-1791378000-754801", 
    "PRP2": "Lluvias", 
    "PRP1": "Lluvias", 
    "Prb_PRP1": "40%-70%", 
    "Prb_PRP2": "40%-70%", 
    "Expire_TOTO": "2026-10-07T23:59:59+02:00", 
    "Des_PRP1": "Precipitación acumulada en una hora: 15 mm. No se descarta que vayan acompañadas de tormentas.", 
    "Des_PRP2": "Precipitación acumulada en 12 horas: 40 mm.", 
    "Code_PRP1": "2PR-3AM-01PRP1-1791378000-754801", 
    "Code_PRP2": "2PR-3AM-02PRP2-1791367200-754801", 
    "Cer_TOTO": "Likely", 
    "Fen_avisos": [
     "PR ", 
     "TOTO "
    ], 
    "Expire_PRP2": "2026-10-07T23:59:59+02:00", 
    "Nivel_TOTO": 3, 
    "Onset_TOTO": "2026-10-07T15:00:00+02:00", 
    "COD_Z": "754801", 
    "Av_mayor": 3, 
    "Resum_PRP2": "Aviso de lluvias de nivel amarillo. Bizkaia litoral", 
    "Resum_PRP1": "Aviso de lluvias de nivel amarillo. Bizkaia litoral", 
    "Cer_PRP2": "Likely", 
    "Cer_PRP1": "Likely", 
    "Onset_PRP1": "2026-10-07T15:00:00+02:00", 
    "Nivel_PRP2": 3, 
    "Nivel_PRP1": 3, 
    "Valor_PRP2": "40 mm", 
    "Sev_PRP2": "Amarillo", 
    "Identf_PRP2": "2.49.0.0.724.0.ES.20261007064609.754801PRP207221791355569", 
    "Ordn_avisos": [
     "2PR-3AM-01PRP1-1791378000-754801", 
     "2PR-3AM-02PRP2-1791367200-754801", 
     "2PR-3AM-07TOTO-1791378000-754801"
    ], 
    "Identf_PRP1": "2.49.0.0.724.0.ES.20261006092040.754801PRP107221791278440", 
    "Sev_PRP1": "Amarillo", 
    "Nombre_zona": "Bizkaia litoral", 
    "Resum_TOTO": "Aviso de tormentas de nivel amarillo. Bizkaia litoral", 
    "Onset_PRP2": "2026-10-07T12:00:00+02:00"
   }
  }
 ]
}
