{
 "crs": {
  "type": "name", 
  "properties": {
   "name": "urn:ogc:def:crs:EPSG::4326"
  }
 }, 
 "type": "FeatureCollection", 
 "name": "Avisos", 
 "features": [
  {
   "geometry": {
    "type": "MultiPolygon", 
    "coordinates": [
     [
      [
       [
        1.303473117389342, 
        38.96987244630536
       ], 
       [
        1.284730369892281, 
        38.99945827705173
       ], 
       [
        1.296081673742241, 
        39.00616606640109
       ], 
       [
        1.29511362742964, 
        39.03204719911556
       ], 
       [
        1.326873857996223, 
        39.05296933886578
       ], 
       [
        1.342840105565548, 
        39.05362083527254
       ], 
       [
        1.365435097204056, 
        39.074014488336715
       ], 
       [
        1.418026787885552, 
        39.077749421576065
       ], 
       [
        1.475996626681936, 
        39.10580469003832
       ], 
       [
        1.497314915332146, 
        39.09903546028541
       ], 
       [
        1.534162439513626, 
        39.118813673429976
       ], 
       [
        1.55794277927233, 
        39.09388149655768
       ], 
       [
        1.580415295435628, 
        39.09875259911073
       ], 
       [
        1.60179085076172, 
        39.092577565044174
       ], 
       [
        1.589107424137833, 
        39.06411418140685
       ], 
       [
        1.606701795005097, 
        39.0451245662786
       ], 
       [
        1.604203779623877, 
        39.02468604668783
       ], 
       [
        1.586171919162347, 
        39.015999032875776
       ], 
       [
        1.582480362095522, 
        38.98974277273896
       ], 
       [
        1.553041875042233, 
        38.993003558163785
       ], 
       [
        1.532134872342698, 
        38.98000158303565
       ], 
       [
        1.52919619015441, 
        38.94571572863171
       ], 
       [
        1.511305144704713, 
        38.94712877106749
       ], 
       [
        1.506419839632399, 
        38.933595655049785
       ], 
       [
        1.470287200243536, 
        38.91321445877643
       ], 
       [
        1.458605857956699, 
        38.91846707495722
       ], 
       [
        1.439881553426538, 
        38.902882458394316
       ], 
       [
        1.424672484960226, 
        38.90545341962017
       ], 
       [
        1.411275747226933, 
        38.89134166306843
       ], 
       [
        1.403252436096542, 
        38.84956763370004
       ], 
       [
        1.407489313705443, 
        38.83215403814677
       ], 
       [
        1.371727014969155, 
        38.84448288324455
       ], 
       [
        1.362043605579092, 
        38.86127816872729
       ], 
       [
        1.343862429767303, 
        38.87150987004548
       ], 
       [
        1.322789514580804, 
        38.863793465163305
       ], 
       [
        1.298458135037813, 
        38.87693899467203
       ], 
       [
        1.267501611861994, 
        38.87768208407341
       ], 
       [
        1.244527758961141, 
        38.86692293124002
       ], 
       [
        1.223175606652366, 
        38.87970994559339
       ], 
       [
        1.215241540674446, 
        38.90516911449751
       ], 
       [
        1.237102441451908, 
        38.936037141513424
       ], 
       [
        1.216184559612897, 
        38.95913678676978
       ], 
       [
        1.233282458455323, 
        38.96908291430895
       ], 
       [
        1.268893228033671, 
        38.96702180726258
       ], 
       [
        1.284925012954291, 
        38.974655996359964
       ], 
       [
        1.303473117389342, 
        38.96987244630536
       ]
      ]
     ], 
     [
      [
       [
        1.413545074403677, 
        38.721675841254424
       ], 
       [
        1.441174874093598, 
        38.744358155156156
       ], 
       [
        1.456042066928503, 
        38.726651163596365
       ], 
       [
        1.471881083174857, 
        38.72128164117593
       ], 
       [
        1.478792718449877, 
        38.70289064528572
       ], 
       [
        1.513294496459341, 
        38.67992428050922
       ], 
       [
        1.531414239829872, 
        38.67304366344621
       ], 
       [
        1.561546126233557, 
        38.69117871835914
       ], 
       [
        1.578656568441502, 
        38.684674835866325
       ], 
       [
        1.585711520663604, 
        38.6632602583406
       ], 
       [
        1.569797851879925, 
        38.65091995061818
       ], 
       [
        1.525275714258264, 
        38.65345778652239
       ], 
       [
        1.517214318604944, 
        38.66210545369737
       ], 
       [
        1.477686568163322, 
        38.68238562934616
       ], 
       [
        1.442975969653878, 
        38.684181262027465
       ], 
       [
        1.395135448464201, 
        38.64167927297114
       ], 
       [
        1.384926043708055, 
        38.646080184759796
       ], 
       [
        1.388332379726135, 
        38.668401850006944
       ], 
       [
        1.381525041977656, 
        38.693033329927665
       ], 
       [
        1.391351463437513, 
        38.699881948838645
       ], 
       [
        1.387918045341393, 
        38.72219924695825
       ], 
       [
        1.397364569377276, 
        38.73132182992367
       ], 
       [
        1.413545074403677, 
        38.721675841254424
       ]
      ]
     ]
    ]
   }, 
   "type": "Feature", 
   "properties": {
    "Valor_PRP1": "20 mm", 
    "Nivel_PR": 3, 
    "Prb_TOTO": "40%-70%", 
    "Sev_TOTO": "Amarillo", 
    "TOTO": "Tormentas", 
    "Des_TOTO": "Pueden ir acompañas de rachas de 70 a 90 km/h y de granizo.", 
    "N_avisos": 2, 
    "Identf_TOTO": "2.49.0.0.724.0.ES.20261006091603.645301TOTO07141791278163", 
    "Expire_PRP1": "2026-10-07T15:59:59+02:00", 
    "Code_TOTO": "2PR-3AM-07TOTO-1791338400-645301", 
    "PRP1": "Lluvias", 
    "Prb_PRP1": "40%-70%", 
    "Expire_TOTO": "2026-10-07T15:59:59+02:00", 
    "Des_PRP1": "Precipitación acumulada en una hora: 20 mm.", 
    "Code_PRP1": "2PR-3AM-01PRP1-1791338400-645301", 
    "Cer_TOTO": "Likely", 
    "Fen_avisos": [
     "PR ", 
     "TOTO "
    ], 
    "Ordn_avisos": [
     "2PR-3AM-01PRP1-1791338400-645301", 
     "2PR-3AM-07TOTO-1791338400-645301"
    ], 
    "Nivel_TOTO": 3, 
    "Onset_TOTO": "2026-10-07T04:00:00+02:00", 
    "COD_Z": "645301", 
    "Av_mayor": 3, 
    "Resum_PRP1": "Aviso de lluvias de nivel amarillo. Ibiza y Formentera", 
    "Cer_PRP1": "Likely", 
    "Onset_PRP1": "2026-10-07T04:00:00+02:00", 
    "Nivel_PRP1": 3, 
    "Identf_PRP1": "2.49.0.0.724.0.ES.20261006091603.645301PRP107141791278163", 
    "Sev_PRP1": "Amarillo", 
    "Nombre_zona": "Ibiza y Formentera", 
    "Resum_TOTO": "Aviso de tormentas de nivel amarillo. Ibiza y Formentera"
   }
  }, 
  {
   "geometry": {
    "type": "Polygon", 
    "coordinates": [
     [
      [
       -3.152013477568802, 
       43.3535499926528
      ], 
      [
       -3.191501598601031, 
       43.36412041432585
      ], 
      [
       -3.212875714547077, 
       43.37789508085666
      ], 
      [
       -3.219549441721969, 
       43.39375683868728
      ], 
      [
       -3.256040276573784, 
       43.40355852821622
      ], 
      [
       -3.275573071048576, 
       43.402684746188946
      ], 
      [
       -3.301220553920478, 
       43.409787369206306
      ], 
      [
       -3.320456366248922, 
       43.40386438135309
      ], 
      [
       -3.325215471553528, 
       43.416258651863615
      ], 
      [
       -3.357147889569206, 
       43.41248969648902
      ], 
      [
       -3.380869753297013, 
       43.415663642199036
      ], 
      [
       -3.425286676867774, 
       43.41385032453461
      ], 
      [
       -3.444944944982101, 
       43.43336847431455
      ], 
      [
       -3.42452326922159, 
       43.444242014315556
      ], 
      [
       -3.434088692494848, 
       43.46505951483529
      ], 
      [
       -3.494593279071433, 
       43.471791944988325
      ], 
      [
       -3.528734456045741, 
       43.4909347756331
      ], 
      [
       -3.5486760823117, 
       43.50932600154967
      ], 
      [
       -3.577141900289372, 
       43.50676378850859
      ], 
      [
       -3.595512985802413, 
       43.513161438494095
      ], 
      [
       -3.610362518542358, 
       43.49877582245071
      ], 
      [
       -3.643411927010159, 
       43.498783703069705
      ], 
      [
       -3.686217746610764, 
       43.47562865199896
      ], 
      [
       -3.704393273977444, 
       43.47992108495414
      ], 
      [
       -3.723812761732826, 
       43.46286325428242
      ], 
      [
       -3.767882438219739, 
       43.44928584105767
      ], 
      [
       -3.77821959155434, 
       43.42463487235871
      ], 
      [
       -3.805182251798485, 
       43.41304902515075
      ], 
      [
       -3.813117325192401, 
       43.40238604645268
      ], 
      [
       -3.807954958999688, 
       43.42186247641285
      ], 
      [
       -3.834016835401496, 
       43.44233067592975
      ], 
      [
       -3.813144165636454, 
       43.44961221349925
      ], 
      [
       -3.80169206305093, 
       43.46117321589682
      ], 
      [
       -3.780879815914962, 
       43.46338816832619
      ], 
      [
       -3.78866134106775, 
       43.491427226809485
      ], 
      [
       -3.810653317333109, 
       43.49535221401648
      ], 
      [
       -3.834623612136993, 
       43.48016111895911
      ], 
      [
       -3.891462329356185, 
       43.47744507520396
      ], 
      [
       -3.942689601001449, 
       43.47039825411569
      ], 
      [
       -3.957239286251756, 
       43.45463742703966
      ], 
      [
       -3.980708608643813, 
       43.441526778310156
      ], 
      [
       -3.997720190625137, 
       43.43977688854621
      ], 
      [
       -4.012415040481557, 
       43.44809348794716
      ], 
      [
       -4.051263755367554, 
       43.437046136959836
      ], 
      [
       -4.05357340683312, 
       43.43414359127592
      ], 
      [
       -4.092958404514743, 
       43.42772320017003
      ], 
      [
       -4.114541925490394, 
       43.41766444191152
      ], 
      [
       -4.150194803616806, 
       43.41203499692166
      ], 
      [
       -4.21772354856894, 
       43.395686748959044
      ], 
      [
       -4.231890804930619, 
       43.40078435639352
      ], 
      [
       -4.270617081881592, 
       43.39373360254349
      ], 
      [
       -4.279610172682654, 
       43.38748355003372
      ], 
      [
       -4.306233295993302, 
       43.392900085608034
      ], 
      [
       -4.331903757211517, 
       43.392378848826645
      ], 
      [
       -4.339459709210269, 
       43.40637287820081
      ], 
      [
       -4.368432109680712, 
       43.39264983159751
      ], 
      [
       -4.414103962818293, 
       43.398504967034974
      ], 
      [
       -4.457774147744797, 
       43.39416584113825
      ], 
      [
       -4.472619510945925, 
       43.389230492661596
      ], 
      [
       -4.499067006128364, 
       43.39631510236382
      ], 
      [
       -4.510913765040613, 
       43.393548007607954
      ], 
      [
       -4.508896153849723, 
       43.512102180940936
      ], 
      [
       -4.523651339565032, 
       43.72893471731847
      ], 
      [
       -4.45714901393201, 
       43.72845467917703
      ], 
      [
       -4.29636034775815, 
       43.73222334161163
      ], 
      [
       -4.208722951410595, 
       43.75865421125898
      ], 
      [
       -4.066050561452427, 
       43.78884687976401
      ], 
      [
       -4.033843152180752, 
       43.79812794477587
      ], 
      [
       -3.999749371607199, 
       43.80280699391738
      ], 
      [
       -3.938006376509912, 
       43.81576704475854
      ], 
      [
       -3.851375509483611, 
       43.82753066588364
      ], 
      [
       -3.7632272337356, 
       43.827063437489336
      ], 
      [
       -3.745274660597247, 
       43.824433853630794
      ], 
      [
       -3.655651240230767, 
       43.842323520432274
      ], 
      [
       -3.560617412768289, 
       43.846520665177856
      ], 
      [
       -3.466440266154469, 
       43.83641399116036
      ], 
      [
       -3.377204962292473, 
       43.81244169434438
      ], 
      [
       -3.221954773219452, 
       43.75667548842157
      ], 
      [
       -3.187009558885981, 
       43.74096715344471
      ], 
      [
       -3.173728720083862, 
       43.63034411215657
      ], 
      [
       -3.152115988132741, 
       43.39457677477206
      ], 
      [
       -3.152013477568802, 
       43.3535499926528
      ]
     ]
    ]
   }, 
   "type": "Feature", 
   "properties": {
    "Expire_COCO": "2026-10-07T14:59:59+02:00", 
    "N_avisos": 1, 
    "Des_COCO": "Viento del oeste o noroeste de 50 a 61 km/h (fuerza 7).", 
    "Provincia": "Cantabria", 
    "Nivel_COCO": 3, 
    "Code_COCO": "2PR-3AM-10COCO-1791356400-663901C", 
    "COD_Z": "663901C", 
    "Cer_COCO": "Likely", 
    "Prb_COCO": "40%-70%", 
    "Av_mayor": 3, 
    "Fen_avisos": [
     "COCO "
    ], 
    "Identf_COCO": "2.49.0.0.724.0.ES.20261006092040.663901COCO07131791278440", 
    "Sev_COCO": "Amarillo", 
    "Onset_COCO": "2026-10-07T09:00:00+02:00", 
    "Nombre_zona": "Litoral cántabro - Costa", 
    "COCO": "Costeros", 
    "Ordn_avisos": [
     "2PR-3AM-10COCO-1791356400-663901C"
    ], 
    "Resum_COCO": "Aviso de costeros de nivel amarillo. Costa - Litoral cántabro"
   }
  }, 
  {
   "geometry": {
    "type": "Polygon", 
    "coordinates": [
     [
      [
       -1.553863013695997, 
       43.04024773260749
      ], 
      [
       -1.530115665220739, 
       43.04407820897586
      ], 
      [
       -1.516990043930955, 
       43.064529144464466
      ], 
      [
       -1.493150214480658, 
       43.056617869520636
      ], 
      [
       -1.490905141117286, 
       43.037507737673586
      ], 
      [
       -1.469073855562835, 
       43.034768493267336
      ], 
      [
       -1.445846732257124, 
       43.053364798474874
      ], 
      [
       -1.440164585693419, 
       43.046471079364736
      ], 
      [
       -1.352476186653295, 
       43.028295583401544
      ], 
      [
       -1.34130711374592, 
       43.05472440067026
      ], 
      [
       -1.343395204358134, 
       43.09481531207886
      ], 
      [
       -1.318383457241106, 
       43.11306241773675
      ], 
      [
       -1.268869545896009, 
       43.118572845804465
      ], 
      [
       -1.298266976679199, 
       43.09255013604367
      ], 
      [
       -1.307523168720588, 
       43.07007740829453
      ], 
      [
       -1.268364258954198, 
       43.05539949271962
      ], 
      [
       -1.246456455219417, 
       43.04298186700695
      ], 
      [
       -1.227974749432886, 
       43.055969618251275
      ], 
      [
       -1.179920543596104, 
       43.03252409984022
      ], 
      [
       -1.173117716378999, 
       43.03758421170174
      ], 
      [
       -1.14396733871316, 
       43.02606660362953
      ], 
      [
       -1.132063310231387, 
       43.00863839080351
      ], 
      [
       -1.1140137089815, 
       43.02350573752654
      ], 
      [
       -1.104864595716631, 
       43.01453022342121
      ], 
      [
       -1.081051689197402, 
       43.01123387839252
      ], 
      [
       -1.070749071432018, 
       42.99816627831981
      ], 
      [
       -1.006780781259036, 
       42.99114484415051
      ], 
      [
       -0.99854098095135, 
       42.97744933931744
      ], 
      [
       -0.973771327377993, 
       42.96356974477265
      ], 
      [
       -0.943852688376963, 
       42.95372541471529
      ], 
      [
       -0.895677672098196, 
       42.95621720667709
      ], 
      [
       -0.862644897703577, 
       42.95111170434655
      ], 
      [
       -0.808335390411139, 
       42.95165104300775
      ], 
      [
       -0.788521060059655, 
       42.96411901255732
      ], 
      [
       -0.750626747424542, 
       42.967405195957355
      ], 
      [
       -0.742317466940434, 
       42.950880616225255
      ], 
      [
       -0.729548715128553, 
       42.94544142362241
      ], 
      [
       -0.726286132228454, 
       42.91953406204486
      ], 
      [
       -0.752228213662403, 
       42.924773949974764
      ], 
      [
       -0.781966783223352, 
       42.92200465891351
      ], 
      [
       -0.81784918663505, 
       42.9009488605929
      ], 
      [
       -0.813471240730898, 
       42.877192517922595
      ], 
      [
       -0.855522073935095, 
       42.84728280452419
      ], 
      [
       -0.846287549549975, 
       42.7862023477309
      ], 
      [
       -0.872064408507624, 
       42.759265262250864
      ], 
      [
       -0.899289317337886, 
       42.760749620297425
      ], 
      [
       -0.899839995242345, 
       42.74300245081538
      ], 
      [
       -0.921738583216565, 
       42.7442845573522
      ], 
      [
       -0.934632936622443, 
       42.7345586781217
      ], 
      [
       -0.947429904502926, 
       42.711736635887846
      ], 
      [
       -0.967964719964706, 
       42.70398961982217
      ], 
      [
       -1.0288352897988, 
       42.69680533426381
      ], 
      [
       -1.042105661464558, 
       42.70222881411359
      ], 
      [
       -1.049657978423157, 
       42.75811542528446
      ], 
      [
       -1.086986674697817, 
       42.76139268467666
      ], 
      [
       -1.107976848542173, 
       42.773591788582536
      ], 
      [
       -1.133815689262204, 
       42.77605099414501
      ], 
      [
       -1.176189840112112, 
       42.84570119148007
      ], 
      [
       -1.201000110731989, 
       42.86701170318668
      ], 
      [
       -1.25871277546233, 
       42.86721990760628
      ], 
      [
       -1.25308532823206, 
       42.84364989059969
      ], 
      [
       -1.260998406732302, 
       42.825040531673636
      ], 
      [
       -1.275190263416174, 
       42.81179312756304
      ], 
      [
       -1.299948398800418, 
       42.811668220537506
      ], 
      [
       -1.312496892814345, 
       42.82426247173409
      ], 
      [
       -1.335625426217537, 
       42.83262433569678
      ], 
      [
       -1.352277050087694, 
       42.82064574688408
      ], 
      [
       -1.363818356327692, 
       42.835714200996925
      ], 
      [
       -1.392433246354768, 
       42.83538123416302
      ], 
      [
       -1.409906208863956, 
       42.811960652008985
      ], 
      [
       -1.43150346831766, 
       42.82510847010386
      ], 
      [
       -1.420944904825186, 
       42.86934784587627
      ], 
      [
       -1.48287982248049, 
       42.88373763825673
      ], 
      [
       -1.501719879125339, 
       42.868758755776184
      ], 
      [
       -1.54712496828332, 
       42.861464874418786
      ], 
      [
       -1.570675335727421, 
       42.84715555280458
      ], 
      [
       -1.572694287256432, 
       42.835474463789595
      ], 
      [
       -1.594734591584766, 
       42.83960120916835
      ], 
      [
       -1.596346532051489, 
       42.85487516484046
      ], 
      [
       -1.585921558272878, 
       42.86601187400038
      ], 
      [
       -1.579440712974031, 
       42.911585775971496
      ], 
      [
       -1.5506408942228, 
       42.93401561513156
      ], 
      [
       -1.564099066330945, 
       42.95078988004702
      ], 
      [
       -1.562266818892651, 
       42.99419622442855
      ], 
      [
       -1.548495939693071, 
       43.000766820702204
      ], 
      [
       -1.553863013695997, 
       43.04024773260749
      ]
     ]
    ]
   }, 
   "type": "Feature", 
   "properties": {
    "Valor_PRP1": "15 mm", 
    "Nivel_PR": 3, 
    "Prb_TOTO": "40%-70%", 
    "Sev_TOTO": "Amarillo", 
    "TOTO": "Tormentas", 
    "Des_TOTO": "Podrán ir acompañadas de granizo y rachas muy fuertes de viento.", 
    "N_avisos": 2, 
    "Identf_TOTO": "2.49.0.0.724.0.ES.20261006182654.743103TOTO07161791311214", 
    "Expire_PRP1": "2026-10-07T17:59:59+02:00", 
    "Code_TOTO": "2PR-3AM-07TOTO-1791309600-743103", 
    "PRP1": "Lluvias", 
    "Prb_PRP1": "40%-70%", 
    "Expire_TOTO": "2026-10-07T17:59:59+02:00", 
    "Des_PRP1": "Precipitación acumulada en una hora: 15 mm.", 
    "Code_PRP1": "2PR-3AM-01PRP1-1791309600-743103", 
    "Cer_TOTO": "Likely", 
    "Fen_avisos": [
     "PR ", 
     "TOTO "
    ], 
    "Ordn_avisos": [
     "2PR-3AM-01PRP1-1791309600-743103", 
     "2PR-3AM-07TOTO-1791309600-743103"
    ], 
    "Nivel_TOTO": 3, 
    "Onset_TOTO": "2026-10-06T20:00:00+02:00", 
    "COD_Z": "743103", 
    "Av_mayor": 3, 
    "Resum_PRP1": "Aviso de lluvias de nivel amarillo. Pirineo navarro", 
    "Cer_PRP1": "Likely", 
    "Onset_PRP1": "2026-10-06T20:00:00+02:00", 
    "Nivel_PRP1": 3, 
    "Identf_PRP1": "2.49.0.0.724.0.ES.20261006182654.743103PRP107161791311214", 
    "Sev_PRP1": "Amarillo", 
    "Nombre_zona": "Pirineo navarro", 
    "Resum_TOTO": "Aviso de tormentas de nivel amarillo. Pirineo navarro"
   }
  }, 
  {
   "geometry": {
    "type": "Polygon", 
    "coordinates": [
     [
      [
       -6.357645381775444, 
       43.05987164171779
      ], 
      [
       -6.364850538939757, 
       43.07776606434469
      ], 
      [
       -6.361504215962944, 
       43.10279550354454
      ], 
      [
       -6.371997094201435, 
       43.1085998586141
      ], 
      [
       -6.375876255448873, 
       43.13599123224242
      ], 
      [
       -6.354418069894185, 
       43.151172789020684
      ], 
      [
       -6.350487468052142, 
       43.17508443202195
      ], 
      [
       -6.339710191869439, 
       43.189724492419806
      ], 
      [
       -6.299499075375693, 
       43.17537043234061
      ], 
      [
       -6.275594128641064, 
       43.17395124551405
      ], 
      [
       -6.265207418190434, 
       43.18679043460877
      ], 
      [
       -6.238949955747248, 
       43.197018364344366
      ], 
      [
       -6.209910623189653, 
       43.174806484980394
      ], 
      [
       -6.170490286565198, 
       43.19632699472918
      ], 
      [
       -6.144918416199275, 
       43.20447949816169
      ], 
      [
       -6.143162429548736, 
       43.21724989338027
      ], 
      [
       -6.125199110717634, 
       43.219615261588565
      ], 
      [
       -6.103206593342427, 
       43.23576375089
      ], 
      [
       -6.091717616079262, 
       43.226765404192435
      ], 
      [
       -6.097683184581306, 
       43.20769626832553
      ], 
      [
       -6.091300825055784, 
       43.189789756004174
      ], 
      [
       -6.067117007077752, 
       43.1725149531856
      ], 
      [
       -6.033266090426817, 
       43.17183360664658
      ], 
      [
       -6.019114103099629, 
       43.21861326587727
      ], 
      [
       -5.974137901719549, 
       43.235224738438305
      ], 
      [
       -5.977137130401133, 
       43.267199623295646
      ], 
      [
       -5.958702486468392, 
       43.27552951249507
      ], 
      [
       -5.94872893620067, 
       43.256051296777855
      ], 
      [
       -5.960630733193525, 
       43.24567752738622
      ], 
      [
       -5.933800922399728, 
       43.21788170085722
      ], 
      [
       -5.930962144066124, 
       43.20694299011951
      ], 
      [
       -5.894927937996521, 
       43.17063974913606
      ], 
      [
       -5.881523736163776, 
       43.167331875798375
      ], 
      [
       -5.857523555978067, 
       43.198403109343715
      ], 
      [
       -5.815470469051969, 
       43.20187761274142
      ], 
      [
       -5.796330542315127, 
       43.187842292571816
      ], 
      [
       -5.785755353198497, 
       43.1936738395189
      ], 
      [
       -5.770025904383564, 
       43.18138768498738
      ], 
      [
       -5.754004373366501, 
       43.19337169572015
      ], 
      [
       -5.719731736079239, 
       43.18893394996002
      ], 
      [
       -5.630126039522039, 
       43.193245454058655
      ], 
      [
       -5.624149567375752, 
       43.185882549676826
      ], 
      [
       -5.587876861882592, 
       43.174851181957905
      ], 
      [
       -5.580044393381496, 
       43.16735684686313
      ], 
      [
       -5.559755012552531, 
       43.17547523301062
      ], 
      [
       -5.534449904047549, 
       43.164504897526946
      ], 
      [
       -5.505021904625827, 
       43.16437005808524
      ], 
      [
       -5.500315209923169, 
       43.197922763841454
      ], 
      [
       -5.469045315963001, 
       43.24585485232768
      ], 
      [
       -5.464913724213146, 
       43.26983127512138
      ], 
      [
       -5.480128920730238, 
       43.2764531650527
      ], 
      [
       -5.479710095144389, 
       43.29010305585271
      ], 
      [
       -5.455539440277068, 
       43.3234707126412
      ], 
      [
       -5.418312744791686, 
       43.341308519694635
      ], 
      [
       -5.428215006999782, 
       43.38419954498586
      ], 
      [
       -5.381728047195332, 
       43.38587097970921
      ], 
      [
       -5.36474550397748, 
       43.407247303716396
      ], 
      [
       -5.33741693563688, 
       43.42845496701444
      ], 
      [
       -5.317546651594739, 
       43.41537204725229
      ], 
      [
       -5.280168990146881, 
       43.41332366355456
      ], 
      [
       -5.263127369224231, 
       43.43095852947781
      ], 
      [
       -5.228084719926827, 
       43.432493370044355
      ], 
      [
       -5.219617012340325, 
       43.43979808058606
      ], 
      [
       -5.183890793250541, 
       43.44105352600906
      ], 
      [
       -5.163293598269929, 
       43.43068574131618
      ], 
      [
       -5.162283261785245, 
       43.4200083888432
      ], 
      [
       -5.124856194943041, 
       43.43025426866398
      ], 
      [
       -5.08408461134923, 
       43.424792311001674
      ], 
      [
       -5.066214165980358, 
       43.41004436707181
      ], 
      [
       -5.029085881295532, 
       43.409944121224
      ], 
      [
       -5.010389837483198, 
       43.39545412972815
      ], 
      [
       -5.005267593920537, 
       43.37904001039451
      ], 
      [
       -4.982014940823007, 
       43.36588565353207
      ], 
      [
       -4.957173829710348, 
       43.366331629279415
      ], 
      [
       -4.925667350279939, 
       43.353108656718
      ], 
      [
       -4.863902070630291, 
       43.35803100231818
      ], 
      [
       -4.848903187608518, 
       43.365144554904845
      ], 
      [
       -4.819232518546904, 
       43.35515792672245
      ], 
      [
       -4.788371226552785, 
       43.353447845123306
      ], 
      [
       -4.776959548661787, 
       43.36238664024642
      ], 
      [
       -4.709824052088814, 
       43.36539121248415
      ], 
      [
       -4.693582954367923, 
       43.35918607708793
      ], 
      [
       -4.620567935104291, 
       43.34950246469419
      ], 
      [
       -4.597958871142643, 
       43.351171271647694
      ], 
      [
       -4.538089635352652, 
       43.34422177660077
      ], 
      [
       -4.517736858597568, 
       43.310188152140846
      ], 
      [
       -4.520348099910118, 
       43.280890024922236
      ], 
      [
       -4.546407388571003, 
       43.26895226158172
      ], 
      [
       -4.549509944905781, 
       43.284874634139044
      ], 
      [
       -4.597790811321593, 
       43.29913008290918
      ], 
      [
       -4.622537418699475, 
       43.288634002868335
      ], 
      [
       -4.634836568451701, 
       43.27107186253046
      ], 
      [
       -4.6585703568866, 
       43.26476036400601
      ], 
      [
       -4.70351493372833, 
       43.26555835920319
      ], 
      [
       -4.724330722525856, 
       43.25658441036981
      ], 
      [
       -4.720286269024367, 
       43.22975891088497
      ], 
      [
       -4.734703046123039, 
       43.20925471187868
      ], 
      [
       -4.732783459136435, 
       43.19014985407927
      ], 
      [
       -4.744433077825625, 
       43.18439014456305
      ], 
      [
       -4.777233715108298, 
       43.1923131146125
      ], 
      [
       -4.817665608661317, 
       43.179233871107016
      ], 
      [
       -4.839645415066653, 
       43.18105245966811
      ], 
      [
       -4.837823175131693, 
       43.19003193243562
      ], 
      [
       -4.860308038348312, 
       43.205893935738814
      ], 
      [
       -4.858776163539088, 
       43.21867773480609
      ], 
      [
       -4.89219530532859, 
       43.23874911564097
      ], 
      [
       -4.91808355273374, 
       43.22778301417073
      ], 
      [
       -4.940880523892358, 
       43.22521937760907
      ], 
      [
       -4.962531590787441, 
       43.212712315656425
      ], 
      [
       -4.995073134170881, 
       43.18606426601167
      ], 
      [
       -5.074902484216179, 
       43.1811861747949
      ], 
      [
       -5.077063845513849, 
       43.16074356040284
      ], 
      [
       -5.093429361261614, 
       43.14365240819312
      ], 
      [
       -5.089674273721051, 
       43.129800615998924
      ], 
      [
       -5.100344575831043, 
       43.1021243275708
      ], 
      [
       -5.139285923088732, 
       43.10319445001659
      ], 
      [
       -5.146409577120457, 
       43.115396737897015
      ], 
      [
       -5.166524508984155, 
       43.10271775456463
      ], 
      [
       -5.187208651337396, 
       43.10004601923504
      ], 
      [
       -5.218795585847062, 
       43.083932396327626
      ], 
      [
       -5.267106718721089, 
       43.08783825607115
      ], 
      [
       -5.280723478066287, 
       43.07770796123365
      ], 
      [
       -5.310099703165104, 
       43.084438794098
      ], 
      [
       -5.340047148901157, 
       43.084064098887936
      ], 
      [
       -5.343416735880871, 
       43.094466923794705
      ], 
      [
       -5.367734321352947, 
       43.09485747489664
      ], 
      [
       -5.38170203534951, 
       43.087517220065024
      ], 
      [
       -5.389049479938398, 
       43.04961858301548
      ], 
      [
       -5.446773853703152, 
       43.05569164265524
      ], 
      [
       -5.480109393253957, 
       43.04105324079255
      ], 
      [
       -5.492347520780552, 
       43.02163538705687
      ], 
      [
       -5.50459663339459, 
       43.028922301018866
      ], 
      [
       -5.539003828746679, 
       43.01863729767083
      ], 
      [
       -5.568735358387865, 
       43.02301574066579
      ], 
      [
       -5.573194371822554, 
       43.03251389395998
      ], 
      [
       -5.641716788109158, 
       43.0381729451123
      ], 
      [
       -5.670430747681758, 
       43.053227134887706
      ], 
      [
       -5.691936998315303, 
       43.05676571991302
      ], 
      [
       -5.72696261281059, 
       43.04279900669428
      ], 
      [
       -5.734330588280405, 
       43.023516531424605
      ], 
      [
       -5.765097724432166, 
       42.98637341959001
      ], 
      [
       -5.762445083514311, 
       42.97041926644181
      ], 
      [
       -5.805702677215475, 
       42.965287458757224
      ], 
      [
       -5.84890882673299, 
       42.96769496233006
      ], 
      [
       -5.862492668679688, 
       42.98167219218907
      ], 
      [
       -5.887731110460941, 
       42.97931793992217
      ], 
      [
       -5.932264583604465, 
       43.01115729715623
      ], 
      [
       -5.955321417536335, 
       43.01888337275897
      ], 
      [
       -5.968822158149728, 
       43.0415836442579
      ], 
      [
       -5.97271500398731, 
       43.0652347213164
      ], 
      [
       -6.018786864165198, 
       43.05516779197262
      ], 
      [
       -6.050809089678583, 
       43.06830075780982
      ], 
      [
       -6.065849071479451, 
       43.06600763867114
      ], 
      [
       -6.080447921352333, 
       43.07600560161632
      ], 
      [
       -6.090420841593243, 
       43.067209866580136
      ], 
      [
       -6.095471272324855, 
       43.03093194897325
      ], 
      [
       -6.135235839381101, 
       43.02128584120829
      ], 
      [
       -6.146977454996494, 
       43.03348755753304
      ], 
      [
       -6.184657174522216, 
       43.049839482847595
      ], 
      [
       -6.212460937805249, 
       43.046954716508715
      ], 
      [
       -6.225372993369143, 
       43.009207575897236
      ], 
      [
       -6.263247260366241, 
       43.017091572381375
      ], 
      [
       -6.283752173394265, 
       43.036663788818714
      ], 
      [
       -6.293727750101413, 
       43.02720203737228
      ], 
      [
       -6.325052430486785, 
       43.031625435819834
      ], 
      [
       -6.331715366677512, 
       43.04678271341804
      ], 
      [
       -6.357645381775444, 
       43.05987164171779
      ]
     ]
    ]
   }, 
   "type": "Feature", 
   "properties": {
    "Valor_PRP1": "15 mm", 
    "Nivel_PR": 2, 
    "Valor_PRP2": "80 mm", 
    "PRP1": "Lluvias", 
    "Expire_PRP1": "2026-10-07T20:59:59+02:00", 
    "PRP2": "Lluvias", 
    "Nombre_zona": "Cordillera y Picos de Europa", 
    "Prb_PRP1": "40%-70%", 
    "Prb_PRP2": "40%-70%", 
    "Expire_PRP2": "2026-10-08T02:59:59+02:00", 
    "Des_PRP1": "Precipitación acumulada en una hora: 15 mm.", 
    "Des_PRP2": "Precipitación acumulada en 12 horas: 80 mm. Podrán acumularse entre 60 y 80 litros en la cara norte de la cordillera y más de 80 litros en Picos de Europa.", 
    "Code_PRP1": "2PR-3AM-01PRP1-1791280800-633305", 
    "Code_PRP2": "2PR-2NA-02PRP2-1791363600-633305", 
    "Fen_avisos": [
     "PR "
    ], 
    "Ordn_avisos": [
     "2PR-2NA-02PRP2-1791363600-633305", 
     "2PR-3AM-01PRP1-1791280800-633305"
    ], 
    "N_avisos": 1, 
    "COD_Z": "633305", 
    "Av_mayor": 2, 
    "Resum_PRP2": "Aviso de lluvias de nivel naranja. Cordillera y Picos de Europa", 
    "Resum_PRP1": "Aviso de lluvias de nivel amarillo. Cordillera y Picos de Europa", 
    "Cer_PRP2": "Likely", 
    "Cer_PRP1": "Likely", 
    "Nivel_PRP2": 2, 
    "Nivel_PRP1": 3, 
    "Sev_PRP2": "Naranja", 
    "Identf_PRP2": "2.49.0.0.724.0.ES.20261007092907.633305PRP208011791365347", 
    "Identf_PRP1": "2.49.0.0.724.0.ES.20261006091633.633305PRP107191791278193", 
    "Sev_PRP1": "Amarillo", 
    "Onset_PRP1": "2026-10-06T12:00:00+02:00", 
    "Onset_PRP2": "2026-10-07T11:00:00+02:00"
   }
  }, 
  {
   "geometry": {
    "type": "Polygon", 
    "coordinates": [
     [
      [
       -6.361141140875045, 
       43.43212431713526
      ], 
      [
       -6.325735863512776, 
       43.48373186013553
      ], 
      [
       -6.304793407504076, 
       43.48107156847115
      ], 
      [
       -6.286416188655135, 
       43.50013045456777
      ], 
      [
       -6.234014831614246, 
       43.49599917091804
      ], 
      [
       -6.216217969105482, 
       43.46781726639543
      ], 
      [
       -6.222798083281647, 
       43.454640060187955
      ], 
      [
       -6.18980625062496, 
       43.45005607092312
      ], 
      [
       -6.143458655045557, 
       43.42085549608115
      ], 
      [
       -6.135740848460792, 
       43.439542497153546
      ], 
      [
       -6.119848037488806, 
       43.4442812359476
      ], 
      [
       -6.096683860978676, 
       43.46929256846163
      ], 
      [
       -6.063292447380746, 
       43.48440912894776
      ], 
      [
       -6.049704215066212, 
       43.48049610862384
      ], 
      [
       -6.039416163411155, 
       43.49796667911558
      ], 
      [
       -6.020280810370759, 
       43.50956631201133
      ], 
      [
       -6.006898261461839, 
       43.48196396083299
      ], 
      [
       -5.971691418445429, 
       43.47177502855222
      ], 
      [
       -5.952292330342735, 
       43.48669241190485
      ], 
      [
       -5.903187702539898, 
       43.50136587687418
      ], 
      [
       -5.852094424162917, 
       43.47854167737554
      ], 
      [
       -5.816872112295725, 
       43.49135407258962
      ], 
      [
       -5.802166389450468, 
       43.485431293767284
      ], 
      [
       -5.778799675052072, 
       43.463943493615304
      ], 
      [
       -5.746181521872217, 
       43.44816566382073
      ], 
      [
       -5.716139121775908, 
       43.45145874640509
      ], 
      [
       -5.696471656876362, 
       43.46634819922533
      ], 
      [
       -5.681045484712808, 
       43.4543493527327
      ], 
      [
       -5.643896941639504, 
       43.455259941491924
      ], 
      [
       -5.623433797425945, 
       43.44363078431843
      ], 
      [
       -5.584096024223316, 
       43.443491697124585
      ], 
      [
       -5.563388658793394, 
       43.42659012046864
      ], 
      [
       -5.510311486945328, 
       43.42224011156904
      ], 
      [
       -5.495067280724235, 
       43.41619935698884
      ], 
      [
       -5.446382242440884, 
       43.41169659009199
      ], 
      [
       -5.42215755481303, 
       43.43818814396067
      ], 
      [
       -5.391079331566952, 
       43.42305013675273
      ], 
      [
       -5.375169067395287, 
       43.4211579763145
      ], 
      [
       -5.36474550397748, 
       43.407247303716396
      ], 
      [
       -5.381728047195332, 
       43.38587097970921
      ], 
      [
       -5.428215006999782, 
       43.38419954498586
      ], 
      [
       -5.418312744791686, 
       43.341308519694635
      ], 
      [
       -5.455539440277068, 
       43.3234707126412
      ], 
      [
       -5.479710095144389, 
       43.29010305585271
      ], 
      [
       -5.480128920730238, 
       43.2764531650527
      ], 
      [
       -5.464913724213146, 
       43.26983127512138
      ], 
      [
       -5.469045315963001, 
       43.24585485232768
      ], 
      [
       -5.500315209923169, 
       43.197922763841454
      ], 
      [
       -5.505021904625827, 
       43.16437005808524
      ], 
      [
       -5.534449904047549, 
       43.164504897526946
      ], 
      [
       -5.559755012552531, 
       43.17547523301062
      ], 
      [
       -5.580044393381496, 
       43.16735684686313
      ], 
      [
       -5.587876861882592, 
       43.174851181957905
      ], 
      [
       -5.624149567375752, 
       43.185882549676826
      ], 
      [
       -5.630126039522039, 
       43.193245454058655
      ], 
      [
       -5.719731736079239, 
       43.18893394996002
      ], 
      [
       -5.754004373366501, 
       43.19337169572015
      ], 
      [
       -5.770025904383564, 
       43.18138768498738
      ], 
      [
       -5.785755353198497, 
       43.1936738395189
      ], 
      [
       -5.796330542315127, 
       43.187842292571816
      ], 
      [
       -5.815470469051969, 
       43.20187761274142
      ], 
      [
       -5.857523555978067, 
       43.198403109343715
      ], 
      [
       -5.881523736163776, 
       43.167331875798375
      ], 
      [
       -5.894927937996521, 
       43.17063974913606
      ], 
      [
       -5.930962144066124, 
       43.20694299011951
      ], 
      [
       -5.933800922399728, 
       43.21788170085722
      ], 
      [
       -5.960630733193525, 
       43.24567752738622
      ], 
      [
       -5.94872893620067, 
       43.256051296777855
      ], 
      [
       -5.958702486468392, 
       43.27552951249507
      ], 
      [
       -5.977137130401133, 
       43.267199623295646
      ], 
      [
       -5.974137901719549, 
       43.235224738438305
      ], 
      [
       -6.019114103099629, 
       43.21861326587727
      ], 
      [
       -6.033266090426817, 
       43.17183360664658
      ], 
      [
       -6.067117007077752, 
       43.1725149531856
      ], 
      [
       -6.091300825055784, 
       43.189789756004174
      ], 
      [
       -6.097683184581306, 
       43.20769626832553
      ], 
      [
       -6.091717616079262, 
       43.226765404192435
      ], 
      [
       -6.103206593342427, 
       43.23576375089
      ], 
      [
       -6.125199110717634, 
       43.219615261588565
      ], 
      [
       -6.143162429548736, 
       43.21724989338027
      ], 
      [
       -6.144918416199275, 
       43.20447949816169
      ], 
      [
       -6.170490286565198, 
       43.19632699472918
      ], 
      [
       -6.209910623189653, 
       43.174806484980394
      ], 
      [
       -6.238949955747248, 
       43.197018364344366
      ], 
      [
       -6.265207418190434, 
       43.18679043460877
      ], 
      [
       -6.275594128641064, 
       43.17395124551405
      ], 
      [
       -6.299499075375693, 
       43.17537043234061
      ], 
      [
       -6.339710191869439, 
       43.189724492419806
      ], 
      [
       -6.329277653041729, 
       43.22480042190198
      ], 
      [
       -6.313993702890017, 
       43.23447326745247
      ], 
      [
       -6.338099585148775, 
       43.24993282776165
      ], 
      [
       -6.331150069919479, 
       43.269520056179545
      ], 
      [
       -6.331814837195934, 
       43.29454819449373
      ], 
      [
       -6.307731053594964, 
       43.31251650788469
      ], 
      [
       -6.313727165047315, 
       43.33071867754845
      ], 
      [
       -6.305416672304763, 
       43.34484262555489
      ], 
      [
       -6.325026405460954, 
       43.377252829192095
      ], 
      [
       -6.346768460095189, 
       43.39462453885182
      ], 
      [
       -6.343498085867403, 
       43.40541621916841
      ], 
      [
       -6.361141140875045, 
       43.43212431713526
      ]
     ]
    ]
   }, 
   "type": "Feature", 
   "properties": {
    "Valor_PRP1": "15 mm", 
    "Nivel_PR": 3, 
    "Valor_PRP2": "40 mm", 
    "PRP1": "Lluvias", 
    "Expire_PRP1": "2026-10-07T20:59:59+02:00", 
    "PRP2": "Lluvias", 
    "Nombre_zona": "Central y Valles Mineros", 
    "Prb_PRP1": "40%-70%", 
    "Prb_PRP2": "40%-70%", 
    "Expire_PRP2": "2026-10-07T23:59:59+02:00", 
    "Des_PRP1": "Precipitación acumulada en una hora: 15 mm.", 
    "Des_PRP2": "Precipitación acumulada en 12 horas: 40 mm. Estos acumulados pueden alcanzarse en 3-4 horas.", 
    "Code_PRP1": "2PR-3AM-01PRP1-1791324000-633304", 
    "Code_PRP2": "2PR-3AM-02PRP2-1791280800-633304", 
    "Fen_avisos": [
     "PR "
    ], 
    "Ordn_avisos": [
     "2PR-3AM-01PRP1-1791324000-633304", 
     "2PR-3AM-02PRP2-1791280800-633304"
    ], 
    "N_avisos": 1, 
    "COD_Z": "633304", 
    "Av_mayor": 3, 
    "Resum_PRP2": "Aviso de lluvias de nivel amarillo. Central y Valles Mineros", 
    "Resum_PRP1": "Aviso de lluvias de nivel amarillo. Central y Valles Mineros", 
    "Cer_PRP2": "Likely", 
    "Cer_PRP1": "Likely", 
    "Nivel_PRP2": 3, 
    "Nivel_PRP1": 3, 
    "Sev_PRP2": "Amarillo", 
    "Identf_PRP2": "2.49.0.0.724.0.ES.20261006091633.633304PRP207221791278193", 
    "Identf_PRP1": "2.49.0.0.724.0.ES.20261006091633.633304PRP107191791278193", 
    "Sev_PRP1": "Amarillo", 
    "Onset_PRP1": "2026-10-07T00:00:00+02:00", 
    "Onset_PRP2": "2026-10-06T12:00:00+02:00"
   }
  }, 
  {
   "geometry": {
    "type": "Polygon", 
    "coordinates": [
     [
      [
       -7.054483125403801, 
       43.472731264939895
      ], 
      [
       -7.046169593019339, 
       43.478184861479455
      ], 
      [
       -7.046133307207319, 
       43.50759837131998
      ], 
      [
       -7.030396797977607, 
       43.54484151345086
      ], 
      [
       -7.021902991291816, 
       43.55724086299286
      ], 
      [
       -6.995513987901095, 
       43.55467456036422
      ], 
      [
       -6.946722606389692, 
       43.56782358189807
      ], 
      [
       -6.912743255204894, 
       43.573098666493614
      ], 
      [
       -6.872664577331113, 
       43.563121809498945
      ], 
      [
       -6.829304659403664, 
       43.567168354527915
      ], 
      [
       -6.807550922248387, 
       43.55500383595001
      ], 
      [
       -6.782282608439639, 
       43.55673507525582
      ], 
      [
       -6.772985199281609, 
       43.56861146578569
      ], 
      [
       -6.757017735055107, 
       43.56172865720838
      ], 
      [
       -6.719570149906944, 
       43.556751821347135
      ], 
      [
       -6.708982392971143, 
       43.563749451370775
      ], 
      [
       -6.683646414708341, 
       43.55879882105578
      ], 
      [
       -6.665415762383453, 
       43.5656066074513
      ], 
      [
       -6.624799299553137, 
       43.57241884155827
      ], 
      [
       -6.596923290230745, 
       43.55418137338293
      ], 
      [
       -6.560776935656411, 
       43.556700792941676
      ], 
      [
       -6.538305319661927, 
       43.54777510077455
      ], 
      [
       -6.500241947138776, 
       43.552009257849164
      ], 
      [
       -6.475264631724102, 
       43.55011624725543
      ], 
      [
       -6.468315361290799, 
       43.57093554829846
      ], 
      [
       -6.428635901308845, 
       43.5531643579747
      ], 
      [
       -6.395127014613632, 
       43.56044068648072
      ], 
      [
       -6.35285880682815, 
       43.55126389687891
      ], 
      [
       -6.330637589911319, 
       43.56155649033127
      ], 
      [
       -6.302604162311394, 
       43.56329795734186
      ], 
      [
       -6.239984845584154, 
       43.59243421482878
      ], 
      [
       -6.207456831417483, 
       43.585447646481825
      ], 
      [
       -6.20136002574869, 
       43.57278019207167
      ], 
      [
       -6.182776791241924, 
       43.562981927001275
      ], 
      [
       -6.168680778549685, 
       43.56993720652438
      ], 
      [
       -6.134024872503268, 
       43.56473523820966
      ], 
      [
       -6.115421429296414, 
       43.55548469596749
      ], 
      [
       -6.063197948615048, 
       43.565846422156675
      ], 
      [
       -6.027573116759963, 
       43.58653137929237
      ], 
      [
       -5.996734921330984, 
       43.57860247665652
      ], 
      [
       -5.95886053359364, 
       43.57878857165056
      ], 
      [
       -5.939904224671618, 
       43.59463761889892
      ], 
      [
       -5.937565904636289, 
       43.59469778025263
      ], 
      [
       -5.912448177325698, 
       43.58991201149043
      ], 
      [
       -5.899129009758787, 
       43.5784925400306
      ], 
      [
       -5.880640270911816, 
       43.574620693142585
      ], 
      [
       -5.881404025164507, 
       43.5576661877777
      ], 
      [
       -5.845644046464749, 
       43.54780358232769
      ], 
      [
       -5.861382292930929, 
       43.528836528175724
      ], 
      [
       -5.816872112295725, 
       43.49135407258962
      ], 
      [
       -5.852094424162917, 
       43.47854167737554
      ], 
      [
       -5.903187702539898, 
       43.50136587687418
      ], 
      [
       -5.952292330342735, 
       43.48669241190485
      ], 
      [
       -5.971691418445429, 
       43.47177502855222
      ], 
      [
       -6.006898261461839, 
       43.48196396083299
      ], 
      [
       -6.020280810370759, 
       43.50956631201133
      ], 
      [
       -6.039416163411155, 
       43.49796667911558
      ], 
      [
       -6.049704215066212, 
       43.48049610862384
      ], 
      [
       -6.063292447380746, 
       43.48440912894776
      ], 
      [
       -6.096683860978676, 
       43.46929256846163
      ], 
      [
       -6.119848037488806, 
       43.4442812359476
      ], 
      [
       -6.135740848460792, 
       43.439542497153546
      ], 
      [
       -6.143458655045557, 
       43.42085549608115
      ], 
      [
       -6.18980625062496, 
       43.45005607092312
      ], 
      [
       -6.222798083281647, 
       43.454640060187955
      ], 
      [
       -6.216217969105482, 
       43.46781726639543
      ], 
      [
       -6.234014831614246, 
       43.49599917091804
      ], 
      [
       -6.286416188655135, 
       43.50013045456777
      ], 
      [
       -6.304793407504076, 
       43.48107156847115
      ], 
      [
       -6.325735863512776, 
       43.48373186013553
      ], 
      [
       -6.361141140875045, 
       43.43212431713526
      ], 
      [
       -6.381760715420599, 
       43.42172016773702
      ], 
      [
       -6.393618773899593, 
       43.39852721326607
      ], 
      [
       -6.428001711113416, 
       43.408520509119434
      ], 
      [
       -6.431967954910184, 
       43.42406702823455
      ], 
      [
       -6.451899606774685, 
       43.439393064788256
      ], 
      [
       -6.47248487726318, 
       43.44221727811663
      ], 
      [
       -6.492908352141252, 
       43.43254630363081
      ], 
      [
       -6.524180007292827, 
       43.43686150138224
      ], 
      [
       -6.549094826978809, 
       43.457040279415
      ], 
      [
       -6.57446680742189, 
       43.459328032989774
      ], 
      [
       -6.597294090792196, 
       43.4551540618854
      ], 
      [
       -6.60712247513337, 
       43.4377651460369
      ], 
      [
       -6.629617431259853, 
       43.424907215740696
      ], 
      [
       -6.636410832750697, 
       43.43994236529322
      ], 
      [
       -6.65636148931237, 
       43.444599149907916
      ], 
      [
       -6.639667298154694, 
       43.47627408821288
      ], 
      [
       -6.66316943802667, 
       43.49324055981063
      ], 
      [
       -6.723509167923201, 
       43.493917714561654
      ], 
      [
       -6.721227934030387, 
       43.46505639047251
      ], 
      [
       -6.744344980616916, 
       43.45650406803728
      ], 
      [
       -6.772355571337914, 
       43.45818398403998
      ], 
      [
       -6.796748039280124, 
       43.472905656905255
      ], 
      [
       -6.814930361638888, 
       43.46933761579423
      ], 
      [
       -6.826275399479117, 
       43.451096083817866
      ], 
      [
       -6.838122847415266, 
       43.44811459520415
      ], 
      [
       -6.895355445673961, 
       43.4593836715876
      ], 
      [
       -6.908367313935242, 
       43.43884442762511
      ], 
      [
       -6.90297500749641, 
       43.417835919447114
      ], 
      [
       -6.928840322742007, 
       43.386212710467525
      ], 
      [
       -6.954766937588237, 
       43.37413599224403
      ], 
      [
       -6.967529894377598, 
       43.39173516348846
      ], 
      [
       -6.950798978615912, 
       43.419954357004016
      ], 
      [
       -6.955789800606828, 
       43.436824094029724
      ], 
      [
       -6.974223587473562, 
       43.417043706132326
      ], 
      [
       -7.00951210555646, 
       43.45762831725622
      ], 
      [
       -7.001174790887549, 
       43.47454012740522
      ], 
      [
       -7.054483125403801, 
       43.472731264939895
      ]
     ]
    ]
   }, 
   "type": "Feature", 
   "properties": {
    "Valor_PRP1": "15 mm", 
    "Nivel_PR": 3, 
    "Prb_TOTO": "40%-70%", 
    "Sev_TOTO": "Amarillo", 
    "TOTO": "Tormentas", 
    "Des_TOTO": "Podrán ir acompañadas de granizo y rachas muy fuertes.", 
    "N_avisos": 2, 
    "Identf_TOTO": "2.49.0.0.724.0.ES.20261006173235.633301TOTO07191791307955", 
    "Expire_PRP1": "2026-10-07T20:59:59+02:00", 
    "Code_TOTO": "2PR-3AM-07TOTO-1791306000-633301", 
    "PRP2": "Lluvias", 
    "PRP1": "Lluvias", 
    "Prb_PRP1": "40%-70%", 
    "Prb_PRP2": "40%-70%", 
    "Expire_TOTO": "2026-10-07T20:59:59+02:00", 
    "Des_PRP1": "Precipitación acumulada en una hora: 15 mm.", 
    "Des_PRP2": "Precipitación acumulada en 12 horas: 40 mm. Podrán acumularse entre 60 y 80 litros en la cara norte de la cordillera y más de 80 litros en Picos de Europa.", 
    "Code_PRP1": "2PR-3AM-01PRP1-1791280800-633301", 
    "Code_PRP2": "2PR-3AM-02PRP2-1791324000-633301", 
    "Cer_TOTO": "Likely", 
    "Fen_avisos": [
     "PR ", 
     "TOTO "
    ], 
    "Expire_PRP2": "2026-10-07T23:59:59+02:00", 
    "Nivel_TOTO": 3, 
    "Onset_TOTO": "2026-10-06T19:00:00+02:00", 
    "COD_Z": "633301", 
    "Av_mayor": 3, 
    "Resum_PRP2": "Aviso de lluvias de nivel amarillo. Litoral occidental asturiano", 
    "Resum_PRP1": "Aviso de lluvias de nivel amarillo. Litoral occidental asturiano", 
    "Cer_PRP2": "Likely", 
    "Cer_PRP1": "Likely", 
    "Onset_PRP1": "2026-10-06T12:00:00+02:00", 
    "Nivel_PRP2": 3, 
    "Nivel_PRP1": 3, 
    "Valor_PRP2": "40 mm", 
    "Sev_PRP2": "Amarillo", 
    "Identf_PRP2": "2.49.0.0.724.0.ES.20261006091633.633301PRP207221791278193", 
    "Ordn_avisos": [
     "2PR-3AM-01PRP1-1791280800-633301", 
     "2PR-3AM-02PRP2-1791324000-633301", 
     "2PR-3AM-07TOTO-1791306000-633301"
    ], 
    "Identf_PRP1": "2.49.0.0.724.0.ES.20261006091633.633301PRP107191791278193", 
    "Sev_PRP1": "Amarillo", 
    "Nombre_zona": "Litoral occidental asturiano", 
    "Resum_TOTO": "Aviso de tormentas de nivel amarillo. Litoral occidental asturiano", 
    "Onset_PRP2": "2026-10-07T00:00:00+02:00"
   }
  }, 
  {
   "geometry": {
    "type": "Polygon", 
    "coordinates": [
     [
      [
       -7.054483125403801, 
       43.472731264939895
      ], 
      [
       -7.001174790887549, 
       43.47454012740522
      ], 
      [
       -7.00951210555646, 
       43.45762831725622
      ], 
      [
       -6.974223587473562, 
       43.417043706132326
      ], 
      [
       -6.955789800606828, 
       43.436824094029724
      ], 
      [
       -6.950798978615912, 
       43.419954357004016
      ], 
      [
       -6.967529894377598, 
       43.39173516348846
      ], 
      [
       -6.954766937588237, 
       43.37413599224403
      ], 
      [
       -6.928840322742007, 
       43.386212710467525
      ], 
      [
       -6.90297500749641, 
       43.417835919447114
      ], 
      [
       -6.908367313935242, 
       43.43884442762511
      ], 
      [
       -6.895355445673961, 
       43.4593836715876
      ], 
      [
       -6.838122847415266, 
       43.44811459520415
      ], 
      [
       -6.826275399479117, 
       43.451096083817866
      ], 
      [
       -6.814930361638888, 
       43.46933761579423
      ], 
      [
       -6.796748039280124, 
       43.472905656905255
      ], 
      [
       -6.772355571337914, 
       43.45818398403998
      ], 
      [
       -6.744344980616916, 
       43.45650406803728
      ], 
      [
       -6.721227934030387, 
       43.46505639047251
      ], 
      [
       -6.723509167923201, 
       43.493917714561654
      ], 
      [
       -6.66316943802667, 
       43.49324055981063
      ], 
      [
       -6.639667298154694, 
       43.47627408821288
      ], 
      [
       -6.65636148931237, 
       43.444599149907916
      ], 
      [
       -6.636410832750697, 
       43.43994236529322
      ], 
      [
       -6.629617431259853, 
       43.424907215740696
      ], 
      [
       -6.60712247513337, 
       43.4377651460369
      ], 
      [
       -6.597294090792196, 
       43.4551540618854
      ], 
      [
       -6.57446680742189, 
       43.459328032989774
      ], 
      [
       -6.549094826978809, 
       43.457040279415
      ], 
      [
       -6.524180007292827, 
       43.43686150138224
      ], 
      [
       -6.492908352141252, 
       43.43254630363081
      ], 
      [
       -6.47248487726318, 
       43.44221727811663
      ], 
      [
       -6.451899606774685, 
       43.439393064788256
      ], 
      [
       -6.431967954910184, 
       43.42406702823455
      ], 
      [
       -6.428001711113416, 
       43.408520509119434
      ], 
      [
       -6.393618773899593, 
       43.39852721326607
      ], 
      [
       -6.381760715420599, 
       43.42172016773702
      ], 
      [
       -6.361141140875045, 
       43.43212431713526
      ], 
      [
       -6.343498085867403, 
       43.40541621916841
      ], 
      [
       -6.346768460095189, 
       43.39462453885182
      ], 
      [
       -6.325026405460954, 
       43.377252829192095
      ], 
      [
       -6.305416672304763, 
       43.34484262555489
      ], 
      [
       -6.313727165047315, 
       43.33071867754845
      ], 
      [
       -6.307731053594964, 
       43.31251650788469
      ], 
      [
       -6.331814837195934, 
       43.29454819449373
      ], 
      [
       -6.331150069919479, 
       43.269520056179545
      ], 
      [
       -6.338099585148775, 
       43.24993282776165
      ], 
      [
       -6.313993702890017, 
       43.23447326745247
      ], 
      [
       -6.329277653041729, 
       43.22480042190198
      ], 
      [
       -6.339710191869439, 
       43.189724492419806
      ], 
      [
       -6.350487468052142, 
       43.17508443202195
      ], 
      [
       -6.354418069894185, 
       43.151172789020684
      ], 
      [
       -6.375876255448873, 
       43.13599123224242
      ], 
      [
       -6.371997094201435, 
       43.1085998586141
      ], 
      [
       -6.361504215962944, 
       43.10279550354454
      ], 
      [
       -6.364850538939757, 
       43.07776606434469
      ], 
      [
       -6.357645381775444, 
       43.05987164171779
      ], 
      [
       -6.372103492667187, 
       43.041402750978854
      ], 
      [
       -6.39560376321115, 
       43.03861825693166
      ], 
      [
       -6.392908994625939, 
       43.01690944176027
      ], 
      [
       -6.422637257995427, 
       42.98817493796129
      ], 
      [
       -6.444995116602405, 
       42.98247034668433
      ], 
      [
       -6.469406901140052, 
       42.991978255176384
      ], 
      [
       -6.473236264680797, 
       42.97091950096339
      ], 
      [
       -6.43219505807969, 
       42.96446082909994
      ], 
      [
       -6.440165635922007, 
       42.93987527983472
      ], 
      [
       -6.477142775692803, 
       42.93386769919176
      ], 
      [
       -6.488325341274329, 
       42.92055275091739
      ], 
      [
       -6.509131576645239, 
       42.92903679180911
      ], 
      [
       -6.535501554257355, 
       42.92116551925415
      ], 
      [
       -6.53978840055166, 
       42.91281253391295
      ], 
      [
       -6.577949158902859, 
       42.91880959439083
      ], 
      [
       -6.605053925052776, 
       42.91640950580361
      ], 
      [
       -6.637332350553851, 
       42.925768251476214
      ], 
      [
       -6.688451168301233, 
       42.92277084023693
      ], 
      [
       -6.721737069803837, 
       42.917685456930926
      ], 
      [
       -6.755212655342449, 
       42.88336771840659
      ], 
      [
       -6.769212969854697, 
       42.89893325006358
      ], 
      [
       -6.822729629517037, 
       42.915370189271556
      ], 
      [
       -6.840414261533388, 
       42.92850764752794
      ], 
      [
       -6.834630592658676, 
       42.95807098303193
      ], 
      [
       -6.870308975241096, 
       42.98923550508932
      ], 
      [
       -6.908858293567951, 
       42.99044442526157
      ], 
      [
       -6.939173958905648, 
       43.01169563419935
      ], 
      [
       -6.945088331048097, 
       43.03275733028841
      ], 
      [
       -6.955638930874225, 
       43.03708327381483
      ], 
      [
       -6.962690787385062, 
       42.995658003889105
      ], 
      [
       -6.973630458000644, 
       42.99659260231165
      ], 
      [
       -6.995705463969808, 
       43.019789489027545
      ], 
      [
       -6.98044682856927, 
       43.04167772369654
      ], 
      [
       -6.96317415653729, 
       43.03497650209994
      ], 
      [
       -6.964673868652151, 
       43.0616550830599
      ], 
      [
       -6.950353636666868, 
       43.076493232780834
      ], 
      [
       -6.921902750744336, 
       43.08215505455069
      ], 
      [
       -6.914130739966518, 
       43.073724431222594
      ], 
      [
       -6.892526669556032, 
       43.09209985199252
      ], 
      [
       -6.869885500075789, 
       43.091509458956025
      ], 
      [
       -6.863776489606436, 
       43.10140372125307
      ], 
      [
       -6.826143768746587, 
       43.123485705381825
      ], 
      [
       -6.823206618123445, 
       43.140636210417625
      ], 
      [
       -6.837449690075299, 
       43.16643914544776
      ], 
      [
       -6.870247538641294, 
       43.18016099971091
      ], 
      [
       -6.917978149054083, 
       43.14129678338036
      ], 
      [
       -6.940096554982459, 
       43.13212710137032
      ], 
      [
       -6.955894760506188, 
       43.13577661736488
      ], 
      [
       -6.972001205917559, 
       43.14983886311747
      ], 
      [
       -6.97930366041691, 
       43.16684372830437
      ], 
      [
       -6.963648225521732, 
       43.18738397805157
      ], 
      [
       -6.969548501699387, 
       43.20454608675822
      ], 
      [
       -7.018581156121654, 
       43.213536141822274
      ], 
      [
       -7.063813773214386, 
       43.24974835241983
      ], 
      [
       -7.070032126713166, 
       43.271512210931114
      ], 
      [
       -7.063203603983412, 
       43.28903209820851
      ], 
      [
       -7.072458704325354, 
       43.305988093354955
      ], 
      [
       -7.0851395756493, 
       43.300592513264334
      ], 
      [
       -7.099452958671345, 
       43.304103860040215
      ], 
      [
       -7.13130422867425, 
       43.34802441787293
      ], 
      [
       -7.126046603061752, 
       43.37289142766615
      ], 
      [
       -7.13752795285759, 
       43.38363945624154
      ], 
      [
       -7.158069662425977, 
       43.375015651342004
      ], 
      [
       -7.178764966019273, 
       43.39651499889564
      ], 
      [
       -7.175315946625394, 
       43.41493491212055
      ], 
      [
       -7.160513464375097, 
       43.43229260736414
      ], 
      [
       -7.127980762996682, 
       43.42403870999399
      ], 
      [
       -7.095631805024399, 
       43.43318938215301
      ], 
      [
       -7.088836441865978, 
       43.4542385286942
      ], 
      [
       -7.054483125403801, 
       43.472731264939895
      ]
     ]
    ]
   }, 
   "type": "Feature", 
   "properties": {
    "Valor_PRP1": "15 mm", 
    "Nivel_PR": 3, 
    "Valor_PRP2": "40 mm", 
    "PRP1": "Lluvias", 
    "Expire_PRP1": "2026-10-07T20:59:59+02:00", 
    "PRP2": "Lluvias", 
    "Nombre_zona": "Suroccidental asturiana", 
    "Prb_PRP1": "40%-70%", 
    "Prb_PRP2": "40%-70%", 
    "Expire_PRP2": "2026-10-07T23:59:59+02:00", 
    "Des_PRP1": "Precipitación acumulada en una hora: 15 mm.", 
    "Des_PRP2": "Precipitación acumulada en 12 horas: 40 mm. Estos acumulados pueden alcanzarse en 3-4 horas.", 
    "Code_PRP1": "2PR-3AM-01PRP1-1791324000-633303", 
    "Code_PRP2": "2PR-3AM-02PRP2-1791280800-633303", 
    "Fen_avisos": [
     "PR "
    ], 
    "Ordn_avisos": [
     "2PR-3AM-01PRP1-1791324000-633303", 
     "2PR-3AM-02PRP2-1791280800-633303"
    ], 
    "N_avisos": 1, 
    "COD_Z": "633303", 
    "Av_mayor": 3, 
    "Resum_PRP2": "Aviso de lluvias de nivel amarillo. Suroccidental asturiana", 
    "Resum_PRP1": "Aviso de lluvias de nivel amarillo. Suroccidental asturiana", 
    "Cer_PRP2": "Likely", 
    "Cer_PRP1": "Likely", 
    "Nivel_PRP2": 3, 
    "Nivel_PRP1": 3, 
    "Sev_PRP2": "Amarillo", 
    "Identf_PRP2": "2.49.0.0.724.0.ES.20261006091633.633303PRP207221791278193", 
    "Identf_PRP1": "2.49.0.0.724.0.ES.20261006091633.633303PRP107191791278193", 
    "Sev_PRP1": "Amarillo", 
    "Onset_PRP1": "2026-10-07T00:00:00+02:00", 
    "Onset_PRP2": "2026-10-06T12:00:00+02:00"
   }
  }, 
  {
   "geometry": {
    "type": "Polygon", 
    "coordinates": [
     [
      [
       -5.937565904636289, 
       43.59469778025263
      ], 
      [
       -5.911403594755687, 
       43.60856640204377
      ], 
      [
       -5.901462277263676, 
       43.62418791279512
      ], 
      [
       -5.899176875923933, 
       43.628207370470335
      ], 
      [
       -5.887549684012954, 
       43.62300992481095
      ], 
      [
       -5.857919123183072, 
       43.6361256142622
      ], 
      [
       -5.851439920750991, 
       43.658993701780545
      ], 
      [
       -5.824904726494185, 
       43.639755903540554
      ], 
      [
       -5.796298061807749, 
       43.63666942985873
      ], 
      [
       -5.779746645491623, 
       43.62882641537407
      ], 
      [
       -5.780095425100233, 
       43.61112645526324
      ], 
      [
       -5.758795274917861, 
       43.587829063383964
      ], 
      [
       -5.733550138092505, 
       43.57411159580933
      ], 
      [
       -5.699715369075947, 
       43.5693340825654
      ], 
      [
       -5.695686432220587, 
       43.550639128104535
      ], 
      [
       -5.68002425094268, 
       43.542751469440724
      ], 
      [
       -5.647858682498427, 
       43.54280819909408
      ], 
      [
       -5.615052114436677, 
       43.55751913017333
      ], 
      [
       -5.607932945521122, 
       43.55004694069548
      ], 
      [
       -5.546730379488732, 
       43.55057220992259
      ], 
      [
       -5.53011953729426, 
       43.54646652462258
      ], 
      [
       -5.515545429070339, 
       43.553477905153144
      ], 
      [
       -5.49310608757955, 
       43.54518233230275
      ], 
      [
       -5.466139462376129, 
       43.55317742149259
      ], 
      [
       -5.43030645017052, 
       43.55176635041148
      ], 
      [
       -5.407434250508552, 
       43.55653620817246
      ], 
      [
       -5.382022265125668, 
       43.535595375974225
      ], 
      [
       -5.370363522197832, 
       43.54062770133796
      ], 
      [
       -5.352331533770061, 
       43.53269905679446
      ], 
      [
       -5.294329730120076, 
       43.53663341656826
      ], 
      [
       -5.263235190498662, 
       43.51794978449255
      ], 
      [
       -5.213465617943185, 
       43.47405941549022
      ], 
      [
       -5.169825515314822, 
       43.4751573688089
      ], 
      [
       -5.121001738645428, 
       43.48504153699798
      ], 
      [
       -5.114309079639979, 
       43.47716125018609
      ], 
      [
       -5.085058955284225, 
       43.4765281153657
      ], 
      [
       -5.042857177504638, 
       43.46173172908418
      ], 
      [
       -5.012691220128112, 
       43.45858435340105
      ], 
      [
       -4.944637801943501, 
       43.461725219552065
      ], 
      [
       -4.823194510426064, 
       43.436301069443765
      ], 
      [
       -4.768209805447029, 
       43.43072701029757
      ], 
      [
       -4.742959497580213, 
       43.41660950655051
      ], 
      [
       -4.710063820685131, 
       43.40992117232947
      ], 
      [
       -4.676833297881942, 
       43.41008025133571
      ], 
      [
       -4.651683663174462, 
       43.401748546652094
      ], 
      [
       -4.57595966595057, 
       43.393597350548596
      ], 
      [
       -4.53311445664907, 
       43.40091486770071
      ], 
      [
       -4.510913765040613, 
       43.393548007607954
      ], 
      [
       -4.509470424894451, 
       43.38016911356753
      ], 
      [
       -4.533077663928178, 
       43.368599999655736
      ], 
      [
       -4.538089635352652, 
       43.34422177660077
      ], 
      [
       -4.597958871142643, 
       43.351171271647694
      ], 
      [
       -4.620567935104291, 
       43.34950246469419
      ], 
      [
       -4.693582954367923, 
       43.35918607708793
      ], 
      [
       -4.709824052088814, 
       43.36539121248415
      ], 
      [
       -4.776959548661787, 
       43.36238664024642
      ], 
      [
       -4.788371226552785, 
       43.353447845123306
      ], 
      [
       -4.819232518546904, 
       43.35515792672245
      ], 
      [
       -4.848903187608518, 
       43.365144554904845
      ], 
      [
       -4.863902070630291, 
       43.35803100231818
      ], 
      [
       -4.925667350279939, 
       43.353108656718
      ], 
      [
       -4.957173829710348, 
       43.366331629279415
      ], 
      [
       -4.982014940823007, 
       43.36588565353207
      ], 
      [
       -5.005267593920537, 
       43.37904001039451
      ], 
      [
       -5.010389837483198, 
       43.39545412972815
      ], 
      [
       -5.029085881295532, 
       43.409944121224
      ], 
      [
       -5.066214165980358, 
       43.41004436707181
      ], 
      [
       -5.08408461134923, 
       43.424792311001674
      ], 
      [
       -5.124856194943041, 
       43.43025426866398
      ], 
      [
       -5.162283261785245, 
       43.4200083888432
      ], 
      [
       -5.163293598269929, 
       43.43068574131618
      ], 
      [
       -5.183890793250541, 
       43.44105352600906
      ], 
      [
       -5.219617012340325, 
       43.43979808058606
      ], 
      [
       -5.228084719926827, 
       43.432493370044355
      ], 
      [
       -5.263127369224231, 
       43.43095852947781
      ], 
      [
       -5.280168990146881, 
       43.41332366355456
      ], 
      [
       -5.317546651594739, 
       43.41537204725229
      ], 
      [
       -5.33741693563688, 
       43.42845496701444
      ], 
      [
       -5.36474550397748, 
       43.407247303716396
      ], 
      [
       -5.375169067395287, 
       43.4211579763145
      ], 
      [
       -5.391079331566952, 
       43.42305013675273
      ], 
      [
       -5.42215755481303, 
       43.43818814396067
      ], 
      [
       -5.446382242440884, 
       43.41169659009199
      ], 
      [
       -5.495067280724235, 
       43.41619935698884
      ], 
      [
       -5.510311486945328, 
       43.42224011156904
      ], 
      [
       -5.563388658793394, 
       43.42659012046864
      ], 
      [
       -5.584096024223316, 
       43.443491697124585
      ], 
      [
       -5.623433797425945, 
       43.44363078431843
      ], 
      [
       -5.643896941639504, 
       43.455259941491924
      ], 
      [
       -5.681045484712808, 
       43.4543493527327
      ], 
      [
       -5.696471656876362, 
       43.46634819922533
      ], 
      [
       -5.716139121775908, 
       43.45145874640509
      ], 
      [
       -5.746181521872217, 
       43.44816566382073
      ], 
      [
       -5.778799675052072, 
       43.463943493615304
      ], 
      [
       -5.802166389450468, 
       43.485431293767284
      ], 
      [
       -5.816872112295725, 
       43.49135407258962
      ], 
      [
       -5.861382292930929, 
       43.528836528175724
      ], 
      [
       -5.845644046464749, 
       43.54780358232769
      ], 
      [
       -5.881404025164507, 
       43.5576661877777
      ], 
      [
       -5.880640270911816, 
       43.574620693142585
      ], 
      [
       -5.899129009758787, 
       43.5784925400306
      ], 
      [
       -5.912448177325698, 
       43.58991201149043
      ], 
      [
       -5.937565904636289, 
       43.59469778025263
      ]
     ]
    ]
   }, 
   "type": "Feature", 
   "properties": {
    "Valor_PRP1": "15 mm", 
    "Nivel_PR": 3, 
    "Prb_TOTO": "40%-70%", 
    "Sev_TOTO": "Amarillo", 
    "TOTO": "Tormentas", 
    "Des_TOTO": "Podrán ir acompañadas de granizo y rachas muy fuertes.", 
    "N_avisos": 2, 
    "Identf_TOTO": "2.49.0.0.724.0.ES.20261006173235.633302TOTO07191791307955", 
    "Expire_PRP1": "2026-10-07T20:59:59+02:00", 
    "Code_TOTO": "2PR-3AM-07TOTO-1791306000-633302", 
    "PRP2": "Lluvias", 
    "PRP1": "Lluvias", 
    "Prb_PRP1": "40%-70%", 
    "Prb_PRP2": "40%-70%", 
    "Expire_TOTO": "2026-10-07T20:59:59+02:00", 
    "Des_PRP1": "Precipitación acumulada en una hora: 15 mm.", 
    "Des_PRP2": "Precipitación acumulada en 12 horas: 40 mm. Podrán acumularse entre 60 y 80 litros en la cara norte de la cordillera y más de 80 litros en Picos de Europa.", 
    "Code_PRP1": "2PR-3AM-01PRP1-1791280800-633302", 
    "Code_PRP2": "2PR-3AM-02PRP2-1791324000-633302", 
    "Cer_TOTO": "Likely", 
    "Fen_avisos": [
     "PR ", 
     "TOTO "
    ], 
    "Expire_PRP2": "2026-10-07T23:59:59+02:00", 
    "Nivel_TOTO": 3, 
    "Onset_TOTO": "2026-10-06T19:00:00+02:00", 
    "COD_Z": "633302", 
    "Av_mayor": 3, 
    "Resum_PRP2": "Aviso de lluvias de nivel amarillo. Litoral oriental asturiano", 
    "Resum_PRP1": "Aviso de lluvias de nivel amarillo. Litoral oriental asturiano", 
    "Cer_PRP2": "Likely", 
    "Cer_PRP1": "Likely", 
    "Onset_PRP1": "2026-10-06T12:00:00+02:00", 
    "Nivel_PRP2": 3, 
    "Nivel_PRP1": 3, 
    "Valor_PRP2": "40 mm", 
    "Sev_PRP2": "Amarillo", 
    "Identf_PRP2": "2.49.0.0.724.0.ES.20261006091633.633302PRP207221791278193", 
    "Ordn_avisos": [
     "2PR-3AM-01PRP1-1791280800-633302", 
     "2PR-3AM-02PRP2-1791324000-633302", 
     "2PR-3AM-07TOTO-1791306000-633302"
    ], 
    "Identf_PRP1": "2.49.0.0.724.0.ES.20261006091633.633302PRP107191791278193", 
    "Sev_PRP1": "Amarillo", 
    "Nombre_zona": "Litoral oriental asturiano", 
    "Resum_TOTO": "Aviso de tormentas de nivel amarillo. Litoral oriental asturiano", 
    "Onset_PRP2": "2026-10-07T00:00:00+02:00"
   }
  }, 
  {
   "geometry": {
    "type": "Polygon", 
    "coordinates": [
     [
      [
       -4.839645415066653, 
       43.18105245966811
      ], 
      [
       -4.817665608661317, 
       43.179233871107016
      ], 
      [
       -4.777233715108298, 
       43.1923131146125
      ], 
      [
       -4.744433077825625, 
       43.18439014456305
      ], 
      [
       -4.732783459136435, 
       43.19014985407927
      ], 
      [
       -4.734703046123039, 
       43.20925471187868
      ], 
      [
       -4.720286269024367, 
       43.22975891088497
      ], 
      [
       -4.724330722525856, 
       43.25658441036981
      ], 
      [
       -4.70351493372833, 
       43.26555835920319
      ], 
      [
       -4.6585703568866, 
       43.26476036400601
      ], 
      [
       -4.634836568451701, 
       43.27107186253046
      ], 
      [
       -4.622537418699475, 
       43.288634002868335
      ], 
      [
       -4.597790811321593, 
       43.29913008290918
      ], 
      [
       -4.549509944905781, 
       43.284874634139044
      ], 
      [
       -4.546407388571003, 
       43.26895226158172
      ], 
      [
       -4.526311939123588, 
       43.232025875670104
      ], 
      [
       -4.523752459395859, 
       43.19601597438421
      ], 
      [
       -4.51082966092587, 
       43.1725601126859
      ], 
      [
       -4.46299537252006, 
       43.14721336334897
      ], 
      [
       -4.48257653887333, 
       43.12345082346677
      ], 
      [
       -4.465815019993302, 
       43.113906037985906
      ], 
      [
       -4.472125871962225, 
       43.089531043362804
      ], 
      [
       -4.461738125881158, 
       43.06033665718144
      ], 
      [
       -4.474353697651348, 
       43.03897817463897
      ], 
      [
       -4.494491213424529, 
       43.03868991037298
      ], 
      [
       -4.519570415774485, 
       43.0476431835048
      ], 
      [
       -4.557085779785142, 
       43.01979215248653
      ], 
      [
       -4.589242593213086, 
       43.026148447455114
      ], 
      [
       -4.604719164121387, 
       43.03604449013538
      ], 
      [
       -4.636765269124138, 
       43.016951245003014
      ], 
      [
       -4.681052573559574, 
       43.02595295855657
      ], 
      [
       -4.707446144244627, 
       43.02530100039157
      ], 
      [
       -4.71833632999661, 
       43.01752918455132
      ], 
      [
       -4.735633810884618, 
       43.02126608738372
      ], 
      [
       -4.73284565435712, 
       43.04734922390286
      ], 
      [
       -4.742613880825949, 
       43.05672753738798
      ], 
      [
       -4.764742109794148, 
       43.05591111079772
      ], 
      [
       -4.765125189981147, 
       43.074823439150286
      ], 
      [
       -4.815528215660835, 
       43.092934787105385
      ], 
      [
       -4.83143011360189, 
       43.10293723585054
      ], 
      [
       -4.842476018575395, 
       43.14629558207567
      ], 
      [
       -4.833189431206914, 
       43.15773612754229
      ], 
      [
       -4.839645415066653, 
       43.18105245966811
      ]
     ]
    ]
   }, 
   "type": "Feature", 
   "properties": {
    "Nivel_PR": 3, 
    "N_avisos": 1, 
    "Valor_PRP2": "40 mm", 
    "Resum_PRP2": "Aviso de lluvias de nivel amarillo. Liébana", 
    "COD_Z": "663902", 
    "Ordn_avisos": [
     "2PR-3AM-02PRP2-1791345600-663902"
    ], 
    "Identf_PRP2": "2.49.0.0.724.0.ES.20261006165621.663902PRP207221791305781", 
    "Fen_avisos": [
     "PR "
    ], 
    "Des_PRP2": "Precipitación acumulada en 12 horas: 40 mm. Podrán acumularse entre 60 y 80 litros en la zona norte, en el entorno de Treviso y Fuente Dé.", 
    "Av_mayor": 3, 
    "Sev_PRP2": "Amarillo", 
    "Code_PRP2": "2PR-3AM-02PRP2-1791345600-663902", 
    "PRP2": "Lluvias", 
    "Cer_PRP2": "Likely", 
    "Nombre_zona": "Liébana", 
    "Nivel_PRP2": 3, 
    "Onset_PRP2": "2026-10-07T06:00:00+02:00", 
    "Prb_PRP2": "40%-70%", 
    "Expire_PRP2": "2026-10-07T23:59:59+02:00"
   }
  }, 
  {
   "geometry": {
    "type": "Polygon", 
    "coordinates": [
     [
      [
       -0.899839995242345, 
       42.74300245081538
      ], 
      [
       -0.899289317337886, 
       42.760749620297425
      ], 
      [
       -0.872064408507624, 
       42.759265262250864
      ], 
      [
       -0.846287549549975, 
       42.7862023477309
      ], 
      [
       -0.855522073935095, 
       42.84728280452419
      ], 
      [
       -0.813471240730898, 
       42.877192517922595
      ], 
      [
       -0.81784918663505, 
       42.9009488605929
      ], 
      [
       -0.781966783223352, 
       42.92200465891351
      ], 
      [
       -0.752228213662403, 
       42.924773949974764
      ], 
      [
       -0.726286132228454, 
       42.91953406204486
      ], 
      [
       -0.731795583319007, 
       42.898266934579084
      ], 
      [
       -0.697182716647282, 
       42.879233561093876
      ], 
      [
       -0.67751686511543, 
       42.88485105806407
      ], 
      [
       -0.66079885318172, 
       42.86487185979903
      ], 
      [
       -0.634759475197562, 
       42.85342321966126
      ], 
      [
       -0.618713384555657, 
       42.83817907332946
      ], 
      [
       -0.600896665793463, 
       42.83222417975108
      ], 
      [
       -0.59916203191332, 
       42.802770198281735
      ], 
      [
       -0.567977598626388, 
       42.80719027528846
      ], 
      [
       -0.568446274030424, 
       42.78368052599202
      ], 
      [
       -0.551920804919056, 
       42.78083399083719
      ], 
      [
       -0.542914438023019, 
       42.79312119751283
      ], 
      [
       -0.528465691668164, 
       42.79181958325195
      ], 
      [
       -0.524004947465571, 
       42.812307336311186
      ], 
      [
       -0.500040395645733, 
       42.82761608529284
      ], 
      [
       -0.477344484865456, 
       42.8099556053407
      ], 
      [
       -0.44371258999256, 
       42.79630595064463
      ], 
      [
       -0.415251748745766, 
       42.80678707987307
      ], 
      [
       -0.391319381775826, 
       42.80039115764177
      ], 
      [
       -0.364066112671663, 
       42.81616356160619
      ], 
      [
       -0.345266381343719, 
       42.83760944974515
      ], 
      [
       -0.305170268966537, 
       42.841588455446164
      ], 
      [
       -0.277754988901342, 
       42.83673446298166
      ], 
      [
       -0.271673277182172, 
       42.827585327106156
      ], 
      [
       -0.237221329116023, 
       42.81860975627276
      ], 
      [
       -0.236178101654739, 
       42.80798652781615
      ], 
      [
       -0.213304441495767, 
       42.79612235813812
      ], 
      [
       -0.197624189545079, 
       42.795973512456506
      ], 
      [
       -0.158294049747797, 
       42.780947838062524
      ], 
      [
       -0.139617860358242, 
       42.7681736608081
      ], 
      [
       -0.107901014613526, 
       42.73488899973644
      ], 
      [
       -0.105141445934244, 
       42.72122273335868
      ], 
      [
       -0.067519101530964, 
       42.7190942812563
      ], 
      [
       -0.060390632830942, 
       42.6949869793645
      ], 
      [
       -0.01335886477168, 
       42.68504408640126
      ], 
      [
       0.001942550024827, 
       42.68548113711999
      ], 
      [
       0.014231378553622, 
       42.70234725975331
      ], 
      [
       0.050284322105898, 
       42.69591736950415
      ], 
      [
       0.091045808860279, 
       42.71711798387093
      ], 
      [
       0.107093699921988, 
       42.71056951259077
      ], 
      [
       0.135304517025456, 
       42.71578777012324
      ], 
      [
       0.177319430594012, 
       42.737265134698454
      ], 
      [
       0.20715647438388, 
       42.729850662985
      ], 
      [
       0.227945484648685, 
       42.717650765676005
      ], 
      [
       0.260986040185215, 
       42.716443710397215
      ], 
      [
       0.277017747205502, 
       42.6883701778819
      ], 
      [
       0.296186821874728, 
       42.67364264857681
      ], 
      [
       0.322081039870317, 
       42.683460049545445
      ], 
      [
       0.326441221724601, 
       42.70650976875793
      ], 
      [
       0.347520185578853, 
       42.71221127898031
      ], 
      [
       0.361315432090626, 
       42.72447991990925
      ], 
      [
       0.375683511950687, 
       42.71471523691778
      ], 
      [
       0.394163194505431, 
       42.71346166157175
      ], 
      [
       0.39769986711203, 
       42.69460139588942
      ], 
      [
       0.437470548163685, 
       42.69000987636599
      ], 
      [
       0.47546723382759, 
       42.70031491089294
      ], 
      [
       0.518013143156508, 
       42.692171499060656
      ], 
      [
       0.526747613515587, 
       42.702428107422996
      ], 
      [
       0.578583429135149, 
       42.69397536516048
      ], 
      [
       0.598282876033979, 
       42.70578269527648
      ], 
      [
       0.617399868021721, 
       42.69610390282507
      ], 
      [
       0.661277239889618, 
       42.69125948220697
      ], 
      [
       0.676994749979589, 
       42.67137018470591
      ], 
      [
       0.696868050311354, 
       42.65878164479278
      ], 
      [
       0.709743104426428, 
       42.620945082664115
      ], 
      [
       0.739419830610323, 
       42.61264984640208
      ], 
      [
       0.769045595617391, 
       42.610102015762784
      ], 
      [
       0.759884436935213, 
       42.57253350560225
      ], 
      [
       0.751005514345227, 
       42.55307053434555
      ], 
      [
       0.72692458449838, 
       42.53275233720676
      ], 
      [
       0.721475152298274, 
       42.513373240088846
      ], 
      [
       0.734353251424195, 
       42.5046251358483
      ], 
      [
       0.714515689485172, 
       42.487542010012575
      ], 
      [
       0.699184500144648, 
       42.48666995971545
      ], 
      [
       0.71134772505618, 
       42.436673404033506
      ], 
      [
       0.73556941534485, 
       42.41718427224258
      ], 
      [
       0.747301051508781, 
       42.3850618173633
      ], 
      [
       0.735473492171926, 
       42.371798275102776
      ], 
      [
       0.760380478847056, 
       42.348652984774006
      ], 
      [
       0.74156316371191, 
       42.337159032815514
      ], 
      [
       0.760387190550084, 
       42.32618773280223
      ], 
      [
       0.757821059634014, 
       42.30959649526254
      ], 
      [
       0.746032292964067, 
       42.301464913799045
      ], 
      [
       0.735250561244292, 
       42.25002552034788
      ], 
      [
       0.721270804185451, 
       42.23077051079764
      ], 
      [
       0.699791276752273, 
       42.17296602768739
      ], 
      [
       0.697036375957665, 
       42.15229118150211
      ], 
      [
       0.703635669700509, 
       42.12022998104497
      ], 
      [
       0.696752176579685, 
       42.09941824183026
      ], 
      [
       0.680435482624311, 
       42.07633410357772
      ], 
      [
       0.670016706134958, 
       42.06145086061357
      ], 
      [
       0.667219707572091, 
       42.04205492486432
      ], 
      [
       0.652909796716693, 
       42.02654706333503
      ], 
      [
       0.657927343653283, 
       42.00118368491415
      ], 
      [
       0.62497169938911, 
       41.992064472846074
      ], 
      [
       0.610607667196393, 
       41.96837669315425
      ], 
      [
       0.593797673068998, 
       41.9691929735738
      ], 
      [
       0.578433583591712, 
       41.95533827710719
      ], 
      [
       0.569375800557122, 
       41.966597159573375
      ], 
      [
       0.546333663075221, 
       41.974038574284315
      ], 
      [
       0.516147819969267, 
       41.97392370629096
      ], 
      [
       0.501636561420625, 
       41.965219092476524
      ], 
      [
       0.47214231206719, 
       41.970204105815384
      ], 
      [
       0.474469807999774, 
       41.99434707423238
      ], 
      [
       0.436742482207544, 
       42.02605491323932
      ], 
      [
       0.42949949744343, 
       42.0445151878599
      ], 
      [
       0.409615100035561, 
       42.067079611492254
      ], 
      [
       0.346266479639921, 
       42.057888594752434
      ], 
      [
       0.344494472802615, 
       42.068088582040616
      ], 
      [
       0.31501790123549, 
       42.06389312790998
      ], 
      [
       0.304464879193763, 
       42.08337783196801
      ], 
      [
       0.311054871236331, 
       42.10222357325071
      ], 
      [
       0.307524506674766, 
       42.121748560868944
      ], 
      [
       0.326086088858645, 
       42.133898945859656
      ], 
      [
       0.329548957321827, 
       42.158173877144186
      ], 
      [
       0.297010919829473, 
       42.16898365354183
      ], 
      [
       0.297146688660843, 
       42.20417871504522
      ], 
      [
       0.284819764356555, 
       42.22593663089608
      ], 
      [
       0.261131714347098, 
       42.23999408635901
      ], 
      [
       0.228653143030871, 
       42.24493895951252
      ], 
      [
       0.229223585955674, 
       42.22263648440854
      ], 
      [
       0.203117226662043, 
       42.223135116299034
      ], 
      [
       0.188410107432243, 
       42.21664772499127
      ], 
      [
       0.153605910058183, 
       42.23996044773484
      ], 
      [
       0.126212499979602, 
       42.235173215739145
      ], 
      [
       0.096746565986037, 
       42.24786854112311
      ], 
      [
       0.110501337987812, 
       42.275194360651234
      ], 
      [
       0.094673770700467, 
       42.2864915926465
      ], 
      [
       0.099200808928651, 
       42.307323031509654
      ], 
      [
       0.073964014875738, 
       42.30101535128203
      ], 
      [
       0.049143291703598, 
       42.28412848874775
      ], 
      [
       0.03832973771788, 
       42.303109506663496
      ], 
      [
       0.012001443911911, 
       42.29689808407967
      ], 
      [
       0.000858815941588, 
       42.27707389422951
      ], 
      [
       0.006185777962725, 
       42.26186030580374
      ], 
      [
       -0.037151845189581, 
       42.264717989134255
      ], 
      [
       -0.028775998411865, 
       42.27990828091115
      ], 
      [
       -0.041273442117116, 
       42.28725539136411
      ], 
      [
       -0.035697413569998, 
       42.31562029534541
      ], 
      [
       -0.053771944592118, 
       42.33492441790645
      ], 
      [
       -0.061509279451984, 
       42.36057045342036
      ], 
      [
       -0.092095040036779, 
       42.33581350598677
      ], 
      [
       -0.135587412307381, 
       42.30788669985568
      ], 
      [
       -0.166328876331443, 
       42.2940992623251
      ], 
      [
       -0.16312912692772, 
       42.31186768255099
      ], 
      [
       -0.148412658096934, 
       42.33441960124732
      ], 
      [
       -0.174858963158433, 
       42.33115768530003
      ], 
      [
       -0.164652448405572, 
       42.313877446103795
      ], 
      [
       -0.167322974240072, 
       42.29897745648266
      ], 
      [
       -0.221415252308648, 
       42.30602901155501
      ], 
      [
       -0.234702414191982, 
       42.338623892154835
      ], 
      [
       -0.261954809070051, 
       42.34301541416195
      ], 
      [
       -0.270621657102076, 
       42.32758973263069
      ], 
      [
       -0.293721108067981, 
       42.32434657887599
      ], 
      [
       -0.304706479449586, 
       42.343866998977866
      ], 
      [
       -0.334447799795023, 
       42.35014580903941
      ], 
      [
       -0.362368895613803, 
       42.347550197327394
      ], 
      [
       -0.370872091155077, 
       42.32878121364224
      ], 
      [
       -0.393917769299691, 
       42.327317566247956
      ], 
      [
       -0.396294781627093, 
       42.33852875746514
      ], 
      [
       -0.465277819146983, 
       42.33993139194738
      ], 
      [
       -0.520149795847051, 
       42.35516186028109
      ], 
      [
       -0.552574891670177, 
       42.38057779918792
      ], 
      [
       -0.578977323460842, 
       42.391710605972975
      ], 
      [
       -0.609313410102191, 
       42.38269419739848
      ], 
      [
       -0.651667186642978, 
       42.38629858929201
      ], 
      [
       -0.674734709599158, 
       42.39912397888483
      ], 
      [
       -0.655282126583571, 
       42.40958763380098
      ], 
      [
       -0.646474154542762, 
       42.42707488553258
      ], 
      [
       -0.658839059328836, 
       42.4478776319762
      ], 
      [
       -0.680482785210467, 
       42.46959666870346
      ], 
      [
       -0.682213678573397, 
       42.505399348872075
      ], 
      [
       -0.701092385441314, 
       42.50698646478993
      ], 
      [
       -0.712692748629369, 
       42.47255860694458
      ], 
      [
       -0.730423683506429, 
       42.45449602849196
      ], 
      [
       -0.748901703157293, 
       42.452960539745796
      ], 
      [
       -0.777802874341314, 
       42.46268290035214
      ], 
      [
       -0.795318714018191, 
       42.45290865029619
      ], 
      [
       -0.820400545710961, 
       42.458647525752376
      ], 
      [
       -0.821575515327348, 
       42.441596255227026
      ], 
      [
       -0.838140628046203, 
       42.426574328251114
      ], 
      [
       -0.848411027221215, 
       42.44364322087443
      ], 
      [
       -0.880654943997671, 
       42.457346622259976
      ], 
      [
       -0.876002409995061, 
       42.466904910247756
      ], 
      [
       -0.895775036145129, 
       42.479372605615005
      ], 
      [
       -0.891748688024342, 
       42.51014087505184
      ], 
      [
       -0.912007238587012, 
       42.50412735131911
      ], 
      [
       -0.93217892202975, 
       42.50616818264091
      ], 
      [
       -0.915202059267536, 
       42.53761219330105
      ], 
      [
       -0.897015975273684, 
       42.53925184029461
      ], 
      [
       -0.898100540075274, 
       42.5602713551733
      ], 
      [
       -0.917356825630177, 
       42.55557132449469
      ], 
      [
       -0.923544024296498, 
       42.58825459825933
      ], 
      [
       -0.907425073629692, 
       42.58741191687375
      ], 
      [
       -0.903415262254182, 
       42.613227701739696
      ], 
      [
       -0.910054327782654, 
       42.63379013918508
      ], 
      [
       -0.926396977428276, 
       42.65652735105661
      ], 
      [
       -0.900902013955773, 
       42.657170415204035
      ], 
      [
       -0.885811199487862, 
       42.66939146208909
      ], 
      [
       -0.878876652821903, 
       42.69424249223049
      ], 
      [
       -0.901464104731934, 
       42.70245686142939
      ], 
      [
       -0.905599074411074, 
       42.72689044298331
      ], 
      [
       -0.899839995242345, 
       42.74300245081538
      ]
     ]
    ]
   }, 
   "type": "Feature", 
   "properties": {
    "Valor_PRP1": "20 mm", 
    "Nivel_PR": 3, 
    "Prb_TOTO": "40%-70%", 
    "Sev_TOTO": "Amarillo", 
    "TOTO": "Tormentas", 
    "Des_TOTO": "Pueden ir acompañadas de granizo menudo.", 
    "N_avisos": 2, 
    "Identf_TOTO": "2.49.0.0.724.0.ES.20261007065351.622201TOTO07181791356031", 
    "Expire_PRP1": "2026-10-07T19:59:59+02:00", 
    "Code_TOTO": "2PR-3AM-07TOTO-1791352800-622201", 
    "PRP2": "Lluvias", 
    "PRP1": "Lluvias", 
    "Prb_PRP1": "40%-70%", 
    "Prb_PRP2": "40%-70%", 
    "Expire_TOTO": "2026-10-07T19:59:59+02:00", 
    "Des_PRP1": "Precipitación acumulada en una hora: 20 mm.", 
    "Des_PRP2": "Precipitación acumulada en 12 horas: 60 mm.", 
    "Code_PRP1": "2PR-3AM-01PRP1-1791320400-622201", 
    "Code_PRP2": "2PR-3AM-02PRP2-1791288000-622201", 
    "Cer_TOTO": "Likely", 
    "Fen_avisos": [
     "PR ", 
     "TOTO "
    ], 
    "Expire_PRP2": "2026-10-07T19:59:59+02:00", 
    "Nivel_TOTO": 3, 
    "Onset_TOTO": "2026-10-07T08:00:00+02:00", 
    "COD_Z": "622201", 
    "Av_mayor": 3, 
    "Resum_PRP2": "Aviso de lluvias de nivel amarillo. Pirineo oscense", 
    "Resum_PRP1": "Aviso de lluvias de nivel amarillo. Pirineo oscense", 
    "Cer_PRP2": "Likely", 
    "Cer_PRP1": "Likely", 
    "Onset_PRP1": "2026-10-06T23:00:00+02:00", 
    "Nivel_PRP2": 3, 
    "Nivel_PRP1": 3, 
    "Valor_PRP2": "60 mm", 
    "Sev_PRP2": "Amarillo", 
    "Identf_PRP2": "2.49.0.0.724.0.ES.20261006091405.622201PRP207181791278045", 
    "Ordn_avisos": [
     "2PR-3AM-01PRP1-1791320400-622201", 
     "2PR-3AM-02PRP2-1791288000-622201", 
     "2PR-3AM-07TOTO-1791352800-622201"
    ], 
    "Identf_PRP1": "2.49.0.0.724.0.ES.20261006211430.622201PRP107181791321270", 
    "Sev_PRP1": "Amarillo", 
    "Nombre_zona": "Pirineo oscense", 
    "Resum_TOTO": "Aviso de tormentas de nivel amarillo. Pirineo oscense", 
    "Onset_PRP2": "2026-10-06T14:00:00+02:00"
   }
  }, 
  {
   "geometry": {
    "type": "Polygon", 
    "coordinates": [
     [
      [
       3.831360128022526, 
       39.97145854446977
      ], 
      [
       3.826427210470649, 
       39.996467767508626
      ], 
      [
       3.795923696315386, 
       40.00046519867328
      ], 
      [
       3.793566243831407, 
       40.02045506921205
      ], 
      [
       3.819935255530015, 
       40.04031715862857
      ], 
      [
       3.822660094446648, 
       40.05052335119432
      ], 
      [
       3.883113546207726, 
       40.05847491529487
      ], 
      [
       3.942382585964486, 
       40.05689982849731
      ], 
      [
       3.959580304129579, 
       40.061794792018475
      ], 
      [
       3.979481028276378, 
       40.05138479652403
      ], 
      [
       4.022808301922438, 
       40.059893414804684
      ], 
      [
       4.033217292990988, 
       40.065936274966724
      ], 
      [
       4.049399279424795, 
       40.05297980715426
      ], 
      [
       4.07795988305642, 
       40.060564529392266
      ], 
      [
       4.085475502743022, 
       40.07534135606005
      ], 
      [
       4.101975078492025, 
       40.054924089850246
      ], 
      [
       4.131425103162904, 
       40.0556311899564
      ], 
      [
       4.121057026869154, 
       40.0360560683947
      ], 
      [
       4.14185542459894, 
       40.03572681619271
      ], 
      [
       4.137340577640527, 
       40.06731211772563
      ], 
      [
       4.156563363771487, 
       40.068247935997604
      ], 
      [
       4.165664925997604, 
       40.058057526372224
      ], 
      [
       4.169625300320487, 
       40.027737999680866
      ], 
      [
       4.194346658988747, 
       40.02404431973719
      ], 
      [
       4.225775459088047, 
       39.998508563313194
      ], 
      [
       4.256639933567299, 
       39.99968247882007
      ], 
      [
       4.26268088885862, 
       39.9651388432208
      ], 
      [
       4.279453669881259, 
       39.946017625261405
      ], 
      [
       4.275445732362079, 
       39.93378225825376
      ], 
      [
       4.313041917998484, 
       39.88572177292749
      ], 
      [
       4.300790591291161, 
       39.83335363186803
      ], 
      [
       4.288704543397044, 
       39.815064393986084
      ], 
      [
       4.270362511741297, 
       39.809347526732374
      ], 
      [
       4.232635503680789, 
       39.81944862294717
      ], 
      [
       4.175876235641732, 
       39.843399239609056
      ], 
      [
       4.144048156595628, 
       39.862249871545856
      ], 
      [
       4.098675712604329, 
       39.879094675956324
      ], 
      [
       4.079245976663601, 
       39.89658415537849
      ], 
      [
       4.019709079766007, 
       39.92259252429274
      ], 
      [
       3.937914095313725, 
       39.938635065534164
      ], 
      [
       3.912894507433046, 
       39.9256900617062
      ], 
      [
       3.855284371051183, 
       39.921759777368784
      ], 
      [
       3.821869420184256, 
       39.925974620335325
      ], 
      [
       3.831360128022526, 
       39.97145854446977
      ]
     ]
    ]
   }, 
   "type": "Feature", 
   "properties": {
    "Valor_PRP1": "20 mm", 
    "Nivel_PR": 3, 
    "Prb_TOTO": "40%-70%", 
    "Sev_TOTO": "Amarillo", 
    "TOTO": "Tormentas", 
    "Des_TOTO": "Pueden ir acompañas de rachas de 70 a 90 km/h y de granizo.", 
    "N_avisos": 2, 
    "Identf_TOTO": "2.49.0.0.724.0.ES.20261006091603.645501TOTO07141791278163", 
    "Expire_PRP1": "2026-10-07T15:59:59+02:00", 
    "Code_TOTO": "2PR-3AM-07TOTO-1791338400-645501", 
    "PRP1": "Lluvias", 
    "Prb_PRP1": "40%-70%", 
    "Expire_TOTO": "2026-10-07T15:59:59+02:00", 
    "Des_PRP1": "Precipitación acumulada en una hora: 20 mm.", 
    "Code_PRP1": "2PR-3AM-01PRP1-1791338400-645501", 
    "Cer_TOTO": "Likely", 
    "Fen_avisos": [
     "PR ", 
     "TOTO "
    ], 
    "Ordn_avisos": [
     "2PR-3AM-01PRP1-1791338400-645501", 
     "2PR-3AM-07TOTO-1791338400-645501"
    ], 
    "Nivel_TOTO": 3, 
    "Onset_TOTO": "2026-10-07T04:00:00+02:00", 
    "COD_Z": "645501", 
    "Av_mayor": 3, 
    "Resum_PRP1": "Aviso de lluvias de nivel amarillo. Menorca", 
    "Cer_PRP1": "Likely", 
    "Onset_PRP1": "2026-10-07T04:00:00+02:00", 
    "Nivel_PRP1": 3, 
    "Identf_PRP1": "2.49.0.0.724.0.ES.20261006091603.645501PRP107141791278163", 
    "Sev_PRP1": "Amarillo", 
    "Nombre_zona": "Menorca", 
    "Resum_TOTO": "Aviso de tormentas de nivel amarillo. Menorca"
   }
  }, 
  {
   "geometry": {
    "type": "Polygon", 
    "coordinates": [
     [
      [
       0.680435482624311, 
       42.07633410357772
      ], 
      [
       0.696752176579685, 
       42.09941824183026
      ], 
      [
       0.703635669700509, 
       42.12022998104497
      ], 
      [
       0.697036375957665, 
       42.15229118150211
      ], 
      [
       0.699791276752273, 
       42.17296602768739
      ], 
      [
       0.721270804185451, 
       42.23077051079764
      ], 
      [
       0.735250561244292, 
       42.25002552034788
      ], 
      [
       0.746032292964067, 
       42.301464913799045
      ], 
      [
       0.757821059634014, 
       42.30959649526254
      ], 
      [
       0.760387190550084, 
       42.32618773280223
      ], 
      [
       0.74156316371191, 
       42.337159032815514
      ], 
      [
       0.760380478847056, 
       42.348652984774006
      ], 
      [
       0.735473492171926, 
       42.371798275102776
      ], 
      [
       0.747301051508781, 
       42.3850618173633
      ], 
      [
       0.73556941534485, 
       42.41718427224258
      ], 
      [
       0.71134772505618, 
       42.436673404033506
      ], 
      [
       0.699184500144648, 
       42.48666995971545
      ], 
      [
       0.714515689485172, 
       42.487542010012575
      ], 
      [
       0.734353251424195, 
       42.5046251358483
      ], 
      [
       0.721475152298274, 
       42.513373240088846
      ], 
      [
       0.72692458449838, 
       42.53275233720676
      ], 
      [
       0.751005514345227, 
       42.55307053434555
      ], 
      [
       0.759884436935213, 
       42.57253350560225
      ], 
      [
       0.769045595617391, 
       42.610102015762784
      ], 
      [
       0.808126142157395, 
       42.61952226604815
      ], 
      [
       0.84105281966578, 
       42.609399734815995
      ], 
      [
       0.878888846135111, 
       42.632757105455724
      ], 
      [
       0.895271789507413, 
       42.61431914180425
      ], 
      [
       0.913265975560516, 
       42.60696125990894
      ], 
      [
       0.919891980770071, 
       42.59330096096005
      ], 
      [
       0.944616434929191, 
       42.589434864885106
      ], 
      [
       0.96977987402603, 
       42.61533209793081
      ], 
      [
       0.960011819567999, 
       42.62525950863434
      ], 
      [
       0.973817073348092, 
       42.64579505272679
      ], 
      [
       0.970478911301676, 
       42.659443328659236
      ], 
      [
       1.006516150140395, 
       42.712945847877585
      ], 
      [
       1.02878683886992, 
       42.709948526349436
      ], 
      [
       1.033387660588427, 
       42.75451541011779
      ], 
      [
       1.027247878338359, 
       42.76740864887766
      ], 
      [
       1.037988094353308, 
       42.786171053558164
      ], 
      [
       1.074425467322985, 
       42.78261842390123
      ], 
      [
       1.109824750992837, 
       42.77139363157889
      ], 
      [
       1.132948161461303, 
       42.75032054287455
      ], 
      [
       1.134416399296085, 
       42.7285153820501
      ], 
      [
       1.1718914563122, 
       42.70844518647816
      ], 
      [
       1.188084575935806, 
       42.71631630157134
      ], 
      [
       1.217481814853105, 
       42.72094375239494
      ], 
      [
       1.229968840453817, 
       42.728774441631586
      ], 
      [
       1.251263738764365, 
       42.72159224508355
      ], 
      [
       1.318262875716672, 
       42.72000846156782
      ], 
      [
       1.334810398387586, 
       42.725999526958994
      ], 
      [
       1.359109759191196, 
       42.720934060711656
      ], 
      [
       1.352672375898359, 
       42.7053788056485
      ], 
      [
       1.389783726042537, 
       42.688276298497925
      ], 
      [
       1.388283345858284, 
       42.66907616346664
      ], 
      [
       1.400381430910577, 
       42.66625233016182
      ], 
      [
       1.415610975225394, 
       42.648595187160545
      ], 
      [
       1.442707220610511, 
       42.600468097220634
      ], 
      [
       1.427347328537062, 
       42.55898301680211
      ], 
      [
       1.470380847337281, 
       42.51105063182081
      ], 
      [
       1.444524745220251, 
       42.49549243965481
      ], 
      [
       1.442632019966242, 
       42.45558264976168
      ], 
      [
       1.45122737691965, 
       42.43826840812661
      ], 
      [
       1.51693279343363, 
       42.4291025194295
      ], 
      [
       1.553812668629056, 
       42.433735428495005
      ], 
      [
       1.568631358543919, 
       42.45915450039409
      ], 
      [
       1.658209657602155, 
       42.46872159679746
      ], 
      [
       1.663512369881552, 
       42.49340773530969
      ], 
      [
       1.704793635653184, 
       42.49006922867125
      ], 
      [
       1.727440389495401, 
       42.505169387572344
      ], 
      [
       1.732095386015534, 
       42.492705888129564
      ], 
      [
       1.727423889908552, 
       42.46239724646506
      ], 
      [
       1.733102540203885, 
       42.44065438306723
      ], 
      [
       1.77061045824121, 
       42.42831945948546
      ], 
      [
       1.795798900861122, 
       42.431137199665116
      ], 
      [
       1.808229160139877, 
       42.41889354875133
      ], 
      [
       1.809671175809224, 
       42.394093073970666
      ], 
      [
       1.801223595224648, 
       42.37826984164166
      ], 
      [
       1.812608095970178, 
       42.37042705128656
      ], 
      [
       1.831162271626243, 
       42.38168166790508
      ], 
      [
       1.852117521686946, 
       42.37376339813875
      ], 
      [
       1.834757702107695, 
       42.32766571004554
      ], 
      [
       1.843463523801994, 
       42.307492961146764
      ], 
      [
       1.834589461789107, 
       42.30080827092265
      ], 
      [
       1.805858819994214, 
       42.302234848977776
      ], 
      [
       1.780536101424865, 
       42.29168197418699
      ], 
      [
       1.74190304121075, 
       42.2908768363189
      ], 
      [
       1.735502651079139, 
       42.28428162853748
      ], 
      [
       1.691317333822553, 
       42.27738679400217
      ], 
      [
       1.690979416771295, 
       42.24787959682763
      ], 
      [
       1.701429110869884, 
       42.23100217482918
      ], 
      [
       1.686519785943747, 
       42.221080068406266
      ], 
      [
       1.681585844491969, 
       42.206624948357145
      ], 
      [
       1.708575820356627, 
       42.19032058622321
      ], 
      [
       1.722692320989433, 
       42.19649128725215
      ], 
      [
       1.738870820921326, 
       42.18973651778378
      ], 
      [
       1.735494981309983, 
       42.159652984765316
      ], 
      [
       1.70918885536237, 
       42.150051552209256
      ], 
      [
       1.70027250372988, 
       42.12835136044919
      ], 
      [
       1.706220693647305, 
       42.10695866318951
      ], 
      [
       1.690563055340841, 
       42.10515234836964
      ], 
      [
       1.692847721439102, 
       42.113161555651054
      ], 
      [
       1.646046396480555, 
       42.11290952926643
      ], 
      [
       1.62372252770977, 
       42.10955468560724
      ], 
      [
       1.613083953053296, 
       42.12039154421694
      ], 
      [
       1.575971895652873, 
       42.12528400513447
      ], 
      [
       1.534248049318377, 
       42.09821422868995
      ], 
      [
       1.521817926857302, 
       42.107177896286025
      ], 
      [
       1.508855911748052, 
       42.095759528595224
      ], 
      [
       1.486788393105708, 
       42.099273258123624
      ], 
      [
       1.470389286908018, 
       42.08544607982211
      ], 
      [
       1.428766758254606, 
       42.10597049983452
      ], 
      [
       1.406508301395081, 
       42.11207814844899
      ], 
      [
       1.394577311876274, 
       42.10689139896559
      ], 
      [
       1.375712839142942, 
       42.08105325515932
      ], 
      [
       1.351559398416812, 
       42.07373516839443
      ], 
      [
       1.331553037677632, 
       42.08180440787624
      ], 
      [
       1.324790132060429, 
       42.09520523004625
      ], 
      [
       1.327945900963707, 
       42.115263085383674
      ], 
      [
       1.362892614508453, 
       42.13002645104465
      ], 
      [
       1.348219140186236, 
       42.151355717486645
      ], 
      [
       1.317198485130516, 
       42.130065468968056
      ], 
      [
       1.243714570587162, 
       42.1168124084856
      ], 
      [
       1.239454649240125, 
       42.10553547156455
      ], 
      [
       1.212862780851694, 
       42.09180450736814
      ], 
      [
       1.163257013235291, 
       42.079518176448964
      ], 
      [
       1.169669384232573, 
       42.11959490520831
      ], 
      [
       1.141690668072283, 
       42.11969159796005
      ], 
      [
       1.120850393732129, 
       42.0898301913329
      ], 
      [
       1.102979449973487, 
       42.07646161244364
      ], 
      [
       1.095672190681893, 
       42.058328120980605
      ], 
      [
       1.078001741492868, 
       42.04597476142585
      ], 
      [
       1.093014040008027, 
       42.03070906166342
      ], 
      [
       1.083690148698867, 
       42.00884701116853
      ], 
      [
       1.069699686839353, 
       42.015872594823776
      ], 
      [
       1.069160681464055, 
       42.036735895123755
      ], 
      [
       1.029452586032574, 
       42.0314671603018
      ], 
      [
       0.995189214072226, 
       42.02144782448977
      ], 
      [
       0.94940582984663, 
       42.02427735252302
      ], 
      [
       0.923310909781087, 
       42.022139274076785
      ], 
      [
       0.887052456503432, 
       42.04259865370893
      ], 
      [
       0.851727788232298, 
       42.03593970798829
      ], 
      [
       0.838342434893083, 
       42.04030561767458
      ], 
      [
       0.761403939466072, 
       42.04101968145926
      ], 
      [
       0.744234968688045, 
       42.0528642431672
      ], 
      [
       0.725686201856405, 
       42.051154617530905
      ], 
      [
       0.693848825470363, 
       42.05964073281027
      ], 
      [
       0.680435482624311, 
       42.07633410357772
      ]
     ]
    ]
   }, 
   "type": "Feature", 
   "properties": {
    "Valor_PRP1": "20 mm", 
    "Nivel_PR": 3, 
    "Prb_TOTO": "40%-70%", 
    "Sev_TOTO": "Amarillo", 
    "TOTO": "Tormentas", 
    "Des_TOTO": "Pueden ir acompañadas de granizo menudo.", 
    "N_avisos": 2, 
    "Identf_TOTO": "2.49.0.0.724.0.ES.20261007065351.692502TOTO07181791356031", 
    "Expire_PRP1": "2026-10-07T19:59:59+02:00", 
    "Code_TOTO": "2PR-3AM-07TOTO-1791352800-692502", 
    "PRP2": "Lluvias", 
    "PRP1": "Lluvias", 
    "Prb_PRP1": "40%-70%", 
    "Prb_PRP2": "40%-70%", 
    "Expire_TOTO": "2026-10-07T19:59:59+02:00", 
    "Des_PRP1": "Precipitación acumulada en una hora: 20 mm.", 
    "Des_PRP2": "Precipitación acumulada en 12 horas: 60 mm.", 
    "Code_PRP1": "2PR-3AM-01PRP1-1791320400-692502", 
    "Code_PRP2": "2PR-3AM-02PRP2-1791288000-692502", 
    "Cer_TOTO": "Likely", 
    "Fen_avisos": [
     "PR ", 
     "TOTO "
    ], 
    "Expire_PRP2": "2026-10-07T19:59:59+02:00", 
    "Nivel_TOTO": 3, 
    "Onset_TOTO": "2026-10-07T08:00:00+02:00", 
    "COD_Z": "692502", 
    "Av_mayor": 3, 
    "Resum_PRP2": "Aviso de lluvias de nivel amarillo. Pirineo de Lleida", 
    "Resum_PRP1": "Aviso de lluvias de nivel amarillo. Pirineo de Lleida", 
    "Cer_PRP2": "Likely", 
    "Cer_PRP1": "Likely", 
    "Onset_PRP1": "2026-10-06T23:00:00+02:00", 
    "Nivel_PRP2": 3, 
    "Nivel_PRP1": 3, 
    "Valor_PRP2": "60 mm", 
    "Sev_PRP2": "Amarillo", 
    "Identf_PRP2": "2.49.0.0.724.0.ES.20261006091405.692502PRP207181791278045", 
    "Ordn_avisos": [
     "2PR-3AM-01PRP1-1791320400-692502", 
     "2PR-3AM-02PRP2-1791288000-692502", 
     "2PR-3AM-07TOTO-1791352800-692502"
    ], 
    "Identf_PRP1": "2.49.0.0.724.0.ES.20261006211430.692502PRP107181791321270", 
    "Sev_PRP1": "Amarillo", 
    "Nombre_zona": "Pirineo de Lleida", 
    "Resum_TOTO": "Aviso de tormentas de nivel amarillo. Pirineo de Lleida", 
    "Onset_PRP2": "2026-10-06T14:00:00+02:00"
   }
  }, 
  {
   "geometry": {
    "type": "Polygon", 
    "coordinates": [
     [
      [
       3.030612249428733, 
       39.29012085130066
      ], 
      [
       3.0704905371304, 
       39.30281751017629
      ], 
      [
       3.057782931730574, 
       39.32107992330579
      ], 
      [
       3.07618912514262, 
       39.32802547523687
      ], 
      [
       3.079617448895982, 
       39.35358603556869
      ], 
      [
       3.088185208035531, 
       39.3648069350734
      ], 
      [
       3.070288995668194, 
       39.37954223666942
      ], 
      [
       3.097102324545099, 
       39.39994963318633
      ], 
      [
       3.102052222354229, 
       39.417569772150614
      ], 
      [
       3.08985766435799, 
       39.42888787652944
      ], 
      [
       3.081741951659086, 
       39.45359128007211
      ], 
      [
       3.060793930901883, 
       39.47566140935547
      ], 
      [
       3.080027486283733, 
       39.49913960518793
      ], 
      [
       3.100347430922599, 
       39.53284921150211
      ], 
      [
       3.12373085155467, 
       39.530258759345415
      ], 
      [
       3.159337090049656, 
       39.546370716721086
      ], 
      [
       3.150392162197439, 
       39.564745393736764
      ], 
      [
       3.160160574134751, 
       39.58562689108155
      ], 
      [
       3.164660424111493, 
       39.617255110609015
      ], 
      [
       3.158579128471669, 
       39.6274539729114
      ], 
      [
       3.180879983451221, 
       39.654136191709796
      ], 
      [
       3.188775675259025, 
       39.65150170813558
      ], 
      [
       3.210842649901954, 
       39.67925962802678
      ], 
      [
       3.229708352579935, 
       39.66847492012177
      ], 
      [
       3.25238364043196, 
       39.684339495996625
      ], 
      [
       3.281810746443639, 
       39.68005514378772
      ], 
      [
       3.29972022528368, 
       39.666333143010895
      ], 
      [
       3.299440315269196, 
       39.65280083413881
      ], 
      [
       3.312436112938002, 
       39.63973810590165
      ], 
      [
       3.342557056415954, 
       39.662574657447365
      ], 
      [
       3.364981944343948, 
       39.67285882214517
      ], 
      [
       3.376455550298258, 
       39.66443390537674
      ], 
      [
       3.392250421145073, 
       39.67241853367871
      ], 
      [
       3.437484175049237, 
       39.63483845206843
      ], 
      [
       3.427624049671649, 
       39.63264968618383
      ], 
      [
       3.414647633532063, 
       39.635345677921194
      ], 
      [
       3.406266866849582, 
       39.6369430355005
      ], 
      [
       3.398039281973032, 
       39.6287363515511
      ], 
      [
       3.386847296897622, 
       39.60041049675449
      ], 
      [
       3.387816136091665, 
       39.58826166233114
      ], 
      [
       3.369464592708509, 
       39.551172670632525
      ], 
      [
       3.342251228044022, 
       39.54134479859665
      ], 
      [
       3.297423295831039, 
       39.500111236791525
      ], 
      [
       3.283446643648469, 
       39.469349012030904
      ], 
      [
       3.275948539043571, 
       39.41638620944875
      ], 
      [
       3.265847604741722, 
       39.411679275284946
      ], 
      [
       3.230619671230915, 
       39.359466852827154
      ], 
      [
       3.193710639372066, 
       39.35150579241098
      ], 
      [
       3.188423419142828, 
       39.33607045694588
      ], 
      [
       3.172133085323616, 
       39.32679681941449
      ], 
      [
       3.147004007422118, 
       39.326795224669965
      ], 
      [
       3.111163105082127, 
       39.302569525766785
      ], 
      [
       3.07429371534144, 
       39.2690884373984
      ], 
      [
       3.050574247971517, 
       39.26623577162847
      ], 
      [
       3.030612249428733, 
       39.29012085130066
      ]
     ]
    ]
   }, 
   "type": "Feature", 
   "properties": {
    "Valor_PRP1": "20 mm", 
    "Nivel_PR": 3, 
    "Prb_TOTO": "40%-70%", 
    "Sev_TOTO": "Amarillo", 
    "TOTO": "Tormentas", 
    "Des_TOTO": "Pueden ir acompañas de rachas de 70 a 90 km/h y de granizo.", 
    "N_avisos": 2, 
    "Identf_TOTO": "2.49.0.0.724.0.ES.20261006091603.645405TOTO07141791278163", 
    "Expire_PRP1": "2026-10-07T15:59:59+02:00", 
    "Code_TOTO": "2PR-3AM-07TOTO-1791338400-645405", 
    "PRP1": "Lluvias", 
    "Prb_PRP1": "40%-70%", 
    "Expire_TOTO": "2026-10-07T15:59:59+02:00", 
    "Des_PRP1": "Precipitación acumulada en una hora: 20 mm.", 
    "Code_PRP1": "2PR-3AM-01PRP1-1791338400-645405", 
    "Cer_TOTO": "Likely", 
    "Fen_avisos": [
     "PR ", 
     "TOTO "
    ], 
    "Ordn_avisos": [
     "2PR-3AM-01PRP1-1791338400-645405", 
     "2PR-3AM-07TOTO-1791338400-645405"
    ], 
    "Nivel_TOTO": 3, 
    "Onset_TOTO": "2026-10-07T04:00:00+02:00", 
    "COD_Z": "645405", 
    "Av_mayor": 3, 
    "Resum_PRP1": "Aviso de lluvias de nivel amarillo. Levante mallorquín", 
    "Cer_PRP1": "Likely", 
    "Onset_PRP1": "2026-10-07T04:00:00+02:00", 
    "Nivel_PRP1": 3, 
    "Identf_PRP1": "2.49.0.0.724.0.ES.20261006091603.645405PRP107141791278163", 
    "Sev_PRP1": "Amarillo", 
    "Nombre_zona": "Levante mallorquín", 
    "Resum_TOTO": "Aviso de tormentas de nivel amarillo. Levante mallorquín"
   }
  }, 
  {
   "geometry": {
    "type": "MultiPolygon", 
    "coordinates": [
     [
      [
       [
        2.437840705970729, 
        39.64367238476261
       ], 
       [
        2.487743609762624, 
        39.634298528917654
       ], 
       [
        2.484233607758061, 
        39.61266796544535
       ], 
       [
        2.509192885155595, 
        39.59189077833375
       ], 
       [
        2.571441924197331, 
        39.60839121911545
       ], 
       [
        2.572373128403427, 
        39.6350013035818
       ], 
       [
        2.589622389533582, 
        39.652236604363544
       ], 
       [
        2.604589956943987, 
        39.656054702425656
       ], 
       [
        2.630900472314992, 
        39.646915045886715
       ], 
       [
        2.660212749823416, 
        39.65877156641225
       ], 
       [
        2.70831449214489, 
        39.6491625005177
       ], 
       [
        2.739558178765899, 
        39.659580262110836
       ], 
       [
        2.779466780678821, 
        39.639174079446846
       ], 
       [
        2.81832873879826, 
        39.59570461748072
       ], 
       [
        2.840796504854766, 
        39.59483656157957
       ], 
       [
        2.84758169914037, 
        39.570329058724155
       ], 
       [
        2.829475904229116, 
        39.552274540985245
       ], 
       [
        2.889242704832588, 
        39.52288345361118
       ], 
       [
        2.93045406126793, 
        39.51974380701435
       ], 
       [
        2.944615183434185, 
        39.53064479410329
       ], 
       [
        2.973649910727709, 
        39.51942824373823
       ], 
       [
        2.963594152245544, 
        39.50544160842833
       ], 
       [
        2.970651771478386, 
        39.483863968699595
       ], 
       [
        2.965219721201029, 
        39.46439117370106
       ], 
       [
        3.006300197760578, 
        39.46168409278128
       ], 
       [
        3.060793930901883, 
        39.47566140935547
       ], 
       [
        3.081741951659086, 
        39.45359128007211
       ], 
       [
        3.08985766435799, 
        39.42888787652944
       ], 
       [
        3.102052222354229, 
        39.417569772150614
       ], 
       [
        3.097102324545099, 
        39.39994963318633
       ], 
       [
        3.070288995668194, 
        39.37954223666942
       ], 
       [
        3.088185208035531, 
        39.3648069350734
       ], 
       [
        3.079617448895982, 
        39.35358603556869
       ], 
       [
        3.07618912514262, 
        39.32802547523687
       ], 
       [
        3.057782931730574, 
        39.32107992330579
       ], 
       [
        3.0704905371304, 
        39.30281751017629
       ], 
       [
        3.030612249428733, 
        39.29012085130066
       ], 
       [
        3.014371187851788, 
        39.31109165215135
       ], 
       [
        2.987112512529175, 
        39.31643509214076
       ], 
       [
        2.991367003453004, 
        39.33817793284989
       ], 
       [
        2.958015198035307, 
        39.36319286525524
       ], 
       [
        2.939720392931271, 
        39.364563431771764
       ], 
       [
        2.910037332406127, 
        39.35689435802217
       ], 
       [
        2.888121950567173, 
        39.36551641919064
       ], 
       [
        2.845658169615236, 
        39.36627879161052
       ], 
       [
        2.829872056597634, 
        39.35631821877939
       ], 
       [
        2.807116055994308, 
        39.367410674472424
       ], 
       [
        2.788473332536797, 
        39.363485756117264
       ], 
       [
        2.771807344228206, 
        39.3840792126887
       ], 
       [
        2.746583275485647, 
        39.401462187788816
       ], 
       [
        2.740233362665137, 
        39.413197749853865
       ], 
       [
        2.74900942173747, 
        39.437418887933354
       ], 
       [
        2.723094370308939, 
        39.476221611075694
       ], 
       [
        2.752491445894957, 
        39.504156682238246
       ], 
       [
        2.744721160395796, 
        39.51707859368331
       ], 
       [
        2.721347129553916, 
        39.535288627424926
       ], 
       [
        2.673078537792309, 
        39.56042742787944
       ], 
       [
        2.632017556777038, 
        39.5680353743804
       ], 
       [
        2.620162646240978, 
        39.54523758710434
       ], 
       [
        2.601542721949137, 
        39.5512300753289
       ], 
       [
        2.590337527336427, 
        39.53488271798957
       ], 
       [
        2.562485171320393, 
        39.53231243243257
       ], 
       [
        2.539505687973807, 
        39.52335765292753
       ], 
       [
        2.537543687468602, 
        39.48763337999548
       ], 
       [
        2.522183266814209, 
        39.458675372164514
       ], 
       [
        2.47896283300515, 
        39.478005978551266
       ], 
       [
        2.460296339919049, 
        39.51033957449998
       ], 
       [
        2.468044040225886, 
        39.51938546414461
       ], 
       [
        2.452741104984969, 
        39.5377942584159
       ], 
       [
        2.432141682828815, 
        39.529559289347176
       ], 
       [
        2.424758465186293, 
        39.53739784528792
       ], 
       [
        2.38837402049238, 
        39.521165039273015
       ], 
       [
        2.383524008816083, 
        39.547331853076905
       ], 
       [
        2.373271466228112, 
        39.54467310065368
       ], 
       [
        2.35475919896883, 
        39.56442102002637
       ], 
       [
        2.345717388731243, 
        39.58760738059302
       ], 
       [
        2.369987461374994, 
        39.614357100656264
       ], 
       [
        2.384603814949097, 
        39.61344434444452
       ], 
       [
        2.437840705970729, 
        39.64367238476261
       ]
      ]
     ], 
     [
      [
       [
        2.937860526989368, 
        39.144305932857236
       ], 
       [
        2.958952674017155, 
        39.149253201648406
       ], 
       [
        2.954534284999371, 
        39.12773368081107
       ], 
       [
        2.937860526989368, 
        39.144305932857236
       ]
      ]
     ]
    ]
   }, 
   "type": "Feature", 
   "properties": {
    "Valor_PRP1": "20 mm", 
    "Nivel_PR": 3, 
    "Prb_TOTO": "40%-70%", 
    "Sev_TOTO": "Amarillo", 
    "TOTO": "Tormentas", 
    "Des_TOTO": "Pueden ir acompañas de rachas de 70 a 90 km/h y de granizo.", 
    "N_avisos": 2, 
    "Identf_TOTO": "2.49.0.0.724.0.ES.20261007063748.645404TOTO07141791355068", 
    "Expire_PRP1": "2026-10-07T15:59:59+02:00", 
    "Code_TOTO": "2PR-3AM-07TOTO-1791352800-645404", 
    "PRP1": "Lluvias", 
    "Prb_PRP1": "40%-70%", 
    "Expire_TOTO": "2026-10-07T15:59:59+02:00", 
    "Des_PRP1": "Precipitación acumulada en una hora: 20 mm.", 
    "Code_PRP1": "2PR-3AM-01PRP1-1791352800-645404", 
    "Cer_TOTO": "Likely", 
    "Fen_avisos": [
     "PR ", 
     "TOTO "
    ], 
    "Ordn_avisos": [
     "2PR-3AM-01PRP1-1791352800-645404", 
     "2PR-3AM-07TOTO-1791352800-645404"
    ], 
    "Nivel_TOTO": 3, 
    "Onset_TOTO": "2026-10-07T08:00:00+02:00", 
    "COD_Z": "645404", 
    "Av_mayor": 3, 
    "Resum_PRP1": "Aviso de lluvias de nivel amarillo. Sur de Mallorca", 
    "Cer_PRP1": "Likely", 
    "Onset_PRP1": "2026-10-07T08:00:00+02:00", 
    "Nivel_PRP1": 3, 
    "Identf_PRP1": "2.49.0.0.724.0.ES.20261007063748.645404PRP107141791355068", 
    "Sev_PRP1": "Amarillo", 
    "Nombre_zona": "Sur de Mallorca", 
    "Resum_TOTO": "Aviso de tormentas de nivel amarillo. Sur de Mallorca"
   }
  }, 
  {
   "geometry": {
    "type": "Polygon", 
    "coordinates": [
     [
      [
       2.92807891913564, 
       39.81391943956394
      ], 
      [
       2.935683250527456, 
       39.7903001879398
      ], 
      [
       2.953009147248762, 
       39.76459439479703
      ], 
      [
       3.000805168935942, 
       39.73096997266712
      ], 
      [
       3.020680464520852, 
       39.74055467959996
      ], 
      [
       3.056076467182235, 
       39.71026962190327
      ], 
      [
       3.086672886752881, 
       39.699024405221614
      ], 
      [
       3.112845229590561, 
       39.676936471437564
      ], 
      [
       3.142020164727565, 
       39.68345472265295
      ], 
      [
       3.156612883075285, 
       39.695869728064935
      ], 
      [
       3.173134741236129, 
       39.689268989898586
      ], 
      [
       3.200455211168471, 
       39.70009106078071
      ], 
      [
       3.240446398985555, 
       39.69552817703305
      ], 
      [
       3.25238364043196, 
       39.684339495996625
      ], 
      [
       3.229708352579935, 
       39.66847492012177
      ], 
      [
       3.210842649901954, 
       39.67925962802678
      ], 
      [
       3.188775675259025, 
       39.65150170813558
      ], 
      [
       3.180879983451221, 
       39.654136191709796
      ], 
      [
       3.158579128471669, 
       39.6274539729114
      ], 
      [
       3.164660424111493, 
       39.617255110609015
      ], 
      [
       3.160160574134751, 
       39.58562689108155
      ], 
      [
       3.150392162197439, 
       39.564745393736764
      ], 
      [
       3.159337090049656, 
       39.546370716721086
      ], 
      [
       3.12373085155467, 
       39.530258759345415
      ], 
      [
       3.100347430922599, 
       39.53284921150211
      ], 
      [
       3.080027486283733, 
       39.49913960518793
      ], 
      [
       3.060793930901883, 
       39.47566140935547
      ], 
      [
       3.006300197760578, 
       39.46168409278128
      ], 
      [
       2.965219721201029, 
       39.46439117370106
      ], 
      [
       2.970651771478386, 
       39.483863968699595
      ], 
      [
       2.963594152245544, 
       39.50544160842833
      ], 
      [
       2.973649910727709, 
       39.51942824373823
      ], 
      [
       2.944615183434185, 
       39.53064479410329
      ], 
      [
       2.93045406126793, 
       39.51974380701435
      ], 
      [
       2.889242704832588, 
       39.52288345361118
      ], 
      [
       2.829475904229116, 
       39.552274540985245
      ], 
      [
       2.84758169914037, 
       39.570329058724155
      ], 
      [
       2.840796504854766, 
       39.59483656157957
      ], 
      [
       2.81832873879826, 
       39.59570461748072
      ], 
      [
       2.779466780678821, 
       39.639174079446846
      ], 
      [
       2.739558178765899, 
       39.659580262110836
      ], 
      [
       2.732563565852316, 
       39.698983035425066
      ], 
      [
       2.742308778990215, 
       39.71303354999363
      ], 
      [
       2.764682625207373, 
       39.72723563966258
      ], 
      [
       2.802359778104425, 
       39.743649858102906
      ], 
      [
       2.78769663322141, 
       39.75259780868189
      ], 
      [
       2.803481969484649, 
       39.77588905972074
      ], 
      [
       2.815866099551758, 
       39.7645389380219
      ], 
      [
       2.829831069561315, 
       39.76847053026845
      ], 
      [
       2.879136121268327, 
       39.801922781409
      ], 
      [
       2.904990932535464, 
       39.815524593405534
      ], 
      [
       2.92807891913564, 
       39.81391943956394
      ]
     ]
    ]
   }, 
   "type": "Feature", 
   "properties": {
    "Valor_PRP1": "20 mm", 
    "Nivel_PR": 3, 
    "Prb_TOTO": "40%-70%", 
    "Sev_TOTO": "Amarillo", 
    "TOTO": "Tormentas", 
    "Des_TOTO": "Pueden ir acompañas de rachas de 70 a 90 km/h y de granizo.", 
    "N_avisos": 2, 
    "Identf_TOTO": "2.49.0.0.724.0.ES.20261006091603.645403TOTO07141791278163", 
    "Expire_PRP1": "2026-10-07T15:59:59+02:00", 
    "Code_TOTO": "2PR-3AM-07TOTO-1791338400-645403", 
    "PRP1": "Lluvias", 
    "Prb_PRP1": "40%-70%", 
    "Expire_TOTO": "2026-10-07T15:59:59+02:00", 
    "Des_PRP1": "Precipitación acumulada en una hora: 20 mm.", 
    "Code_PRP1": "2PR-3AM-01PRP1-1791338400-645403", 
    "Cer_TOTO": "Likely", 
    "Fen_avisos": [
     "PR ", 
     "TOTO "
    ], 
    "Ordn_avisos": [
     "2PR-3AM-01PRP1-1791338400-645403", 
     "2PR-3AM-07TOTO-1791338400-645403"
    ], 
    "Nivel_TOTO": 3, 
    "Onset_TOTO": "2026-10-07T04:00:00+02:00", 
    "COD_Z": "645403", 
    "Av_mayor": 3, 
    "Resum_PRP1": "Aviso de lluvias de nivel amarillo. Interior de Mallorca", 
    "Cer_PRP1": "Likely", 
    "Onset_PRP1": "2026-10-07T04:00:00+02:00", 
    "Nivel_PRP1": 3, 
    "Identf_PRP1": "2.49.0.0.724.0.ES.20261006091603.645403PRP107141791278163", 
    "Sev_PRP1": "Amarillo", 
    "Nombre_zona": "Interior de Mallorca", 
    "Resum_TOTO": "Aviso de tormentas de nivel amarillo. Interior de Mallorca"
   }
  }, 
  {
   "geometry": {
    "type": "Polygon", 
    "coordinates": [
     [
      [
       2.92807891913564, 
       39.81391943956394
      ], 
      [
       2.953916156921655, 
       39.822527910939044
      ], 
      [
       2.940416179740129, 
       39.84106385321309
      ], 
      [
       2.934798688818844, 
       39.87359493763292
      ], 
      [
       2.925237452443338, 
       39.88085998915083
      ], 
      [
       2.925929566322659, 
       39.900582609181996
      ], 
      [
       2.951428354536854, 
       39.920570453510244
      ], 
      [
       2.96685534388447, 
       39.91057519783789
      ], 
      [
       2.988008171058053, 
       39.90973240825707
      ], 
      [
       3.002352066112033, 
       39.92418445109547
      ], 
      [
       3.029083712693407, 
       39.93533472457494
      ], 
      [
       3.055874656450265, 
       39.92236908856661
      ], 
      [
       3.08184375691817, 
       39.92529080211146
      ], 
      [
       3.097025168743492, 
       39.93636090817741
      ], 
      [
       3.121653701686562, 
       39.93176981528782
      ], 
      [
       3.148198472623155, 
       39.95447010591897
      ], 
      [
       3.167892456652532, 
       39.96043461509576
      ], 
      [
       3.207188480534217, 
       39.957902425840494
      ], 
      [
       3.203448207725542, 
       39.94416945300366
      ], 
      [
       3.179388725852552, 
       39.93765921564423
      ], 
      [
       3.155351647362019, 
       39.92351279964673
      ], 
      [
       3.138382538404872, 
       39.92849858881956
      ], 
      [
       3.109843303255506, 
       39.90856380923847
      ], 
      [
       3.091198744987214, 
       39.91149008436943
      ], 
      [
       3.079496633425339, 
       39.889109705810135
      ], 
      [
       3.088000098047296, 
       39.87127339792297
      ], 
      [
       3.106734633085728, 
       39.8578962731226
      ], 
      [
       3.133189911434687, 
       39.86977974855413
      ], 
      [
       3.142300157825009, 
       39.86496675837214
      ], 
      [
       3.17142930923679, 
       39.876387697492405
      ], 
      [
       3.195873981217511, 
       39.857554761039474
      ], 
      [
       3.17980334518923, 
       39.84107496388962
      ], 
      [
       3.14449333998927, 
       39.83477244055907
      ], 
      [
       3.1285277870153, 
       39.84016104085736
      ], 
      [
       3.118049462101028, 
       39.81599897716343
      ], 
      [
       3.126759746489769, 
       39.79388874806779
      ], 
      [
       3.154184488573584, 
       39.768096430624674
      ], 
      [
       3.237832547869252, 
       39.73251031819208
      ], 
      [
       3.255502204350607, 
       39.729977031066895
      ], 
      [
       3.286735752178408, 
       39.74026546505345
      ], 
      [
       3.308016227060273, 
       39.754482584408734
      ], 
      [
       3.331957304295643, 
       39.76172357203006
      ], 
      [
       3.336152817464717, 
       39.78424507149212
      ], 
      [
       3.349049585418865, 
       39.789702977517834
      ], 
      [
       3.386290557455726, 
       39.764069204989426
      ], 
      [
       3.405111601555566, 
       39.764338402611074
      ], 
      [
       3.433257229229422, 
       39.74539718710306
      ], 
      [
       3.458426274397636, 
       39.74445359177401
      ], 
      [
       3.453465215796963, 
       39.722966535404574
      ], 
      [
       3.455584884122637, 
       39.65496027426403
      ], 
      [
       3.444425604692902, 
       39.65793175529875
      ], 
      [
       3.436462559340867, 
       39.63730203268784
      ], 
      [
       3.437484175049237, 
       39.63483845206843
      ], 
      [
       3.392250421145073, 
       39.67241853367871
      ], 
      [
       3.376455550298258, 
       39.66443390537674
      ], 
      [
       3.364981944343948, 
       39.67285882214517
      ], 
      [
       3.342557056415954, 
       39.662574657447365
      ], 
      [
       3.312436112938002, 
       39.63973810590165
      ], 
      [
       3.299440315269196, 
       39.65280083413881
      ], 
      [
       3.29972022528368, 
       39.666333143010895
      ], 
      [
       3.281810746443639, 
       39.68005514378772
      ], 
      [
       3.25238364043196, 
       39.684339495996625
      ], 
      [
       3.240446398985555, 
       39.69552817703305
      ], 
      [
       3.200455211168471, 
       39.70009106078071
      ], 
      [
       3.173134741236129, 
       39.689268989898586
      ], 
      [
       3.156612883075285, 
       39.695869728064935
      ], 
      [
       3.142020164727565, 
       39.68345472265295
      ], 
      [
       3.112845229590561, 
       39.676936471437564
      ], 
      [
       3.086672886752881, 
       39.699024405221614
      ], 
      [
       3.056076467182235, 
       39.71026962190327
      ], 
      [
       3.020680464520852, 
       39.74055467959996
      ], 
      [
       3.000805168935942, 
       39.73096997266712
      ], 
      [
       2.953009147248762, 
       39.76459439479703
      ], 
      [
       2.935683250527456, 
       39.7903001879398
      ], 
      [
       2.92807891913564, 
       39.81391943956394
      ]
     ]
    ]
   }, 
   "type": "Feature", 
   "properties": {
    "Valor_PRP1": "20 mm", 
    "Nivel_PR": 3, 
    "Prb_TOTO": "40%-70%", 
    "Sev_TOTO": "Amarillo", 
    "TOTO": "Tormentas", 
    "Des_TOTO": "Pueden ir acompañas de rachas de 70 a 90 km/h y de granizo.", 
    "N_avisos": 2, 
    "Identf_TOTO": "2.49.0.0.724.0.ES.20261006091603.645402TOTO07141791278163", 
    "Expire_PRP1": "2026-10-07T15:59:59+02:00", 
    "Code_TOTO": "2PR-3AM-07TOTO-1791338400-645402", 
    "PRP1": "Lluvias", 
    "Prb_PRP1": "40%-70%", 
    "Expire_TOTO": "2026-10-07T15:59:59+02:00", 
    "Des_PRP1": "Precipitación acumulada en una hora: 20 mm.", 
    "Code_PRP1": "2PR-3AM-01PRP1-1791338400-645402", 
    "Cer_TOTO": "Likely", 
    "Fen_avisos": [
     "PR ", 
     "TOTO "
    ], 
    "Ordn_avisos": [
     "2PR-3AM-01PRP1-1791338400-645402", 
     "2PR-3AM-07TOTO-1791338400-645402"
    ], 
    "Nivel_TOTO": 3, 
    "Onset_TOTO": "2026-10-07T04:00:00+02:00", 
    "COD_Z": "645402", 
    "Av_mayor": 3, 
    "Resum_PRP1": "Aviso de lluvias de nivel amarillo. Norte y nordeste de Mallorca", 
    "Cer_PRP1": "Likely", 
    "Onset_PRP1": "2026-10-07T04:00:00+02:00", 
    "Nivel_PRP1": 3, 
    "Identf_PRP1": "2.49.0.0.724.0.ES.20261006091603.645402PRP107141791278163", 
    "Sev_PRP1": "Amarillo", 
    "Nombre_zona": "Norte y nordeste de Mallorca", 
    "Resum_TOTO": "Aviso de tormentas de nivel amarillo. Norte y nordeste de Mallorca"
   }
  }, 
  {
   "geometry": {
    "type": "Polygon", 
    "coordinates": [
     [
      [
       2.437840705970729, 
       39.64367238476261
      ], 
      [
       2.463027783603537, 
       39.65243211820261
      ], 
      [
       2.49911233888076, 
       39.684957083699544
      ], 
      [
       2.528512727290606, 
       39.70174853052169
      ], 
      [
       2.556840124088685, 
       39.700652773348416
      ], 
      [
       2.588325161176209, 
       39.71761720278705
      ], 
      [
       2.600368902173272, 
       39.733156289622485
      ], 
      [
       2.666737529034204, 
       39.77576616330704
      ], 
      [
       2.6700085379776, 
       39.79255177525682
      ], 
      [
       2.693047634645238, 
       39.798804731860265
      ], 
      [
       2.715498728462373, 
       39.81835910775317
      ], 
      [
       2.74271481973615, 
       39.83282023945082
      ], 
      [
       2.763586313668851, 
       39.832873657290286
      ], 
      [
       2.779779581500994, 
       39.856051523323714
      ], 
      [
       2.826151922281655, 
       39.85713937760935
      ], 
      [
       2.85488390866059, 
       39.87522531635218
      ], 
      [
       2.888225973629332, 
       39.88719105926526
      ], 
      [
       2.918505638628014, 
       39.89708187381961
      ], 
      [
       2.921306748961134, 
       39.902516630486346
      ], 
      [
       2.925929566322659, 
       39.900582609181996
      ], 
      [
       2.925237452443338, 
       39.88085998915083
      ], 
      [
       2.934798688818844, 
       39.87359493763292
      ], 
      [
       2.940416179740129, 
       39.84106385321309
      ], 
      [
       2.953916156921655, 
       39.822527910939044
      ], 
      [
       2.92807891913564, 
       39.81391943956394
      ], 
      [
       2.904990932535464, 
       39.815524593405534
      ], 
      [
       2.879136121268327, 
       39.801922781409
      ], 
      [
       2.829831069561315, 
       39.76847053026845
      ], 
      [
       2.815866099551758, 
       39.7645389380219
      ], 
      [
       2.803481969484649, 
       39.77588905972074
      ], 
      [
       2.78769663322141, 
       39.75259780868189
      ], 
      [
       2.802359778104425, 
       39.743649858102906
      ], 
      [
       2.764682625207373, 
       39.72723563966258
      ], 
      [
       2.742308778990215, 
       39.71303354999363
      ], 
      [
       2.732563565852316, 
       39.698983035425066
      ], 
      [
       2.739558178765899, 
       39.659580262110836
      ], 
      [
       2.70831449214489, 
       39.6491625005177
      ], 
      [
       2.660212749823416, 
       39.65877156641225
      ], 
      [
       2.630900472314992, 
       39.646915045886715
      ], 
      [
       2.604589956943987, 
       39.656054702425656
      ], 
      [
       2.589622389533582, 
       39.652236604363544
      ], 
      [
       2.572373128403427, 
       39.6350013035818
      ], 
      [
       2.571441924197331, 
       39.60839121911545
      ], 
      [
       2.509192885155595, 
       39.59189077833375
      ], 
      [
       2.484233607758061, 
       39.61266796544535
      ], 
      [
       2.487743609762624, 
       39.634298528917654
      ], 
      [
       2.437840705970729, 
       39.64367238476261
      ]
     ]
    ]
   }, 
   "type": "Feature", 
   "properties": {
    "Valor_PRP1": "20 mm", 
    "Nivel_PR": 3, 
    "Prb_TOTO": "40%-70%", 
    "Sev_TOTO": "Amarillo", 
    "TOTO": "Tormentas", 
    "Des_TOTO": "Pueden ir acompañas de rachas de 70 a 90 km/h y de granizo.", 
    "N_avisos": 2, 
    "Identf_TOTO": "2.49.0.0.724.0.ES.20261006091603.645401TOTO07141791278163", 
    "Expire_PRP1": "2026-10-07T15:59:59+02:00", 
    "Code_TOTO": "2PR-3AM-07TOTO-1791338400-645401", 
    "PRP1": "Lluvias", 
    "Prb_PRP1": "40%-70%", 
    "Expire_TOTO": "2026-10-07T15:59:59+02:00", 
    "Des_PRP1": "Precipitación acumulada en una hora: 20 mm.", 
    "Code_PRP1": "2PR-3AM-01PRP1-1791338400-645401", 
    "Cer_TOTO": "Likely", 
    "Fen_avisos": [
     "PR ", 
     "TOTO "
    ], 
    "Ordn_avisos": [
     "2PR-3AM-01PRP1-1791338400-645401", 
     "2PR-3AM-07TOTO-1791338400-645401"
    ], 
    "Nivel_TOTO": 3, 
    "Onset_TOTO": "2026-10-07T04:00:00+02:00", 
    "COD_Z": "645401", 
    "Av_mayor": 3, 
    "Resum_PRP1": "Aviso de lluvias de nivel amarillo. Sierra Tramontana", 
    "Cer_PRP1": "Likely", 
    "Onset_PRP1": "2026-10-07T04:00:00+02:00", 
    "Nivel_PRP1": 3, 
    "Identf_PRP1": "2.49.0.0.724.0.ES.20261006091603.645401PRP107141791278163", 
    "Sev_PRP1": "Amarillo", 
    "Nombre_zona": "Sierra Tramontana", 
    "Resum_TOTO": "Aviso de tormentas de nivel amarillo. Sierra Tramontana"
   }
  }
 ]
}
