{
 "crs": {
  "type": "name", 
  "properties": {
   "name": "urn:ogc:def:crs:EPSG::4326"
  }
 }, 
 "type": "FeatureCollection", 
 "name": "Avisos", 
 "features": [
  {
   "geometry": {
    "type": "Polygon", 
    "coordinates": [
     [
      [
       -2.411530701396661, 
       43.321410363224324
      ], 
      [
       -2.409046363275371, 
       43.32197382666917
      ], 
      [
       -2.410180766077701, 
       43.324545895501906
      ], 
      [
       -2.356319124885325, 
       43.30252815579915
      ], 
      [
       -2.354386387728482, 
       43.29992402847396
      ], 
      [
       -2.283740490236942, 
       43.29504632649853
      ], 
      [
       -2.266377245851174, 
       43.299672528779496
      ], 
      [
       -2.267176576640975, 
       43.30086621748645
      ], 
      [
       -2.214415743476858, 
       43.30907005427939
      ], 
      [
       -2.176709617088555, 
       43.28808603185179
      ], 
      [
       -2.14002696664183, 
       43.29338075047198
      ], 
      [
       -2.125996233602977, 
       43.28925849033748
      ], 
      [
       -2.110985646760304, 
       43.3000739799148
      ], 
      [
       -2.043598418236338, 
       43.317403736262
      ], 
      [
       -2.012496371292571, 
       43.3212813553282
      ], 
      [
       -1.990491296534851, 
       43.316289992522606
      ], 
      [
       -1.960850293612637, 
       43.338471960592585
      ], 
      [
       -1.915283534348829, 
       43.33693232371562
      ], 
      [
       -1.882112182520423, 
       43.349731932330364
      ], 
      [
       -1.864014765452916, 
       43.37272119644843
      ], 
      [
       -1.826779487065958, 
       43.3846988445012
      ], 
      [
       -1.796619302208522, 
       43.38159415918886
      ], 
      [
       -1.791093392398774, 
       43.36769658990188
      ], 
      [
       -1.788053887008756, 
       43.35360900392517
      ], 
      [
       -1.771591981886666, 
       43.343285706386325
      ], 
      [
       -1.755757171006213, 
       43.34420401275875
      ], 
      [
       -1.73529324813189, 
       43.31966834469574
      ], 
      [
       -1.727627030886819, 
       43.2964065615173
      ], 
      [
       -1.78196775047133, 
       43.287093584329085
      ], 
      [
       -1.792637121349828, 
       43.27673479889527
      ], 
      [
       -1.793701029536624, 
       43.24720305520361
      ], 
      [
       -1.817990515524118, 
       43.23896559909794
      ], 
      [
       -1.82427436552819, 
       43.228576363468356
      ], 
      [
       -1.86195414085955, 
       43.21603624246199
      ], 
      [
       -1.872593589378894, 
       43.220580739100285
      ], 
      [
       -1.901679260753536, 
       43.211436157849526
      ], 
      [
       -1.920772861514404, 
       43.18699091844124
      ], 
      [
       -1.919644301884343, 
       43.17283434203578
      ], 
      [
       -1.946608420333229, 
       43.18233333988562
      ], 
      [
       -1.964932713054785, 
       43.19527785123726
      ], 
      [
       -2.000467427527562, 
       43.185995158597265
      ], 
      [
       -2.042275488654795, 
       43.20995334401665
      ], 
      [
       -2.054203173046947, 
       43.23071761103036
      ], 
      [
       -2.080801457694549, 
       43.243054292380265
      ], 
      [
       -2.09852217395551, 
       43.230742303486615
      ], 
      [
       -2.127004526503687, 
       43.22389478848196
      ], 
      [
       -2.157416853077454, 
       43.19533576633175
      ], 
      [
       -2.180058660443502, 
       43.207548199986576
      ], 
      [
       -2.193196847077052, 
       43.19792584634217
      ], 
      [
       -2.230937550914364, 
       43.20634379497791
      ], 
      [
       -2.256447313380773, 
       43.22522360103906
      ], 
      [
       -2.277316767360701, 
       43.215974760233124
      ], 
      [
       -2.29952934340305, 
       43.21358268767671
      ], 
      [
       -2.346155539198383, 
       43.23964728579096
      ], 
      [
       -2.347741203838981, 
       43.24802140171374
      ], 
      [
       -2.374570970181269, 
       43.27075415612118
      ], 
      [
       -2.416778363956959, 
       43.26787064905527
      ], 
      [
       -2.438793516866993, 
       43.28842961190564
      ], 
      [
       -2.436142985773625, 
       43.29914970863952
      ], 
      [
       -2.411530701396661, 
       43.321410363224324
      ]
     ]
    ]
   }, 
   "type": "Feature", 
   "properties": {
    "Valor_PRP1": "15 mm", 
    "Nivel_PR": 3, 
    "Prb_TOTO": "40%-70%", 
    "Sev_TOTO": "Amarillo", 
    "TOTO": "Tormentas", 
    "Des_TOTO": "Podrán ir acompañadas de granizo.", 
    "N_avisos": 2, 
    "Identf_TOTO": "2.49.0.0.724.0.ES.20261006165621.752001TOTO07221791305781", 
    "Expire_PRP1": "2026-10-07T23:59:59+02:00", 
    "Code_TOTO": "2PR-3AM-07TOTO-1791378000-752001", 
    "PRP2": "Lluvias", 
    "PRP1": "Lluvias", 
    "Prb_PRP1": "40%-70%", 
    "Prb_PRP2": "40%-70%", 
    "Expire_TOTO": "2026-10-07T23:59:59+02:00", 
    "Des_PRP1": "Precipitación acumulada en una hora: 15 mm. No se descarta que vayan acompañadas de tormentas.", 
    "Des_PRP2": "Precipitación acumulada en 12 horas: 40 mm.", 
    "Code_PRP1": "2PR-3AM-01PRP1-1791378000-752001", 
    "Code_PRP2": "2PR-3AM-02PRP2-1791367200-752001", 
    "Cer_TOTO": "Likely", 
    "Fen_avisos": [
     "PR ", 
     "TOTO "
    ], 
    "Expire_PRP2": "2026-10-08T05:59:59+02:00", 
    "Nivel_TOTO": 3, 
    "Onset_TOTO": "2026-10-07T15:00:00+02:00", 
    "COD_Z": "752001", 
    "Av_mayor": 3, 
    "Resum_PRP2": "Aviso de lluvias de nivel amarillo. Gipuzkoa litoral", 
    "Resum_PRP1": "Aviso de lluvias de nivel amarillo. Gipuzkoa litoral", 
    "Cer_PRP2": "Likely", 
    "Cer_PRP1": "Likely", 
    "Onset_PRP1": "2026-10-07T15:00:00+02:00", 
    "Nivel_PRP2": 3, 
    "Nivel_PRP1": 3, 
    "Valor_PRP2": "40 mm", 
    "Sev_PRP2": "Amarillo", 
    "Identf_PRP2": "2.49.0.0.724.0.ES.20261007092938.752001PRP208041791365378", 
    "Ordn_avisos": [
     "2PR-3AM-01PRP1-1791378000-752001", 
     "2PR-3AM-02PRP2-1791367200-752001", 
     "2PR-3AM-07TOTO-1791378000-752001"
    ], 
    "Identf_PRP1": "2.49.0.0.724.0.ES.20261006092040.752001PRP107221791278440", 
    "Sev_PRP1": "Amarillo", 
    "Nombre_zona": "Gipuzkoa litoral", 
    "Resum_TOTO": "Aviso de tormentas de nivel amarillo. Gipuzkoa litoral", 
    "Onset_PRP2": "2026-10-07T12:00:00+02:00"
   }
  }, 
  {
   "geometry": {
    "type": "Polygon", 
    "coordinates": [
     [
      [
       -2.545359874220406, 
       43.088454105964686
      ], 
      [
       -2.503872336709255, 
       43.097349412273
      ], 
      [
       -2.494931588124563, 
       43.12368476504881
      ], 
      [
       -2.506600325040054, 
       43.16615608696514
      ], 
      [
       -2.491186475693135, 
       43.18099102178021
      ], 
      [
       -2.485598527063277, 
       43.20171233308102
      ], 
      [
       -2.497993409524407, 
       43.212203547722325
      ], 
      [
       -2.49283195924068, 
       43.22596656054925
      ], 
      [
       -2.461969394445688, 
       43.22373654722407
      ], 
      [
       -2.435508537795156, 
       43.24376988698088
      ], 
      [
       -2.437722881039316, 
       43.252100837133845
      ], 
      [
       -2.416778363956959, 
       43.26787064905527
      ], 
      [
       -2.374570970181269, 
       43.27075415612118
      ], 
      [
       -2.347741203838981, 
       43.24802140171374
      ], 
      [
       -2.346155539198383, 
       43.23964728579096
      ], 
      [
       -2.29952934340305, 
       43.21358268767671
      ], 
      [
       -2.277316767360701, 
       43.215974760233124
      ], 
      [
       -2.256447313380773, 
       43.22522360103906
      ], 
      [
       -2.230937550914364, 
       43.20634379497791
      ], 
      [
       -2.193196847077052, 
       43.19792584634217
      ], 
      [
       -2.180058660443502, 
       43.207548199986576
      ], 
      [
       -2.157416853077454, 
       43.19533576633175
      ], 
      [
       -2.127004526503687, 
       43.22389478848196
      ], 
      [
       -2.09852217395551, 
       43.230742303486615
      ], 
      [
       -2.080801457694549, 
       43.243054292380265
      ], 
      [
       -2.054203173046947, 
       43.23071761103036
      ], 
      [
       -2.042275488654795, 
       43.20995334401665
      ], 
      [
       -2.000467427527562, 
       43.185995158597265
      ], 
      [
       -1.964932713054785, 
       43.19527785123726
      ], 
      [
       -1.946608420333229, 
       43.18233333988562
      ], 
      [
       -1.919644301884343, 
       43.17283434203578
      ], 
      [
       -1.915068749800072, 
       43.12828203860279
      ], 
      [
       -1.94625242503434, 
       43.0978050722523
      ], 
      [
       -1.963712499395037, 
       43.09565937676381
      ], 
      [
       -1.977529609703165, 
       43.08198870086766
      ], 
      [
       -2.01108208154449, 
       43.073369065635205
      ], 
      [
       -2.021549818273473, 
       43.06547197704616
      ], 
      [
       -2.019166831065661, 
       43.047010124355836
      ], 
      [
       -2.040119978486123, 
       43.029979921147735
      ], 
      [
       -2.027032171542936, 
       42.99911841177125
      ], 
      [
       -2.037063834560351, 
       42.981274860036145
      ], 
      [
       -2.09395987268137, 
       42.97283371335919
      ], 
      [
       -2.097320434517139, 
       42.9602175738314
      ], 
      [
       -2.116356286576636, 
       42.94252762153833
      ], 
      [
       -2.155773408576083, 
       42.9425729942865
      ], 
      [
       -2.178738830684072, 
       42.93824666501106
      ], 
      [
       -2.193008652496525, 
       42.9501444688039
      ], 
      [
       -2.208980579859205, 
       42.950192926676195
      ], 
      [
       -2.219047681016573, 
       42.93346805474173
      ], 
      [
       -2.236545651743954, 
       42.92173571326151
      ], 
      [
       -2.236480113533543, 
       42.896278482530434
      ], 
      [
       -2.249502547316248, 
       42.89601340433628
      ], 
      [
       -2.288263940349247, 
       42.902591398550385
      ], 
      [
       -2.301041824203408, 
       42.92623590079426
      ], 
      [
       -2.312980742432821, 
       42.92698354153559
      ], 
      [
       -2.362229393903626, 
       42.94707919848162
      ], 
      [
       -2.408613541773741, 
       42.95978192237418
      ], 
      [
       -2.452810625254171, 
       42.957138200777926
      ], 
      [
       -2.477670205878325, 
       42.96620513963575
      ], 
      [
       -2.505479787519843, 
       42.96136700466175
      ], 
      [
       -2.534016482702964, 
       42.97372429130987
      ], 
      [
       -2.549870293488768, 
       42.95890275431129
      ], 
      [
       -2.579734302924559, 
       42.96453626268994
      ], 
      [
       -2.595511264130397, 
       42.97625435130482
      ], 
      [
       -2.599651014372562, 
       43.00164442403609
      ], 
      [
       -2.56213352147478, 
       43.018940259848584
      ], 
      [
       -2.548294696545625, 
       43.02006609962331
      ], 
      [
       -2.528946140555284, 
       43.045120281004294
      ], 
      [
       -2.539551527927685, 
       43.06346097146312
      ], 
      [
       -2.545359874220406, 
       43.088454105964686
      ]
     ]
    ]
   }, 
   "type": "Feature", 
   "properties": {
    "Valor_PRP1": "15 mm", 
    "Nivel_PR": 3, 
    "Valor_PRP2": "40 mm", 
    "PRP1": "Lluvias", 
    "Expire_PRP1": "2026-10-07T23:59:59+02:00", 
    "PRP2": "Lluvias", 
    "Nombre_zona": "Gipuzkoa interior", 
    "Prb_PRP1": "40%-70%", 
    "Prb_PRP2": "40%-70%", 
    "Expire_PRP2": "2026-10-07T23:59:59+02:00", 
    "Des_PRP1": "Precipitación acumulada en una hora: 15 mm. No se descarta que vayan acompañadas de tormentas.", 
    "Des_PRP2": "Precipitación acumulada en 12 horas: 40 mm.", 
    "Code_PRP1": "2PR-3AM-01PRP1-1791378000-752002", 
    "Code_PRP2": "2PR-3AM-02PRP2-1791367200-752002", 
    "Fen_avisos": [
     "PR "
    ], 
    "Ordn_avisos": [
     "2PR-3AM-01PRP1-1791378000-752002", 
     "2PR-3AM-02PRP2-1791367200-752002"
    ], 
    "N_avisos": 1, 
    "COD_Z": "752002", 
    "Av_mayor": 3, 
    "Resum_PRP2": "Aviso de lluvias de nivel amarillo. Gipuzkoa interior", 
    "Resum_PRP1": "Aviso de lluvias de nivel amarillo. Gipuzkoa interior", 
    "Cer_PRP2": "Likely", 
    "Cer_PRP1": "Likely", 
    "Nivel_PRP2": 3, 
    "Nivel_PRP1": 3, 
    "Sev_PRP2": "Amarillo", 
    "Identf_PRP2": "2.49.0.0.724.0.ES.20261006092040.752002PRP207221791278440", 
    "Identf_PRP1": "2.49.0.0.724.0.ES.20261006092040.752002PRP107221791278440", 
    "Sev_PRP1": "Amarillo", 
    "Onset_PRP1": "2026-10-07T15:00:00+02:00", 
    "Onset_PRP2": "2026-10-07T12:00:00+02:00"
   }
  }, 
  {
   "geometry": {
    "type": "Polygon", 
    "coordinates": [
     [
      [
       -3.150214793738905, 
       43.30712207110349
      ], 
      [
       -3.152013477568802, 
       43.3535499926528
      ], 
      [
       -3.112111951463074, 
       43.3521331111138
      ], 
      [
       -3.112100018874388, 
       43.359057378431054
      ], 
      [
       -3.092151906303333, 
       43.3632081302427
      ], 
      [
       -3.068401912708477, 
       43.34734133051217
      ], 
      [
       -3.032764695720849, 
       43.337947645223174
      ], 
      [
       -3.023175447457908, 
       43.3271808822485
      ], 
      [
       -3.009202761084072, 
       43.33812304897364
      ], 
      [
       -3.018029155508986, 
       43.35857964514446
      ], 
      [
       -3.033509767408051, 
       43.369291180531015
      ], 
      [
       -2.989603784378823, 
       43.39193216366725
      ], 
      [
       -2.958855508789665, 
       43.41627247794377
      ], 
      [
       -2.944089162753956, 
       43.43590420437938
      ], 
      [
       -2.917346260329177, 
       43.43924653308664
      ], 
      [
       -2.849604536115941, 
       43.43027244252536
      ], 
      [
       -2.805631461763682, 
       43.430962501931205
      ], 
      [
       -2.794642733804271, 
       43.439794332122105
      ], 
      [
       -2.752310469471221, 
       43.457466527532034
      ], 
      [
       -2.736635184859626, 
       43.42951881851574
      ], 
      [
       -2.717133359971707, 
       43.42022501170271
      ], 
      [
       -2.717140150477024, 
       43.41876635984512
      ], 
      [
       -2.677163667456703, 
       43.41251066931308
      ], 
      [
       -2.644386627993878, 
       43.41620418097081
      ], 
      [
       -2.636804099819424, 
       43.403538539800735
      ], 
      [
       -2.617450456345572, 
       43.39210318711167
      ], 
      [
       -2.600220683339625, 
       43.39483554446369
      ], 
      [
       -2.58055958431234, 
       43.38641826249813
      ], 
      [
       -2.561388882275749, 
       43.39120859468354
      ], 
      [
       -2.542310483202785, 
       43.37348564742753
      ], 
      [
       -2.50830617353681, 
       43.37789161925931
      ], 
      [
       -2.494634880361307, 
       43.36527118044076
      ], 
      [
       -2.468994065879164, 
       43.35054117371918
      ], 
      [
       -2.462679748749441, 
       43.339004279064206
      ], 
      [
       -2.431294447656006, 
       43.33390919681548
      ], 
      [
       -2.419792149879463, 
       43.32934029767257
      ], 
      [
       -2.411530701396661, 
       43.321410363224324
      ], 
      [
       -2.436142985773625, 
       43.29914970863952
      ], 
      [
       -2.438793516866993, 
       43.28842961190564
      ], 
      [
       -2.416778363956959, 
       43.26787064905527
      ], 
      [
       -2.437722881039316, 
       43.252100837133845
      ], 
      [
       -2.435508537795156, 
       43.24376988698088
      ], 
      [
       -2.461969394445688, 
       43.22373654722407
      ], 
      [
       -2.49283195924068, 
       43.22596656054925
      ], 
      [
       -2.497993409524407, 
       43.212203547722325
      ], 
      [
       -2.522920134388769, 
       43.22515053188585
      ], 
      [
       -2.553003334024993, 
       43.23164716147076
      ], 
      [
       -2.576856150784691, 
       43.217492876282435
      ], 
      [
       -2.600743240256608, 
       43.23035601965727
      ], 
      [
       -2.623523299422582, 
       43.22259940516353
      ], 
      [
       -2.657368030712987, 
       43.220967921878184
      ], 
      [
       -2.702991843391621, 
       43.23493527478546
      ], 
      [
       -2.717680358675245, 
       43.24372475493463
      ], 
      [
       -2.724815418993214, 
       43.26483942216147
      ], 
      [
       -2.745240485753723, 
       43.26572414087536
      ], 
      [
       -2.774436914385588, 
       43.2438597505052
      ], 
      [
       -2.839761226514286, 
       43.255387482691006
      ], 
      [
       -2.943381565704466, 
       43.280193698839724
      ], 
      [
       -2.948500749238798, 
       43.2894165685119
      ], 
      [
       -2.971364565048423, 
       43.29252206905475
      ], 
      [
       -2.987941731025481, 
       43.305383192429794
      ], 
      [
       -3.003476480910262, 
       43.29760404273756
      ], 
      [
       -3.03715555965327, 
       43.31641707124033
      ], 
      [
       -3.053041258915513, 
       43.319184130285414
      ], 
      [
       -3.080492864347209, 
       43.33777994612779
      ], 
      [
       -3.109426550708613, 
       43.32028762943518
      ], 
      [
       -3.11634554782076, 
       43.294663540475334
      ], 
      [
       -3.141984559062906, 
       43.29915475987916
      ], 
      [
       -3.150214793738905, 
       43.30712207110349
      ]
     ]
    ]
   }, 
   "type": "Feature", 
   "properties": {
    "Valor_PRP1": "15 mm", 
    "Nivel_PR": 3, 
    "Prb_TOTO": "40%-70%", 
    "Sev_TOTO": "Amarillo", 
    "TOTO": "Tormentas", 
    "Des_TOTO": "Podrán ir acompañadas de granizo.", 
    "N_avisos": 2, 
    "Identf_TOTO": "2.49.0.0.724.0.ES.20261006165621.754801TOTO07221791305781", 
    "Expire_PRP1": "2026-10-07T23:59:59+02:00", 
    "Code_TOTO": "2PR-3AM-07TOTO-1791378000-754801", 
    "PRP2": "Lluvias", 
    "PRP1": "Lluvias", 
    "Prb_PRP1": "40%-70%", 
    "Prb_PRP2": "40%-70%", 
    "Expire_TOTO": "2026-10-07T23:59:59+02:00", 
    "Des_PRP1": "Precipitación acumulada en una hora: 15 mm. No se descarta que vayan acompañadas de tormentas.", 
    "Des_PRP2": "Precipitación acumulada en 12 horas: 40 mm.", 
    "Code_PRP1": "2PR-3AM-01PRP1-1791378000-754801", 
    "Code_PRP2": "2PR-3AM-02PRP2-1791367200-754801", 
    "Cer_TOTO": "Likely", 
    "Fen_avisos": [
     "PR ", 
     "TOTO "
    ], 
    "Expire_PRP2": "2026-10-07T23:59:59+02:00", 
    "Nivel_TOTO": 3, 
    "Onset_TOTO": "2026-10-07T15:00:00+02:00", 
    "COD_Z": "754801", 
    "Av_mayor": 3, 
    "Resum_PRP2": "Aviso de lluvias de nivel amarillo. Bizkaia litoral", 
    "Resum_PRP1": "Aviso de lluvias de nivel amarillo. Bizkaia litoral", 
    "Cer_PRP2": "Likely", 
    "Cer_PRP1": "Likely", 
    "Onset_PRP1": "2026-10-07T15:00:00+02:00", 
    "Nivel_PRP2": 3, 
    "Nivel_PRP1": 3, 
    "Valor_PRP2": "40 mm", 
    "Sev_PRP2": "Amarillo", 
    "Identf_PRP2": "2.49.0.0.724.0.ES.20261007064609.754801PRP207221791355569", 
    "Ordn_avisos": [
     "2PR-3AM-01PRP1-1791378000-754801", 
     "2PR-3AM-02PRP2-1791367200-754801", 
     "2PR-3AM-07TOTO-1791378000-754801"
    ], 
    "Identf_PRP1": "2.49.0.0.724.0.ES.20261006092040.754801PRP107221791278440", 
    "Sev_PRP1": "Amarillo", 
    "Nombre_zona": "Bizkaia litoral", 
    "Resum_TOTO": "Aviso de tormentas de nivel amarillo. Bizkaia litoral", 
    "Onset_PRP2": "2026-10-07T12:00:00+02:00"
   }
  }, 
  {
   "geometry": {
    "type": "Polygon", 
    "coordinates": [
     [
      [
       -6.357645381775444, 
       43.05987164171779
      ], 
      [
       -6.364850538939757, 
       43.07776606434469
      ], 
      [
       -6.361504215962944, 
       43.10279550354454
      ], 
      [
       -6.371997094201435, 
       43.1085998586141
      ], 
      [
       -6.375876255448873, 
       43.13599123224242
      ], 
      [
       -6.354418069894185, 
       43.151172789020684
      ], 
      [
       -6.350487468052142, 
       43.17508443202195
      ], 
      [
       -6.339710191869439, 
       43.189724492419806
      ], 
      [
       -6.299499075375693, 
       43.17537043234061
      ], 
      [
       -6.275594128641064, 
       43.17395124551405
      ], 
      [
       -6.265207418190434, 
       43.18679043460877
      ], 
      [
       -6.238949955747248, 
       43.197018364344366
      ], 
      [
       -6.209910623189653, 
       43.174806484980394
      ], 
      [
       -6.170490286565198, 
       43.19632699472918
      ], 
      [
       -6.144918416199275, 
       43.20447949816169
      ], 
      [
       -6.143162429548736, 
       43.21724989338027
      ], 
      [
       -6.125199110717634, 
       43.219615261588565
      ], 
      [
       -6.103206593342427, 
       43.23576375089
      ], 
      [
       -6.091717616079262, 
       43.226765404192435
      ], 
      [
       -6.097683184581306, 
       43.20769626832553
      ], 
      [
       -6.091300825055784, 
       43.189789756004174
      ], 
      [
       -6.067117007077752, 
       43.1725149531856
      ], 
      [
       -6.033266090426817, 
       43.17183360664658
      ], 
      [
       -6.019114103099629, 
       43.21861326587727
      ], 
      [
       -5.974137901719549, 
       43.235224738438305
      ], 
      [
       -5.977137130401133, 
       43.267199623295646
      ], 
      [
       -5.958702486468392, 
       43.27552951249507
      ], 
      [
       -5.94872893620067, 
       43.256051296777855
      ], 
      [
       -5.960630733193525, 
       43.24567752738622
      ], 
      [
       -5.933800922399728, 
       43.21788170085722
      ], 
      [
       -5.930962144066124, 
       43.20694299011951
      ], 
      [
       -5.894927937996521, 
       43.17063974913606
      ], 
      [
       -5.881523736163776, 
       43.167331875798375
      ], 
      [
       -5.857523555978067, 
       43.198403109343715
      ], 
      [
       -5.815470469051969, 
       43.20187761274142
      ], 
      [
       -5.796330542315127, 
       43.187842292571816
      ], 
      [
       -5.785755353198497, 
       43.1936738395189
      ], 
      [
       -5.770025904383564, 
       43.18138768498738
      ], 
      [
       -5.754004373366501, 
       43.19337169572015
      ], 
      [
       -5.719731736079239, 
       43.18893394996002
      ], 
      [
       -5.630126039522039, 
       43.193245454058655
      ], 
      [
       -5.624149567375752, 
       43.185882549676826
      ], 
      [
       -5.587876861882592, 
       43.174851181957905
      ], 
      [
       -5.580044393381496, 
       43.16735684686313
      ], 
      [
       -5.559755012552531, 
       43.17547523301062
      ], 
      [
       -5.534449904047549, 
       43.164504897526946
      ], 
      [
       -5.505021904625827, 
       43.16437005808524
      ], 
      [
       -5.500315209923169, 
       43.197922763841454
      ], 
      [
       -5.469045315963001, 
       43.24585485232768
      ], 
      [
       -5.464913724213146, 
       43.26983127512138
      ], 
      [
       -5.480128920730238, 
       43.2764531650527
      ], 
      [
       -5.479710095144389, 
       43.29010305585271
      ], 
      [
       -5.455539440277068, 
       43.3234707126412
      ], 
      [
       -5.418312744791686, 
       43.341308519694635
      ], 
      [
       -5.428215006999782, 
       43.38419954498586
      ], 
      [
       -5.381728047195332, 
       43.38587097970921
      ], 
      [
       -5.36474550397748, 
       43.407247303716396
      ], 
      [
       -5.33741693563688, 
       43.42845496701444
      ], 
      [
       -5.317546651594739, 
       43.41537204725229
      ], 
      [
       -5.280168990146881, 
       43.41332366355456
      ], 
      [
       -5.263127369224231, 
       43.43095852947781
      ], 
      [
       -5.228084719926827, 
       43.432493370044355
      ], 
      [
       -5.219617012340325, 
       43.43979808058606
      ], 
      [
       -5.183890793250541, 
       43.44105352600906
      ], 
      [
       -5.163293598269929, 
       43.43068574131618
      ], 
      [
       -5.162283261785245, 
       43.4200083888432
      ], 
      [
       -5.124856194943041, 
       43.43025426866398
      ], 
      [
       -5.08408461134923, 
       43.424792311001674
      ], 
      [
       -5.066214165980358, 
       43.41004436707181
      ], 
      [
       -5.029085881295532, 
       43.409944121224
      ], 
      [
       -5.010389837483198, 
       43.39545412972815
      ], 
      [
       -5.005267593920537, 
       43.37904001039451
      ], 
      [
       -4.982014940823007, 
       43.36588565353207
      ], 
      [
       -4.957173829710348, 
       43.366331629279415
      ], 
      [
       -4.925667350279939, 
       43.353108656718
      ], 
      [
       -4.863902070630291, 
       43.35803100231818
      ], 
      [
       -4.848903187608518, 
       43.365144554904845
      ], 
      [
       -4.819232518546904, 
       43.35515792672245
      ], 
      [
       -4.788371226552785, 
       43.353447845123306
      ], 
      [
       -4.776959548661787, 
       43.36238664024642
      ], 
      [
       -4.709824052088814, 
       43.36539121248415
      ], 
      [
       -4.693582954367923, 
       43.35918607708793
      ], 
      [
       -4.620567935104291, 
       43.34950246469419
      ], 
      [
       -4.597958871142643, 
       43.351171271647694
      ], 
      [
       -4.538089635352652, 
       43.34422177660077
      ], 
      [
       -4.517736858597568, 
       43.310188152140846
      ], 
      [
       -4.520348099910118, 
       43.280890024922236
      ], 
      [
       -4.546407388571003, 
       43.26895226158172
      ], 
      [
       -4.549509944905781, 
       43.284874634139044
      ], 
      [
       -4.597790811321593, 
       43.29913008290918
      ], 
      [
       -4.622537418699475, 
       43.288634002868335
      ], 
      [
       -4.634836568451701, 
       43.27107186253046
      ], 
      [
       -4.6585703568866, 
       43.26476036400601
      ], 
      [
       -4.70351493372833, 
       43.26555835920319
      ], 
      [
       -4.724330722525856, 
       43.25658441036981
      ], 
      [
       -4.720286269024367, 
       43.22975891088497
      ], 
      [
       -4.734703046123039, 
       43.20925471187868
      ], 
      [
       -4.732783459136435, 
       43.19014985407927
      ], 
      [
       -4.744433077825625, 
       43.18439014456305
      ], 
      [
       -4.777233715108298, 
       43.1923131146125
      ], 
      [
       -4.817665608661317, 
       43.179233871107016
      ], 
      [
       -4.839645415066653, 
       43.18105245966811
      ], 
      [
       -4.837823175131693, 
       43.19003193243562
      ], 
      [
       -4.860308038348312, 
       43.205893935738814
      ], 
      [
       -4.858776163539088, 
       43.21867773480609
      ], 
      [
       -4.89219530532859, 
       43.23874911564097
      ], 
      [
       -4.91808355273374, 
       43.22778301417073
      ], 
      [
       -4.940880523892358, 
       43.22521937760907
      ], 
      [
       -4.962531590787441, 
       43.212712315656425
      ], 
      [
       -4.995073134170881, 
       43.18606426601167
      ], 
      [
       -5.074902484216179, 
       43.1811861747949
      ], 
      [
       -5.077063845513849, 
       43.16074356040284
      ], 
      [
       -5.093429361261614, 
       43.14365240819312
      ], 
      [
       -5.089674273721051, 
       43.129800615998924
      ], 
      [
       -5.100344575831043, 
       43.1021243275708
      ], 
      [
       -5.139285923088732, 
       43.10319445001659
      ], 
      [
       -5.146409577120457, 
       43.115396737897015
      ], 
      [
       -5.166524508984155, 
       43.10271775456463
      ], 
      [
       -5.187208651337396, 
       43.10004601923504
      ], 
      [
       -5.218795585847062, 
       43.083932396327626
      ], 
      [
       -5.267106718721089, 
       43.08783825607115
      ], 
      [
       -5.280723478066287, 
       43.07770796123365
      ], 
      [
       -5.310099703165104, 
       43.084438794098
      ], 
      [
       -5.340047148901157, 
       43.084064098887936
      ], 
      [
       -5.343416735880871, 
       43.094466923794705
      ], 
      [
       -5.367734321352947, 
       43.09485747489664
      ], 
      [
       -5.38170203534951, 
       43.087517220065024
      ], 
      [
       -5.389049479938398, 
       43.04961858301548
      ], 
      [
       -5.446773853703152, 
       43.05569164265524
      ], 
      [
       -5.480109393253957, 
       43.04105324079255
      ], 
      [
       -5.492347520780552, 
       43.02163538705687
      ], 
      [
       -5.50459663339459, 
       43.028922301018866
      ], 
      [
       -5.539003828746679, 
       43.01863729767083
      ], 
      [
       -5.568735358387865, 
       43.02301574066579
      ], 
      [
       -5.573194371822554, 
       43.03251389395998
      ], 
      [
       -5.641716788109158, 
       43.0381729451123
      ], 
      [
       -5.670430747681758, 
       43.053227134887706
      ], 
      [
       -5.691936998315303, 
       43.05676571991302
      ], 
      [
       -5.72696261281059, 
       43.04279900669428
      ], 
      [
       -5.734330588280405, 
       43.023516531424605
      ], 
      [
       -5.765097724432166, 
       42.98637341959001
      ], 
      [
       -5.762445083514311, 
       42.97041926644181
      ], 
      [
       -5.805702677215475, 
       42.965287458757224
      ], 
      [
       -5.84890882673299, 
       42.96769496233006
      ], 
      [
       -5.862492668679688, 
       42.98167219218907
      ], 
      [
       -5.887731110460941, 
       42.97931793992217
      ], 
      [
       -5.932264583604465, 
       43.01115729715623
      ], 
      [
       -5.955321417536335, 
       43.01888337275897
      ], 
      [
       -5.968822158149728, 
       43.0415836442579
      ], 
      [
       -5.97271500398731, 
       43.0652347213164
      ], 
      [
       -6.018786864165198, 
       43.05516779197262
      ], 
      [
       -6.050809089678583, 
       43.06830075780982
      ], 
      [
       -6.065849071479451, 
       43.06600763867114
      ], 
      [
       -6.080447921352333, 
       43.07600560161632
      ], 
      [
       -6.090420841593243, 
       43.067209866580136
      ], 
      [
       -6.095471272324855, 
       43.03093194897325
      ], 
      [
       -6.135235839381101, 
       43.02128584120829
      ], 
      [
       -6.146977454996494, 
       43.03348755753304
      ], 
      [
       -6.184657174522216, 
       43.049839482847595
      ], 
      [
       -6.212460937805249, 
       43.046954716508715
      ], 
      [
       -6.225372993369143, 
       43.009207575897236
      ], 
      [
       -6.263247260366241, 
       43.017091572381375
      ], 
      [
       -6.283752173394265, 
       43.036663788818714
      ], 
      [
       -6.293727750101413, 
       43.02720203737228
      ], 
      [
       -6.325052430486785, 
       43.031625435819834
      ], 
      [
       -6.331715366677512, 
       43.04678271341804
      ], 
      [
       -6.357645381775444, 
       43.05987164171779
      ]
     ]
    ]
   }, 
   "type": "Feature", 
   "properties": {
    "Valor_PRP1": "15 mm", 
    "Nivel_PR": 2, 
    "Valor_PRP2": "80 mm", 
    "PRP1": "Lluvias", 
    "Expire_PRP1": "2026-10-07T20:59:59+02:00", 
    "PRP2": "Lluvias", 
    "Nombre_zona": "Cordillera y Picos de Europa", 
    "Prb_PRP1": "40%-70%", 
    "Prb_PRP2": "40%-70%", 
    "Expire_PRP2": "2026-10-08T02:59:59+02:00", 
    "Des_PRP1": "Precipitación acumulada en una hora: 15 mm.", 
    "Des_PRP2": "Precipitación acumulada en 12 horas: 80 mm. Podrán acumularse entre 60 y 80 litros en la cara norte de la cordillera y más de 80 litros en Picos de Europa.", 
    "Code_PRP1": "2PR-3AM-01PRP1-1791280800-633305", 
    "Code_PRP2": "2PR-2NA-02PRP2-1791363600-633305", 
    "Fen_avisos": [
     "PR "
    ], 
    "Ordn_avisos": [
     "2PR-2NA-02PRP2-1791363600-633305", 
     "2PR-3AM-01PRP1-1791280800-633305"
    ], 
    "N_avisos": 1, 
    "COD_Z": "633305", 
    "Av_mayor": 2, 
    "Resum_PRP2": "Aviso de lluvias de nivel naranja. Cordillera y Picos de Europa", 
    "Resum_PRP1": "Aviso de lluvias de nivel amarillo. Cordillera y Picos de Europa", 
    "Cer_PRP2": "Likely", 
    "Cer_PRP1": "Likely", 
    "Nivel_PRP2": 2, 
    "Nivel_PRP1": 3, 
    "Sev_PRP2": "Naranja", 
    "Identf_PRP2": "2.49.0.0.724.0.ES.20261007092907.633305PRP208011791365347", 
    "Identf_PRP1": "2.49.0.0.724.0.ES.20261006091633.633305PRP107191791278193", 
    "Sev_PRP1": "Amarillo", 
    "Onset_PRP1": "2026-10-06T12:00:00+02:00", 
    "Onset_PRP2": "2026-10-07T11:00:00+02:00"
   }
  }, 
  {
   "geometry": {
    "type": "Polygon", 
    "coordinates": [
     [
      [
       -6.361141140875045, 
       43.43212431713526
      ], 
      [
       -6.325735863512776, 
       43.48373186013553
      ], 
      [
       -6.304793407504076, 
       43.48107156847115
      ], 
      [
       -6.286416188655135, 
       43.50013045456777
      ], 
      [
       -6.234014831614246, 
       43.49599917091804
      ], 
      [
       -6.216217969105482, 
       43.46781726639543
      ], 
      [
       -6.222798083281647, 
       43.454640060187955
      ], 
      [
       -6.18980625062496, 
       43.45005607092312
      ], 
      [
       -6.143458655045557, 
       43.42085549608115
      ], 
      [
       -6.135740848460792, 
       43.439542497153546
      ], 
      [
       -6.119848037488806, 
       43.4442812359476
      ], 
      [
       -6.096683860978676, 
       43.46929256846163
      ], 
      [
       -6.063292447380746, 
       43.48440912894776
      ], 
      [
       -6.049704215066212, 
       43.48049610862384
      ], 
      [
       -6.039416163411155, 
       43.49796667911558
      ], 
      [
       -6.020280810370759, 
       43.50956631201133
      ], 
      [
       -6.006898261461839, 
       43.48196396083299
      ], 
      [
       -5.971691418445429, 
       43.47177502855222
      ], 
      [
       -5.952292330342735, 
       43.48669241190485
      ], 
      [
       -5.903187702539898, 
       43.50136587687418
      ], 
      [
       -5.852094424162917, 
       43.47854167737554
      ], 
      [
       -5.816872112295725, 
       43.49135407258962
      ], 
      [
       -5.802166389450468, 
       43.485431293767284
      ], 
      [
       -5.778799675052072, 
       43.463943493615304
      ], 
      [
       -5.746181521872217, 
       43.44816566382073
      ], 
      [
       -5.716139121775908, 
       43.45145874640509
      ], 
      [
       -5.696471656876362, 
       43.46634819922533
      ], 
      [
       -5.681045484712808, 
       43.4543493527327
      ], 
      [
       -5.643896941639504, 
       43.455259941491924
      ], 
      [
       -5.623433797425945, 
       43.44363078431843
      ], 
      [
       -5.584096024223316, 
       43.443491697124585
      ], 
      [
       -5.563388658793394, 
       43.42659012046864
      ], 
      [
       -5.510311486945328, 
       43.42224011156904
      ], 
      [
       -5.495067280724235, 
       43.41619935698884
      ], 
      [
       -5.446382242440884, 
       43.41169659009199
      ], 
      [
       -5.42215755481303, 
       43.43818814396067
      ], 
      [
       -5.391079331566952, 
       43.42305013675273
      ], 
      [
       -5.375169067395287, 
       43.4211579763145
      ], 
      [
       -5.36474550397748, 
       43.407247303716396
      ], 
      [
       -5.381728047195332, 
       43.38587097970921
      ], 
      [
       -5.428215006999782, 
       43.38419954498586
      ], 
      [
       -5.418312744791686, 
       43.341308519694635
      ], 
      [
       -5.455539440277068, 
       43.3234707126412
      ], 
      [
       -5.479710095144389, 
       43.29010305585271
      ], 
      [
       -5.480128920730238, 
       43.2764531650527
      ], 
      [
       -5.464913724213146, 
       43.26983127512138
      ], 
      [
       -5.469045315963001, 
       43.24585485232768
      ], 
      [
       -5.500315209923169, 
       43.197922763841454
      ], 
      [
       -5.505021904625827, 
       43.16437005808524
      ], 
      [
       -5.534449904047549, 
       43.164504897526946
      ], 
      [
       -5.559755012552531, 
       43.17547523301062
      ], 
      [
       -5.580044393381496, 
       43.16735684686313
      ], 
      [
       -5.587876861882592, 
       43.174851181957905
      ], 
      [
       -5.624149567375752, 
       43.185882549676826
      ], 
      [
       -5.630126039522039, 
       43.193245454058655
      ], 
      [
       -5.719731736079239, 
       43.18893394996002
      ], 
      [
       -5.754004373366501, 
       43.19337169572015
      ], 
      [
       -5.770025904383564, 
       43.18138768498738
      ], 
      [
       -5.785755353198497, 
       43.1936738395189
      ], 
      [
       -5.796330542315127, 
       43.187842292571816
      ], 
      [
       -5.815470469051969, 
       43.20187761274142
      ], 
      [
       -5.857523555978067, 
       43.198403109343715
      ], 
      [
       -5.881523736163776, 
       43.167331875798375
      ], 
      [
       -5.894927937996521, 
       43.17063974913606
      ], 
      [
       -5.930962144066124, 
       43.20694299011951
      ], 
      [
       -5.933800922399728, 
       43.21788170085722
      ], 
      [
       -5.960630733193525, 
       43.24567752738622
      ], 
      [
       -5.94872893620067, 
       43.256051296777855
      ], 
      [
       -5.958702486468392, 
       43.27552951249507
      ], 
      [
       -5.977137130401133, 
       43.267199623295646
      ], 
      [
       -5.974137901719549, 
       43.235224738438305
      ], 
      [
       -6.019114103099629, 
       43.21861326587727
      ], 
      [
       -6.033266090426817, 
       43.17183360664658
      ], 
      [
       -6.067117007077752, 
       43.1725149531856
      ], 
      [
       -6.091300825055784, 
       43.189789756004174
      ], 
      [
       -6.097683184581306, 
       43.20769626832553
      ], 
      [
       -6.091717616079262, 
       43.226765404192435
      ], 
      [
       -6.103206593342427, 
       43.23576375089
      ], 
      [
       -6.125199110717634, 
       43.219615261588565
      ], 
      [
       -6.143162429548736, 
       43.21724989338027
      ], 
      [
       -6.144918416199275, 
       43.20447949816169
      ], 
      [
       -6.170490286565198, 
       43.19632699472918
      ], 
      [
       -6.209910623189653, 
       43.174806484980394
      ], 
      [
       -6.238949955747248, 
       43.197018364344366
      ], 
      [
       -6.265207418190434, 
       43.18679043460877
      ], 
      [
       -6.275594128641064, 
       43.17395124551405
      ], 
      [
       -6.299499075375693, 
       43.17537043234061
      ], 
      [
       -6.339710191869439, 
       43.189724492419806
      ], 
      [
       -6.329277653041729, 
       43.22480042190198
      ], 
      [
       -6.313993702890017, 
       43.23447326745247
      ], 
      [
       -6.338099585148775, 
       43.24993282776165
      ], 
      [
       -6.331150069919479, 
       43.269520056179545
      ], 
      [
       -6.331814837195934, 
       43.29454819449373
      ], 
      [
       -6.307731053594964, 
       43.31251650788469
      ], 
      [
       -6.313727165047315, 
       43.33071867754845
      ], 
      [
       -6.305416672304763, 
       43.34484262555489
      ], 
      [
       -6.325026405460954, 
       43.377252829192095
      ], 
      [
       -6.346768460095189, 
       43.39462453885182
      ], 
      [
       -6.343498085867403, 
       43.40541621916841
      ], 
      [
       -6.361141140875045, 
       43.43212431713526
      ]
     ]
    ]
   }, 
   "type": "Feature", 
   "properties": {
    "Valor_PRP1": "15 mm", 
    "Nivel_PR": 3, 
    "Valor_PRP2": "40 mm", 
    "PRP1": "Lluvias", 
    "Expire_PRP1": "2026-10-07T20:59:59+02:00", 
    "PRP2": "Lluvias", 
    "Nombre_zona": "Central y Valles Mineros", 
    "Prb_PRP1": "40%-70%", 
    "Prb_PRP2": "40%-70%", 
    "Expire_PRP2": "2026-10-07T23:59:59+02:00", 
    "Des_PRP1": "Precipitación acumulada en una hora: 15 mm.", 
    "Des_PRP2": "Precipitación acumulada en 12 horas: 40 mm. Estos acumulados pueden alcanzarse en 3-4 horas.", 
    "Code_PRP1": "2PR-3AM-01PRP1-1791324000-633304", 
    "Code_PRP2": "2PR-3AM-02PRP2-1791280800-633304", 
    "Fen_avisos": [
     "PR "
    ], 
    "Ordn_avisos": [
     "2PR-3AM-01PRP1-1791324000-633304", 
     "2PR-3AM-02PRP2-1791280800-633304"
    ], 
    "N_avisos": 1, 
    "COD_Z": "633304", 
    "Av_mayor": 3, 
    "Resum_PRP2": "Aviso de lluvias de nivel amarillo. Central y Valles Mineros", 
    "Resum_PRP1": "Aviso de lluvias de nivel amarillo. Central y Valles Mineros", 
    "Cer_PRP2": "Likely", 
    "Cer_PRP1": "Likely", 
    "Nivel_PRP2": 3, 
    "Nivel_PRP1": 3, 
    "Sev_PRP2": "Amarillo", 
    "Identf_PRP2": "2.49.0.0.724.0.ES.20261006091633.633304PRP207221791278193", 
    "Identf_PRP1": "2.49.0.0.724.0.ES.20261006091633.633304PRP107191791278193", 
    "Sev_PRP1": "Amarillo", 
    "Onset_PRP1": "2026-10-07T00:00:00+02:00", 
    "Onset_PRP2": "2026-10-06T12:00:00+02:00"
   }
  }, 
  {
   "geometry": {
    "type": "Polygon", 
    "coordinates": [
     [
      [
       -7.054483125403801, 
       43.472731264939895
      ], 
      [
       -7.046169593019339, 
       43.478184861479455
      ], 
      [
       -7.046133307207319, 
       43.50759837131998
      ], 
      [
       -7.030396797977607, 
       43.54484151345086
      ], 
      [
       -7.021902991291816, 
       43.55724086299286
      ], 
      [
       -6.995513987901095, 
       43.55467456036422
      ], 
      [
       -6.946722606389692, 
       43.56782358189807
      ], 
      [
       -6.912743255204894, 
       43.573098666493614
      ], 
      [
       -6.872664577331113, 
       43.563121809498945
      ], 
      [
       -6.829304659403664, 
       43.567168354527915
      ], 
      [
       -6.807550922248387, 
       43.55500383595001
      ], 
      [
       -6.782282608439639, 
       43.55673507525582
      ], 
      [
       -6.772985199281609, 
       43.56861146578569
      ], 
      [
       -6.757017735055107, 
       43.56172865720838
      ], 
      [
       -6.719570149906944, 
       43.556751821347135
      ], 
      [
       -6.708982392971143, 
       43.563749451370775
      ], 
      [
       -6.683646414708341, 
       43.55879882105578
      ], 
      [
       -6.665415762383453, 
       43.5656066074513
      ], 
      [
       -6.624799299553137, 
       43.57241884155827
      ], 
      [
       -6.596923290230745, 
       43.55418137338293
      ], 
      [
       -6.560776935656411, 
       43.556700792941676
      ], 
      [
       -6.538305319661927, 
       43.54777510077455
      ], 
      [
       -6.500241947138776, 
       43.552009257849164
      ], 
      [
       -6.475264631724102, 
       43.55011624725543
      ], 
      [
       -6.468315361290799, 
       43.57093554829846
      ], 
      [
       -6.428635901308845, 
       43.5531643579747
      ], 
      [
       -6.395127014613632, 
       43.56044068648072
      ], 
      [
       -6.35285880682815, 
       43.55126389687891
      ], 
      [
       -6.330637589911319, 
       43.56155649033127
      ], 
      [
       -6.302604162311394, 
       43.56329795734186
      ], 
      [
       -6.239984845584154, 
       43.59243421482878
      ], 
      [
       -6.207456831417483, 
       43.585447646481825
      ], 
      [
       -6.20136002574869, 
       43.57278019207167
      ], 
      [
       -6.182776791241924, 
       43.562981927001275
      ], 
      [
       -6.168680778549685, 
       43.56993720652438
      ], 
      [
       -6.134024872503268, 
       43.56473523820966
      ], 
      [
       -6.115421429296414, 
       43.55548469596749
      ], 
      [
       -6.063197948615048, 
       43.565846422156675
      ], 
      [
       -6.027573116759963, 
       43.58653137929237
      ], 
      [
       -5.996734921330984, 
       43.57860247665652
      ], 
      [
       -5.95886053359364, 
       43.57878857165056
      ], 
      [
       -5.939904224671618, 
       43.59463761889892
      ], 
      [
       -5.937565904636289, 
       43.59469778025263
      ], 
      [
       -5.912448177325698, 
       43.58991201149043
      ], 
      [
       -5.899129009758787, 
       43.5784925400306
      ], 
      [
       -5.880640270911816, 
       43.574620693142585
      ], 
      [
       -5.881404025164507, 
       43.5576661877777
      ], 
      [
       -5.845644046464749, 
       43.54780358232769
      ], 
      [
       -5.861382292930929, 
       43.528836528175724
      ], 
      [
       -5.816872112295725, 
       43.49135407258962
      ], 
      [
       -5.852094424162917, 
       43.47854167737554
      ], 
      [
       -5.903187702539898, 
       43.50136587687418
      ], 
      [
       -5.952292330342735, 
       43.48669241190485
      ], 
      [
       -5.971691418445429, 
       43.47177502855222
      ], 
      [
       -6.006898261461839, 
       43.48196396083299
      ], 
      [
       -6.020280810370759, 
       43.50956631201133
      ], 
      [
       -6.039416163411155, 
       43.49796667911558
      ], 
      [
       -6.049704215066212, 
       43.48049610862384
      ], 
      [
       -6.063292447380746, 
       43.48440912894776
      ], 
      [
       -6.096683860978676, 
       43.46929256846163
      ], 
      [
       -6.119848037488806, 
       43.4442812359476
      ], 
      [
       -6.135740848460792, 
       43.439542497153546
      ], 
      [
       -6.143458655045557, 
       43.42085549608115
      ], 
      [
       -6.18980625062496, 
       43.45005607092312
      ], 
      [
       -6.222798083281647, 
       43.454640060187955
      ], 
      [
       -6.216217969105482, 
       43.46781726639543
      ], 
      [
       -6.234014831614246, 
       43.49599917091804
      ], 
      [
       -6.286416188655135, 
       43.50013045456777
      ], 
      [
       -6.304793407504076, 
       43.48107156847115
      ], 
      [
       -6.325735863512776, 
       43.48373186013553
      ], 
      [
       -6.361141140875045, 
       43.43212431713526
      ], 
      [
       -6.381760715420599, 
       43.42172016773702
      ], 
      [
       -6.393618773899593, 
       43.39852721326607
      ], 
      [
       -6.428001711113416, 
       43.408520509119434
      ], 
      [
       -6.431967954910184, 
       43.42406702823455
      ], 
      [
       -6.451899606774685, 
       43.439393064788256
      ], 
      [
       -6.47248487726318, 
       43.44221727811663
      ], 
      [
       -6.492908352141252, 
       43.43254630363081
      ], 
      [
       -6.524180007292827, 
       43.43686150138224
      ], 
      [
       -6.549094826978809, 
       43.457040279415
      ], 
      [
       -6.57446680742189, 
       43.459328032989774
      ], 
      [
       -6.597294090792196, 
       43.4551540618854
      ], 
      [
       -6.60712247513337, 
       43.4377651460369
      ], 
      [
       -6.629617431259853, 
       43.424907215740696
      ], 
      [
       -6.636410832750697, 
       43.43994236529322
      ], 
      [
       -6.65636148931237, 
       43.444599149907916
      ], 
      [
       -6.639667298154694, 
       43.47627408821288
      ], 
      [
       -6.66316943802667, 
       43.49324055981063
      ], 
      [
       -6.723509167923201, 
       43.493917714561654
      ], 
      [
       -6.721227934030387, 
       43.46505639047251
      ], 
      [
       -6.744344980616916, 
       43.45650406803728
      ], 
      [
       -6.772355571337914, 
       43.45818398403998
      ], 
      [
       -6.796748039280124, 
       43.472905656905255
      ], 
      [
       -6.814930361638888, 
       43.46933761579423
      ], 
      [
       -6.826275399479117, 
       43.451096083817866
      ], 
      [
       -6.838122847415266, 
       43.44811459520415
      ], 
      [
       -6.895355445673961, 
       43.4593836715876
      ], 
      [
       -6.908367313935242, 
       43.43884442762511
      ], 
      [
       -6.90297500749641, 
       43.417835919447114
      ], 
      [
       -6.928840322742007, 
       43.386212710467525
      ], 
      [
       -6.954766937588237, 
       43.37413599224403
      ], 
      [
       -6.967529894377598, 
       43.39173516348846
      ], 
      [
       -6.950798978615912, 
       43.419954357004016
      ], 
      [
       -6.955789800606828, 
       43.436824094029724
      ], 
      [
       -6.974223587473562, 
       43.417043706132326
      ], 
      [
       -7.00951210555646, 
       43.45762831725622
      ], 
      [
       -7.001174790887549, 
       43.47454012740522
      ], 
      [
       -7.054483125403801, 
       43.472731264939895
      ]
     ]
    ]
   }, 
   "type": "Feature", 
   "properties": {
    "Valor_PRP1": "15 mm", 
    "Nivel_PR": 3, 
    "Prb_TOTO": "40%-70%", 
    "Sev_TOTO": "Amarillo", 
    "TOTO": "Tormentas", 
    "Des_TOTO": "Podrán ir acompañadas de granizo y rachas muy fuertes.", 
    "N_avisos": 2, 
    "Identf_TOTO": "2.49.0.0.724.0.ES.20261006173235.633301TOTO07191791307955", 
    "Expire_PRP1": "2026-10-07T20:59:59+02:00", 
    "Code_TOTO": "2PR-3AM-07TOTO-1791306000-633301", 
    "PRP2": "Lluvias", 
    "PRP1": "Lluvias", 
    "Prb_PRP1": "40%-70%", 
    "Prb_PRP2": "40%-70%", 
    "Expire_TOTO": "2026-10-07T20:59:59+02:00", 
    "Des_PRP1": "Precipitación acumulada en una hora: 15 mm.", 
    "Des_PRP2": "Precipitación acumulada en 12 horas: 40 mm. Podrán acumularse entre 60 y 80 litros en la cara norte de la cordillera y más de 80 litros en Picos de Europa.", 
    "Code_PRP1": "2PR-3AM-01PRP1-1791280800-633301", 
    "Code_PRP2": "2PR-3AM-02PRP2-1791324000-633301", 
    "Cer_TOTO": "Likely", 
    "Fen_avisos": [
     "PR ", 
     "TOTO "
    ], 
    "Expire_PRP2": "2026-10-07T23:59:59+02:00", 
    "Nivel_TOTO": 3, 
    "Onset_TOTO": "2026-10-06T19:00:00+02:00", 
    "COD_Z": "633301", 
    "Av_mayor": 3, 
    "Resum_PRP2": "Aviso de lluvias de nivel amarillo. Litoral occidental asturiano", 
    "Resum_PRP1": "Aviso de lluvias de nivel amarillo. Litoral occidental asturiano", 
    "Cer_PRP2": "Likely", 
    "Cer_PRP1": "Likely", 
    "Onset_PRP1": "2026-10-06T12:00:00+02:00", 
    "Nivel_PRP2": 3, 
    "Nivel_PRP1": 3, 
    "Valor_PRP2": "40 mm", 
    "Sev_PRP2": "Amarillo", 
    "Identf_PRP2": "2.49.0.0.724.0.ES.20261006091633.633301PRP207221791278193", 
    "Ordn_avisos": [
     "2PR-3AM-01PRP1-1791280800-633301", 
     "2PR-3AM-02PRP2-1791324000-633301", 
     "2PR-3AM-07TOTO-1791306000-633301"
    ], 
    "Identf_PRP1": "2.49.0.0.724.0.ES.20261006091633.633301PRP107191791278193", 
    "Sev_PRP1": "Amarillo", 
    "Nombre_zona": "Litoral occidental asturiano", 
    "Resum_TOTO": "Aviso de tormentas de nivel amarillo. Litoral occidental asturiano", 
    "Onset_PRP2": "2026-10-07T00:00:00+02:00"
   }
  }, 
  {
   "geometry": {
    "type": "Polygon", 
    "coordinates": [
     [
      [
       -7.054483125403801, 
       43.472731264939895
      ], 
      [
       -7.001174790887549, 
       43.47454012740522
      ], 
      [
       -7.00951210555646, 
       43.45762831725622
      ], 
      [
       -6.974223587473562, 
       43.417043706132326
      ], 
      [
       -6.955789800606828, 
       43.436824094029724
      ], 
      [
       -6.950798978615912, 
       43.419954357004016
      ], 
      [
       -6.967529894377598, 
       43.39173516348846
      ], 
      [
       -6.954766937588237, 
       43.37413599224403
      ], 
      [
       -6.928840322742007, 
       43.386212710467525
      ], 
      [
       -6.90297500749641, 
       43.417835919447114
      ], 
      [
       -6.908367313935242, 
       43.43884442762511
      ], 
      [
       -6.895355445673961, 
       43.4593836715876
      ], 
      [
       -6.838122847415266, 
       43.44811459520415
      ], 
      [
       -6.826275399479117, 
       43.451096083817866
      ], 
      [
       -6.814930361638888, 
       43.46933761579423
      ], 
      [
       -6.796748039280124, 
       43.472905656905255
      ], 
      [
       -6.772355571337914, 
       43.45818398403998
      ], 
      [
       -6.744344980616916, 
       43.45650406803728
      ], 
      [
       -6.721227934030387, 
       43.46505639047251
      ], 
      [
       -6.723509167923201, 
       43.493917714561654
      ], 
      [
       -6.66316943802667, 
       43.49324055981063
      ], 
      [
       -6.639667298154694, 
       43.47627408821288
      ], 
      [
       -6.65636148931237, 
       43.444599149907916
      ], 
      [
       -6.636410832750697, 
       43.43994236529322
      ], 
      [
       -6.629617431259853, 
       43.424907215740696
      ], 
      [
       -6.60712247513337, 
       43.4377651460369
      ], 
      [
       -6.597294090792196, 
       43.4551540618854
      ], 
      [
       -6.57446680742189, 
       43.459328032989774
      ], 
      [
       -6.549094826978809, 
       43.457040279415
      ], 
      [
       -6.524180007292827, 
       43.43686150138224
      ], 
      [
       -6.492908352141252, 
       43.43254630363081
      ], 
      [
       -6.47248487726318, 
       43.44221727811663
      ], 
      [
       -6.451899606774685, 
       43.439393064788256
      ], 
      [
       -6.431967954910184, 
       43.42406702823455
      ], 
      [
       -6.428001711113416, 
       43.408520509119434
      ], 
      [
       -6.393618773899593, 
       43.39852721326607
      ], 
      [
       -6.381760715420599, 
       43.42172016773702
      ], 
      [
       -6.361141140875045, 
       43.43212431713526
      ], 
      [
       -6.343498085867403, 
       43.40541621916841
      ], 
      [
       -6.346768460095189, 
       43.39462453885182
      ], 
      [
       -6.325026405460954, 
       43.377252829192095
      ], 
      [
       -6.305416672304763, 
       43.34484262555489
      ], 
      [
       -6.313727165047315, 
       43.33071867754845
      ], 
      [
       -6.307731053594964, 
       43.31251650788469
      ], 
      [
       -6.331814837195934, 
       43.29454819449373
      ], 
      [
       -6.331150069919479, 
       43.269520056179545
      ], 
      [
       -6.338099585148775, 
       43.24993282776165
      ], 
      [
       -6.313993702890017, 
       43.23447326745247
      ], 
      [
       -6.329277653041729, 
       43.22480042190198
      ], 
      [
       -6.339710191869439, 
       43.189724492419806
      ], 
      [
       -6.350487468052142, 
       43.17508443202195
      ], 
      [
       -6.354418069894185, 
       43.151172789020684
      ], 
      [
       -6.375876255448873, 
       43.13599123224242
      ], 
      [
       -6.371997094201435, 
       43.1085998586141
      ], 
      [
       -6.361504215962944, 
       43.10279550354454
      ], 
      [
       -6.364850538939757, 
       43.07776606434469
      ], 
      [
       -6.357645381775444, 
       43.05987164171779
      ], 
      [
       -6.372103492667187, 
       43.041402750978854
      ], 
      [
       -6.39560376321115, 
       43.03861825693166
      ], 
      [
       -6.392908994625939, 
       43.01690944176027
      ], 
      [
       -6.422637257995427, 
       42.98817493796129
      ], 
      [
       -6.444995116602405, 
       42.98247034668433
      ], 
      [
       -6.469406901140052, 
       42.991978255176384
      ], 
      [
       -6.473236264680797, 
       42.97091950096339
      ], 
      [
       -6.43219505807969, 
       42.96446082909994
      ], 
      [
       -6.440165635922007, 
       42.93987527983472
      ], 
      [
       -6.477142775692803, 
       42.93386769919176
      ], 
      [
       -6.488325341274329, 
       42.92055275091739
      ], 
      [
       -6.509131576645239, 
       42.92903679180911
      ], 
      [
       -6.535501554257355, 
       42.92116551925415
      ], 
      [
       -6.53978840055166, 
       42.91281253391295
      ], 
      [
       -6.577949158902859, 
       42.91880959439083
      ], 
      [
       -6.605053925052776, 
       42.91640950580361
      ], 
      [
       -6.637332350553851, 
       42.925768251476214
      ], 
      [
       -6.688451168301233, 
       42.92277084023693
      ], 
      [
       -6.721737069803837, 
       42.917685456930926
      ], 
      [
       -6.755212655342449, 
       42.88336771840659
      ], 
      [
       -6.769212969854697, 
       42.89893325006358
      ], 
      [
       -6.822729629517037, 
       42.915370189271556
      ], 
      [
       -6.840414261533388, 
       42.92850764752794
      ], 
      [
       -6.834630592658676, 
       42.95807098303193
      ], 
      [
       -6.870308975241096, 
       42.98923550508932
      ], 
      [
       -6.908858293567951, 
       42.99044442526157
      ], 
      [
       -6.939173958905648, 
       43.01169563419935
      ], 
      [
       -6.945088331048097, 
       43.03275733028841
      ], 
      [
       -6.955638930874225, 
       43.03708327381483
      ], 
      [
       -6.962690787385062, 
       42.995658003889105
      ], 
      [
       -6.973630458000644, 
       42.99659260231165
      ], 
      [
       -6.995705463969808, 
       43.019789489027545
      ], 
      [
       -6.98044682856927, 
       43.04167772369654
      ], 
      [
       -6.96317415653729, 
       43.03497650209994
      ], 
      [
       -6.964673868652151, 
       43.0616550830599
      ], 
      [
       -6.950353636666868, 
       43.076493232780834
      ], 
      [
       -6.921902750744336, 
       43.08215505455069
      ], 
      [
       -6.914130739966518, 
       43.073724431222594
      ], 
      [
       -6.892526669556032, 
       43.09209985199252
      ], 
      [
       -6.869885500075789, 
       43.091509458956025
      ], 
      [
       -6.863776489606436, 
       43.10140372125307
      ], 
      [
       -6.826143768746587, 
       43.123485705381825
      ], 
      [
       -6.823206618123445, 
       43.140636210417625
      ], 
      [
       -6.837449690075299, 
       43.16643914544776
      ], 
      [
       -6.870247538641294, 
       43.18016099971091
      ], 
      [
       -6.917978149054083, 
       43.14129678338036
      ], 
      [
       -6.940096554982459, 
       43.13212710137032
      ], 
      [
       -6.955894760506188, 
       43.13577661736488
      ], 
      [
       -6.972001205917559, 
       43.14983886311747
      ], 
      [
       -6.97930366041691, 
       43.16684372830437
      ], 
      [
       -6.963648225521732, 
       43.18738397805157
      ], 
      [
       -6.969548501699387, 
       43.20454608675822
      ], 
      [
       -7.018581156121654, 
       43.213536141822274
      ], 
      [
       -7.063813773214386, 
       43.24974835241983
      ], 
      [
       -7.070032126713166, 
       43.271512210931114
      ], 
      [
       -7.063203603983412, 
       43.28903209820851
      ], 
      [
       -7.072458704325354, 
       43.305988093354955
      ], 
      [
       -7.0851395756493, 
       43.300592513264334
      ], 
      [
       -7.099452958671345, 
       43.304103860040215
      ], 
      [
       -7.13130422867425, 
       43.34802441787293
      ], 
      [
       -7.126046603061752, 
       43.37289142766615
      ], 
      [
       -7.13752795285759, 
       43.38363945624154
      ], 
      [
       -7.158069662425977, 
       43.375015651342004
      ], 
      [
       -7.178764966019273, 
       43.39651499889564
      ], 
      [
       -7.175315946625394, 
       43.41493491212055
      ], 
      [
       -7.160513464375097, 
       43.43229260736414
      ], 
      [
       -7.127980762996682, 
       43.42403870999399
      ], 
      [
       -7.095631805024399, 
       43.43318938215301
      ], 
      [
       -7.088836441865978, 
       43.4542385286942
      ], 
      [
       -7.054483125403801, 
       43.472731264939895
      ]
     ]
    ]
   }, 
   "type": "Feature", 
   "properties": {
    "Valor_PRP1": "15 mm", 
    "Nivel_PR": 3, 
    "Valor_PRP2": "40 mm", 
    "PRP1": "Lluvias", 
    "Expire_PRP1": "2026-10-07T20:59:59+02:00", 
    "PRP2": "Lluvias", 
    "Nombre_zona": "Suroccidental asturiana", 
    "Prb_PRP1": "40%-70%", 
    "Prb_PRP2": "40%-70%", 
    "Expire_PRP2": "2026-10-07T23:59:59+02:00", 
    "Des_PRP1": "Precipitación acumulada en una hora: 15 mm.", 
    "Des_PRP2": "Precipitación acumulada en 12 horas: 40 mm. Estos acumulados pueden alcanzarse en 3-4 horas.", 
    "Code_PRP1": "2PR-3AM-01PRP1-1791324000-633303", 
    "Code_PRP2": "2PR-3AM-02PRP2-1791280800-633303", 
    "Fen_avisos": [
     "PR "
    ], 
    "Ordn_avisos": [
     "2PR-3AM-01PRP1-1791324000-633303", 
     "2PR-3AM-02PRP2-1791280800-633303"
    ], 
    "N_avisos": 1, 
    "COD_Z": "633303", 
    "Av_mayor": 3, 
    "Resum_PRP2": "Aviso de lluvias de nivel amarillo. Suroccidental asturiana", 
    "Resum_PRP1": "Aviso de lluvias de nivel amarillo. Suroccidental asturiana", 
    "Cer_PRP2": "Likely", 
    "Cer_PRP1": "Likely", 
    "Nivel_PRP2": 3, 
    "Nivel_PRP1": 3, 
    "Sev_PRP2": "Amarillo", 
    "Identf_PRP2": "2.49.0.0.724.0.ES.20261006091633.633303PRP207221791278193", 
    "Identf_PRP1": "2.49.0.0.724.0.ES.20261006091633.633303PRP107191791278193", 
    "Sev_PRP1": "Amarillo", 
    "Onset_PRP1": "2026-10-07T00:00:00+02:00", 
    "Onset_PRP2": "2026-10-06T12:00:00+02:00"
   }
  }, 
  {
   "geometry": {
    "type": "Polygon", 
    "coordinates": [
     [
      [
       -5.937565904636289, 
       43.59469778025263
      ], 
      [
       -5.911403594755687, 
       43.60856640204377
      ], 
      [
       -5.901462277263676, 
       43.62418791279512
      ], 
      [
       -5.899176875923933, 
       43.628207370470335
      ], 
      [
       -5.887549684012954, 
       43.62300992481095
      ], 
      [
       -5.857919123183072, 
       43.6361256142622
      ], 
      [
       -5.851439920750991, 
       43.658993701780545
      ], 
      [
       -5.824904726494185, 
       43.639755903540554
      ], 
      [
       -5.796298061807749, 
       43.63666942985873
      ], 
      [
       -5.779746645491623, 
       43.62882641537407
      ], 
      [
       -5.780095425100233, 
       43.61112645526324
      ], 
      [
       -5.758795274917861, 
       43.587829063383964
      ], 
      [
       -5.733550138092505, 
       43.57411159580933
      ], 
      [
       -5.699715369075947, 
       43.5693340825654
      ], 
      [
       -5.695686432220587, 
       43.550639128104535
      ], 
      [
       -5.68002425094268, 
       43.542751469440724
      ], 
      [
       -5.647858682498427, 
       43.54280819909408
      ], 
      [
       -5.615052114436677, 
       43.55751913017333
      ], 
      [
       -5.607932945521122, 
       43.55004694069548
      ], 
      [
       -5.546730379488732, 
       43.55057220992259
      ], 
      [
       -5.53011953729426, 
       43.54646652462258
      ], 
      [
       -5.515545429070339, 
       43.553477905153144
      ], 
      [
       -5.49310608757955, 
       43.54518233230275
      ], 
      [
       -5.466139462376129, 
       43.55317742149259
      ], 
      [
       -5.43030645017052, 
       43.55176635041148
      ], 
      [
       -5.407434250508552, 
       43.55653620817246
      ], 
      [
       -5.382022265125668, 
       43.535595375974225
      ], 
      [
       -5.370363522197832, 
       43.54062770133796
      ], 
      [
       -5.352331533770061, 
       43.53269905679446
      ], 
      [
       -5.294329730120076, 
       43.53663341656826
      ], 
      [
       -5.263235190498662, 
       43.51794978449255
      ], 
      [
       -5.213465617943185, 
       43.47405941549022
      ], 
      [
       -5.169825515314822, 
       43.4751573688089
      ], 
      [
       -5.121001738645428, 
       43.48504153699798
      ], 
      [
       -5.114309079639979, 
       43.47716125018609
      ], 
      [
       -5.085058955284225, 
       43.4765281153657
      ], 
      [
       -5.042857177504638, 
       43.46173172908418
      ], 
      [
       -5.012691220128112, 
       43.45858435340105
      ], 
      [
       -4.944637801943501, 
       43.461725219552065
      ], 
      [
       -4.823194510426064, 
       43.436301069443765
      ], 
      [
       -4.768209805447029, 
       43.43072701029757
      ], 
      [
       -4.742959497580213, 
       43.41660950655051
      ], 
      [
       -4.710063820685131, 
       43.40992117232947
      ], 
      [
       -4.676833297881942, 
       43.41008025133571
      ], 
      [
       -4.651683663174462, 
       43.401748546652094
      ], 
      [
       -4.57595966595057, 
       43.393597350548596
      ], 
      [
       -4.53311445664907, 
       43.40091486770071
      ], 
      [
       -4.510913765040613, 
       43.393548007607954
      ], 
      [
       -4.509470424894451, 
       43.38016911356753
      ], 
      [
       -4.533077663928178, 
       43.368599999655736
      ], 
      [
       -4.538089635352652, 
       43.34422177660077
      ], 
      [
       -4.597958871142643, 
       43.351171271647694
      ], 
      [
       -4.620567935104291, 
       43.34950246469419
      ], 
      [
       -4.693582954367923, 
       43.35918607708793
      ], 
      [
       -4.709824052088814, 
       43.36539121248415
      ], 
      [
       -4.776959548661787, 
       43.36238664024642
      ], 
      [
       -4.788371226552785, 
       43.353447845123306
      ], 
      [
       -4.819232518546904, 
       43.35515792672245
      ], 
      [
       -4.848903187608518, 
       43.365144554904845
      ], 
      [
       -4.863902070630291, 
       43.35803100231818
      ], 
      [
       -4.925667350279939, 
       43.353108656718
      ], 
      [
       -4.957173829710348, 
       43.366331629279415
      ], 
      [
       -4.982014940823007, 
       43.36588565353207
      ], 
      [
       -5.005267593920537, 
       43.37904001039451
      ], 
      [
       -5.010389837483198, 
       43.39545412972815
      ], 
      [
       -5.029085881295532, 
       43.409944121224
      ], 
      [
       -5.066214165980358, 
       43.41004436707181
      ], 
      [
       -5.08408461134923, 
       43.424792311001674
      ], 
      [
       -5.124856194943041, 
       43.43025426866398
      ], 
      [
       -5.162283261785245, 
       43.4200083888432
      ], 
      [
       -5.163293598269929, 
       43.43068574131618
      ], 
      [
       -5.183890793250541, 
       43.44105352600906
      ], 
      [
       -5.219617012340325, 
       43.43979808058606
      ], 
      [
       -5.228084719926827, 
       43.432493370044355
      ], 
      [
       -5.263127369224231, 
       43.43095852947781
      ], 
      [
       -5.280168990146881, 
       43.41332366355456
      ], 
      [
       -5.317546651594739, 
       43.41537204725229
      ], 
      [
       -5.33741693563688, 
       43.42845496701444
      ], 
      [
       -5.36474550397748, 
       43.407247303716396
      ], 
      [
       -5.375169067395287, 
       43.4211579763145
      ], 
      [
       -5.391079331566952, 
       43.42305013675273
      ], 
      [
       -5.42215755481303, 
       43.43818814396067
      ], 
      [
       -5.446382242440884, 
       43.41169659009199
      ], 
      [
       -5.495067280724235, 
       43.41619935698884
      ], 
      [
       -5.510311486945328, 
       43.42224011156904
      ], 
      [
       -5.563388658793394, 
       43.42659012046864
      ], 
      [
       -5.584096024223316, 
       43.443491697124585
      ], 
      [
       -5.623433797425945, 
       43.44363078431843
      ], 
      [
       -5.643896941639504, 
       43.455259941491924
      ], 
      [
       -5.681045484712808, 
       43.4543493527327
      ], 
      [
       -5.696471656876362, 
       43.46634819922533
      ], 
      [
       -5.716139121775908, 
       43.45145874640509
      ], 
      [
       -5.746181521872217, 
       43.44816566382073
      ], 
      [
       -5.778799675052072, 
       43.463943493615304
      ], 
      [
       -5.802166389450468, 
       43.485431293767284
      ], 
      [
       -5.816872112295725, 
       43.49135407258962
      ], 
      [
       -5.861382292930929, 
       43.528836528175724
      ], 
      [
       -5.845644046464749, 
       43.54780358232769
      ], 
      [
       -5.881404025164507, 
       43.5576661877777
      ], 
      [
       -5.880640270911816, 
       43.574620693142585
      ], 
      [
       -5.899129009758787, 
       43.5784925400306
      ], 
      [
       -5.912448177325698, 
       43.58991201149043
      ], 
      [
       -5.937565904636289, 
       43.59469778025263
      ]
     ]
    ]
   }, 
   "type": "Feature", 
   "properties": {
    "Valor_PRP1": "15 mm", 
    "Nivel_PR": 3, 
    "Prb_TOTO": "40%-70%", 
    "Sev_TOTO": "Amarillo", 
    "TOTO": "Tormentas", 
    "Des_TOTO": "Podrán ir acompañadas de granizo y rachas muy fuertes.", 
    "N_avisos": 2, 
    "Identf_TOTO": "2.49.0.0.724.0.ES.20261006173235.633302TOTO07191791307955", 
    "Expire_PRP1": "2026-10-07T20:59:59+02:00", 
    "Code_TOTO": "2PR-3AM-07TOTO-1791306000-633302", 
    "PRP2": "Lluvias", 
    "PRP1": "Lluvias", 
    "Prb_PRP1": "40%-70%", 
    "Prb_PRP2": "40%-70%", 
    "Expire_TOTO": "2026-10-07T20:59:59+02:00", 
    "Des_PRP1": "Precipitación acumulada en una hora: 15 mm.", 
    "Des_PRP2": "Precipitación acumulada en 12 horas: 40 mm. Podrán acumularse entre 60 y 80 litros en la cara norte de la cordillera y más de 80 litros en Picos de Europa.", 
    "Code_PRP1": "2PR-3AM-01PRP1-1791280800-633302", 
    "Code_PRP2": "2PR-3AM-02PRP2-1791324000-633302", 
    "Cer_TOTO": "Likely", 
    "Fen_avisos": [
     "PR ", 
     "TOTO "
    ], 
    "Expire_PRP2": "2026-10-07T23:59:59+02:00", 
    "Nivel_TOTO": 3, 
    "Onset_TOTO": "2026-10-06T19:00:00+02:00", 
    "COD_Z": "633302", 
    "Av_mayor": 3, 
    "Resum_PRP2": "Aviso de lluvias de nivel amarillo. Litoral oriental asturiano", 
    "Resum_PRP1": "Aviso de lluvias de nivel amarillo. Litoral oriental asturiano", 
    "Cer_PRP2": "Likely", 
    "Cer_PRP1": "Likely", 
    "Onset_PRP1": "2026-10-06T12:00:00+02:00", 
    "Nivel_PRP2": 3, 
    "Nivel_PRP1": 3, 
    "Valor_PRP2": "40 mm", 
    "Sev_PRP2": "Amarillo", 
    "Identf_PRP2": "2.49.0.0.724.0.ES.20261006091633.633302PRP207221791278193", 
    "Ordn_avisos": [
     "2PR-3AM-01PRP1-1791280800-633302", 
     "2PR-3AM-02PRP2-1791324000-633302", 
     "2PR-3AM-07TOTO-1791306000-633302"
    ], 
    "Identf_PRP1": "2.49.0.0.724.0.ES.20261006091633.633302PRP107191791278193", 
    "Sev_PRP1": "Amarillo", 
    "Nombre_zona": "Litoral oriental asturiano", 
    "Resum_TOTO": "Aviso de tormentas de nivel amarillo. Litoral oriental asturiano", 
    "Onset_PRP2": "2026-10-07T00:00:00+02:00"
   }
  }, 
  {
   "geometry": {
    "type": "MultiPolygon", 
    "coordinates": [
     [
      [
       [
        -3.217070061841576, 
        43.28709717083419
       ], 
       [
        -3.191900308034577, 
        43.298721735094
       ], 
       [
        -3.156019187255798, 
        43.30159015476992
       ], 
       [
        -3.150214793738905, 
        43.30712207110349
       ], 
       [
        -3.141984559062906, 
        43.29915475987916
       ], 
       [
        -3.11634554782076, 
        43.294663540475334
       ], 
       [
        -3.109426550708613, 
        43.32028762943518
       ], 
       [
        -3.080492864347209, 
        43.33777994612779
       ], 
       [
        -3.053041258915513, 
        43.319184130285414
       ], 
       [
        -3.03715555965327, 
        43.31641707124033
       ], 
       [
        -3.003476480910262, 
        43.29760404273756
       ], 
       [
        -2.987941731025481, 
        43.305383192429794
       ], 
       [
        -2.971364565048423, 
        43.29252206905475
       ], 
       [
        -2.948500749238798, 
        43.2894165685119
       ], 
       [
        -2.943381565704466, 
        43.280193698839724
       ], 
       [
        -2.839761226514286, 
        43.255387482691006
       ], 
       [
        -2.774436914385588, 
        43.2438597505052
       ], 
       [
        -2.745240485753723, 
        43.26572414087536
       ], 
       [
        -2.724815418993214, 
        43.26483942216147
       ], 
       [
        -2.717680358675245, 
        43.24372475493463
       ], 
       [
        -2.702991843391621, 
        43.23493527478546
       ], 
       [
        -2.657368030712987, 
        43.220967921878184
       ], 
       [
        -2.623523299422582, 
        43.22259940516353
       ], 
       [
        -2.600743240256608, 
        43.23035601965727
       ], 
       [
        -2.576856150784691, 
        43.217492876282435
       ], 
       [
        -2.553003334024993, 
        43.23164716147076
       ], 
       [
        -2.522920134388769, 
        43.22515053188585
       ], 
       [
        -2.497993409524407, 
        43.212203547722325
       ], 
       [
        -2.485598527063277, 
        43.20171233308102
       ], 
       [
        -2.491186475693135, 
        43.18099102178021
       ], 
       [
        -2.506600325040054, 
        43.16615608696514
       ], 
       [
        -2.494931588124563, 
        43.12368476504881
       ], 
       [
        -2.503872336709255, 
        43.097349412273
       ], 
       [
        -2.545359874220406, 
        43.088454105964686
       ], 
       [
        -2.59118351824168, 
        43.081477300647336
       ], 
       [
        -2.631761130837933, 
        43.08731501337163
       ], 
       [
        -2.660383582960313, 
        43.07454488913579
       ], 
       [
        -2.659953933643591, 
        43.065610976555625
       ], 
       [
        -2.632406641648677, 
        43.04509415216669
       ], 
       [
        -2.629299272762762, 
        43.02898368274736
       ], 
       [
        -2.642008697981611, 
        43.021649258689806
       ], 
       [
        -2.665591085285345, 
        43.0317068527215
       ], 
       [
        -2.685722314340099, 
        43.02190371017054
       ], 
       [
        -2.714005105346675, 
        43.031045658541956
       ], 
       [
        -2.728433093561291, 
        43.0242281925214
       ], 
       [
        -2.779882848709961, 
        43.034270941596205
       ], 
       [
        -2.820645390597801, 
        43.035323597510725
       ], 
       [
        -2.862503280251427, 
        43.05222937982265
       ], 
       [
        -2.892865817253482, 
        43.046696916171825
       ], 
       [
        -2.959490098149995, 
        43.09334814118671
       ], 
       [
        -2.956402677374063, 
        43.115471384272034
       ], 
       [
        -2.934514000923702, 
        43.136486683865876
       ], 
       [
        -2.952865476132509, 
        43.15997961170941
       ], 
       [
        -2.945528094108888, 
        43.17025503032132
       ], 
       [
        -2.971721789499222, 
        43.18654916641918
       ], 
       [
        -2.978801081971033, 
        43.200629217562394
       ], 
       [
        -3.006890056647028, 
        43.19759196160149
       ], 
       [
        -3.025597496377543, 
        43.16164329273168
       ], 
       [
        -3.064609029950877, 
        43.156054101055595
       ], 
       [
        -3.073404159283879, 
        43.14663003060954
       ], 
       [
        -3.09230093235632, 
        43.15175795069677
       ], 
       [
        -3.107475974352349, 
        43.143928743449784
       ], 
       [
        -3.140054723624707, 
        43.16181256370124
       ], 
       [
        -3.146985243563178, 
        43.174275142324944
       ], 
       [
        -3.172749707223487, 
        43.177643101023044
       ], 
       [
        -3.185639418318813, 
        43.169491580093265
       ], 
       [
        -3.206538205733326, 
        43.17968489311686
       ], 
       [
        -3.222187780014648, 
        43.17252399711117
       ], 
       [
        -3.252105678048762, 
        43.198854166183
       ], 
       [
        -3.296128194862547, 
        43.18289178700922
       ], 
       [
        -3.307988419715118, 
        43.17277542689537
       ], 
       [
        -3.340657807947604, 
        43.167118027527174
       ], 
       [
        -3.349320829845525, 
        43.15462963533307
       ], 
       [
        -3.369707584168991, 
        43.151720141645114
       ], 
       [
        -3.387554312534205, 
        43.14027932944716
       ], 
       [
        -3.416332159468983, 
        43.13370395447516
       ], 
       [
        -3.432137935753219, 
        43.171320339086684
       ], 
       [
        -3.431639012663569, 
        43.207024987935505
       ], 
       [
        -3.442563471045689, 
        43.22144437997717
       ], 
       [
        -3.429055590136575, 
        43.24236806979239
       ], 
       [
        -3.390374285017038, 
        43.25290668273054
       ], 
       [
        -3.381677807496757, 
        43.270764682318536
       ], 
       [
        -3.338812627079597, 
        43.27830125589673
       ], 
       [
        -3.322374597201873, 
        43.29272868907453
       ], 
       [
        -3.293631094553606, 
        43.301027031020546
       ], 
       [
        -3.289809186816649, 
        43.290636786670525
       ], 
       [
        -3.26732153249083, 
        43.29533778457266
       ], 
       [
        -3.217070061841576, 
        43.28709717083419
       ]
      ], 
      [
       [
        -3.303284977807107, 
        43.258960549110206
       ], 
       [
        -3.291398455603449, 
        43.241378852161816
       ], 
       [
        -3.296589222079477, 
        43.20695056416831
       ], 
       [
        -3.282390227603329, 
        43.200323187730994
       ], 
       [
        -3.263878516859767, 
        43.206040198346756
       ], 
       [
        -3.267658441630469, 
        43.23439540945321
       ], 
       [
        -3.250813309775705, 
        43.246904690602584
       ], 
       [
        -3.248107018297248, 
        43.25993094089397
       ], 
       [
        -3.265633472139895, 
        43.267194131907615
       ], 
       [
        -3.303284977807107, 
        43.258960549110206
       ]
      ]
     ], 
     [
      [
       [
        -3.035653781509722, 
        42.98251046634834
       ], 
       [
        -3.070463465573757, 
        43.00588881176847
       ], 
       [
        -3.087684124007914, 
        43.00191480751598
       ], 
       [
        -3.089155551923831, 
        43.00983788207395
       ], 
       [
        -3.064297944475544, 
        43.0234157278838
       ], 
       [
        -3.048435697162399, 
        43.0475022132251
       ], 
       [
        -3.027329971921487, 
        43.046860859613645
       ], 
       [
        -3.019750076574654, 
        43.032499869647346
       ], 
       [
        -3.028164363773853, 
        43.01895495689669
       ], 
       [
        -2.984710653284036, 
        43.01237491352167
       ], 
       [
        -3.007739046036481, 
        42.98215556469807
       ], 
       [
        -3.035653781509722, 
        42.98251046634834
       ]
      ]
     ]
    ]
   }, 
   "type": "Feature", 
   "properties": {
    "Valor_PRP1": "15 mm", 
    "Nivel_PR": 3, 
    "Valor_PRP2": "40 mm", 
    "PRP1": "Lluvias", 
    "Expire_PRP1": "2026-10-07T23:59:59+02:00", 
    "PRP2": "Lluvias", 
    "Nombre_zona": "Bizkaia interior", 
    "Prb_PRP1": "40%-70%", 
    "Prb_PRP2": "40%-70%", 
    "Expire_PRP2": "2026-10-07T23:59:59+02:00", 
    "Des_PRP1": "Precipitación acumulada en una hora: 15 mm. No se descarta que vayan acompañadas de tormentas.", 
    "Des_PRP2": "Precipitación acumulada en 12 horas: 40 mm.", 
    "Code_PRP1": "2PR-3AM-01PRP1-1791378000-754802", 
    "Code_PRP2": "2PR-3AM-02PRP2-1791367200-754802", 
    "Fen_avisos": [
     "PR "
    ], 
    "Ordn_avisos": [
     "2PR-3AM-01PRP1-1791378000-754802", 
     "2PR-3AM-02PRP2-1791367200-754802"
    ], 
    "N_avisos": 1, 
    "COD_Z": "754802", 
    "Av_mayor": 3, 
    "Resum_PRP2": "Aviso de lluvias de nivel amarillo. Bizkaia interior", 
    "Resum_PRP1": "Aviso de lluvias de nivel amarillo. Bizkaia interior", 
    "Cer_PRP2": "Likely", 
    "Cer_PRP1": "Likely", 
    "Nivel_PRP2": 3, 
    "Nivel_PRP1": 3, 
    "Sev_PRP2": "Amarillo", 
    "Identf_PRP2": "2.49.0.0.724.0.ES.20261006092040.754802PRP207221791278440", 
    "Identf_PRP1": "2.49.0.0.724.0.ES.20261006092040.754802PRP107221791278440", 
    "Sev_PRP1": "Amarillo", 
    "Onset_PRP1": "2026-10-07T15:00:00+02:00", 
    "Onset_PRP2": "2026-10-07T12:00:00+02:00"
   }
  }, 
  {
   "geometry": {
    "type": "MultiPolygon", 
    "coordinates": [
     [
      [
       [
        -4.546407388571003, 
        43.26895226158172
       ], 
       [
        -4.520348099910118, 
        43.280890024922236
       ], 
       [
        -4.494667636404657, 
        43.28002198621946
       ], 
       [
        -4.454916286838363, 
        43.294247951283864
       ], 
       [
        -4.409857960152767, 
        43.3010521960003
       ], 
       [
        -4.39050981008569, 
        43.2932663765276
       ], 
       [
        -4.389767588494601, 
        43.27799530178461
       ], 
       [
        -4.36362816931369, 
        43.27299747824977
       ], 
       [
        -4.322386783797595, 
        43.272563337730055
       ], 
       [
        -4.238302093366506, 
        43.27769160863036
       ], 
       [
        -4.227418444737014, 
        43.29353929728249
       ], 
       [
        -4.21178381955006, 
        43.301404616426154
       ], 
       [
        -4.191194872943232, 
        43.32222249240162
       ], 
       [
        -4.145127856245848, 
        43.32462894358201
       ], 
       [
        -4.136902970199732, 
        43.33197737054549
       ], 
       [
        -4.112162536698074, 
        43.324711163944556
       ], 
       [
        -4.127404104734867, 
        43.303239993791564
       ], 
       [
        -4.106787658513256, 
        43.29223110801052
       ], 
       [
        -4.072811016340055, 
        43.30040654747984
       ], 
       [
        -4.012156507401353, 
        43.30419192996314
       ], 
       [
        -4.004354289978678, 
        43.33127334365037
       ], 
       [
        -3.950353825258781, 
        43.33210399761086
       ], 
       [
        -3.960227300101364, 
        43.30583726488738
       ], 
       [
        -3.930131440549577, 
        43.29212038628066
       ], 
       [
        -3.92505350422849, 
        43.30436233193424
       ], 
       [
        -3.89657807207975, 
        43.309739525379435
       ], 
       [
        -3.884393669125941, 
        43.3325520489452
       ], 
       [
        -3.853990391948047, 
        43.335358317223125
       ], 
       [
        -3.802737741615549, 
        43.297992760500954
       ], 
       [
        -3.765288636388469, 
        43.29235165731954
       ], 
       [
        -3.738814244007161, 
        43.30995800485627
       ], 
       [
        -3.708587995999626, 
        43.31700150051033
       ], 
       [
        -3.67369693399622, 
        43.302094172791776
       ], 
       [
        -3.647909999193147, 
        43.301396750614266
       ], 
       [
        -3.606959366961493, 
        43.33536936526162
       ], 
       [
        -3.573105872504341, 
        43.344044007831855
       ], 
       [
        -3.554947406974676, 
        43.31175426480535
       ], 
       [
        -3.505416954151217, 
        43.301610914172166
       ], 
       [
        -3.472393856505329, 
        43.303922103559955
       ], 
       [
        -3.472320518901835, 
        43.31515075439833
       ], 
       [
        -3.442951385366804, 
        43.35648971765761
       ], 
       [
        -3.430730036130431, 
        43.354051233297284
       ], 
       [
        -3.387721785114522, 
        43.36285817426843
       ], 
       [
        -3.370542263809886, 
        43.35666619814846
       ], 
       [
        -3.331805802367025, 
        43.38807473125905
       ], 
       [
        -3.297450736607606, 
        43.376382767832595
       ], 
       [
        -3.27868220366341, 
        43.358934863682514
       ], 
       [
        -3.277952050394672, 
        43.33684923867694
       ], 
       [
        -3.241063820458206, 
        43.32337250490077
       ], 
       [
        -3.223918056982644, 
        43.30920758722339
       ], 
       [
        -3.217070061841576, 
        43.28709717083419
       ], 
       [
        -3.26732153249083, 
        43.29533778457266
       ], 
       [
        -3.289809186816649, 
        43.290636786670525
       ], 
       [
        -3.293631094553606, 
        43.301027031020546
       ], 
       [
        -3.322374597201873, 
        43.29272868907453
       ], 
       [
        -3.338812627079597, 
        43.27830125589673
       ], 
       [
        -3.381677807496757, 
        43.270764682318536
       ], 
       [
        -3.390374285017038, 
        43.25290668273054
       ], 
       [
        -3.429055590136575, 
        43.24236806979239
       ], 
       [
        -3.442563471045689, 
        43.22144437997717
       ], 
       [
        -3.431639012663569, 
        43.207024987935505
       ], 
       [
        -3.432137935753219, 
        43.171320339086684
       ], 
       [
        -3.416332159468983, 
        43.13370395447516
       ], 
       [
        -3.443441137781836, 
        43.131810194956195
       ], 
       [
        -3.459029068974234, 
        43.13653014552842
       ], 
       [
        -3.485649771037048, 
        43.133538792024154
       ], 
       [
        -3.507119524250717, 
        43.1368583781893
       ], 
       [
        -3.542387222632537, 
        43.14843855673877
       ], 
       [
        -3.584260432072435, 
        43.154778684253436
       ], 
       [
        -3.602218617402908, 
        43.14991317329758
       ], 
       [
        -3.611123833822654, 
        43.16979293413977
       ], 
       [
        -3.648840873427983, 
        43.181282070236136
       ], 
       [
        -3.703345255638241, 
        43.11655066882174
       ], 
       [
        -3.727787992455379, 
        43.104718878887674
       ], 
       [
        -3.750720403169778, 
        43.10177930003051
       ], 
       [
        -3.766259067596397, 
        43.08057852769603
       ], 
       [
        -3.78894481982221, 
        43.078407333760055
       ], 
       [
        -3.808870767926261, 
        43.086930645874695
       ], 
       [
        -3.821922814391393, 
        43.08085858367953
       ], 
       [
        -3.845622606241079, 
        43.08467493322364
       ], 
       [
        -3.833164954039007, 
        43.05833776739538
       ], 
       [
        -3.860172216838103, 
        43.0436854920656
       ], 
       [
        -3.889709692322452, 
        43.04193787303636
       ], 
       [
        -3.907919468345818, 
        43.01637466559278
       ], 
       [
        -3.944121540718836, 
        43.00605050836201
       ], 
       [
        -3.974802486025633, 
        43.0088548856231
       ], 
       [
        -4.006553393625018, 
        42.989093867697235
       ], 
       [
        -4.041371160629698, 
        42.99676952260054
       ], 
       [
        -4.076067387863612, 
        42.99065853402129
       ], 
       [
        -4.087134949344138, 
        42.99850507646473
       ], 
       [
        -4.079352168677939, 
        43.01783972917525
       ], 
       [
        -4.099340138364741, 
        43.05207414003942
       ], 
       [
        -4.119532536572872, 
        43.062557805131306
       ], 
       [
        -4.119573325499825, 
        43.08234043014898
       ], 
       [
        -4.149229723333657, 
        43.06204728656604
       ], 
       [
        -4.153910561264468, 
        43.02482018879606
       ], 
       [
        -4.165604260924591, 
        42.97861582871681
       ], 
       [
        -4.183793169818201, 
        42.950568557060066
       ], 
       [
        -4.229026867758058, 
        42.95984387216882
       ], 
       [
        -4.237137077469584, 
        42.9546508225694
       ], 
       [
        -4.260872487987278, 
        42.965548620753935
       ], 
       [
        -4.300553450202401, 
        42.966887500442745
       ], 
       [
        -4.345968189236768, 
        42.97243154179437
       ], 
       [
        -4.371714789630954, 
        42.99593409286009
       ], 
       [
        -4.373001639592591, 
        43.00634599767889
       ], 
       [
        -4.40262574173008, 
        43.038412179312765
       ], 
       [
        -4.4305074024362, 
        43.04596397869797
       ], 
       [
        -4.446192662512701, 
        43.05881434360486
       ], 
       [
        -4.461738125881158, 
        43.06033665718144
       ], 
       [
        -4.472125871962225, 
        43.089531043362804
       ], 
       [
        -4.465815019993302, 
        43.113906037985906
       ], 
       [
        -4.48257653887333, 
        43.12345082346677
       ], 
       [
        -4.46299537252006, 
        43.14721336334897
       ], 
       [
        -4.51082966092587, 
        43.1725601126859
       ], 
       [
        -4.523752459395859, 
        43.19601597438421
       ], 
       [
        -4.526311939123588, 
        43.232025875670104
       ], 
       [
        -4.546407388571003, 
        43.26895226158172
       ]
      ]
     ], 
     [
      [
       [
        -3.303284977807107, 
        43.258960549110206
       ], 
       [
        -3.265633472139895, 
        43.267194131907615
       ], 
       [
        -3.248107018297248, 
        43.25993094089397
       ], 
       [
        -3.250813309775705, 
        43.246904690602584
       ], 
       [
        -3.267658441630469, 
        43.23439540945321
       ], 
       [
        -3.263878516859767, 
        43.206040198346756
       ], 
       [
        -3.282390227603329, 
        43.200323187730994
       ], 
       [
        -3.296589222079477, 
        43.20695056416831
       ], 
       [
        -3.291398455603449, 
        43.241378852161816
       ], 
       [
        -3.303284977807107, 
        43.258960549110206
       ]
      ]
     ]
    ]
   }, 
   "type": "Feature", 
   "properties": {
    "Valor_PRP1": "15 mm", 
    "Nivel_PR": 2, 
    "Valor_PRP2": "80 mm", 
    "PRP1": "Lluvias", 
    "Expire_PRP1": "2026-10-07T20:59:59+02:00", 
    "PRP2": "Lluvias", 
    "Nombre_zona": "Centro y valle de Villaverde", 
    "Prb_PRP1": "40%-70%", 
    "Prb_PRP2": "40%-70%", 
    "Expire_PRP2": "2026-10-08T02:59:59+02:00", 
    "Des_PRP1": "Precipitación acumulada en una hora: 15 mm. No se descarta que vayan acompañadas de tormentas.", 
    "Des_PRP2": "Precipitación acumulada en 12 horas: 80 mm. Podrán acumularse 80 litros en el entorno de los Valles Pasiegos y en la cara norte de zonas altas de montaña.", 
    "Code_PRP1": "2PR-3AM-01PRP1-1791367200-663903", 
    "Code_PRP2": "2PR-2NA-02PRP2-1791367200-663903", 
    "Fen_avisos": [
     "PR "
    ], 
    "Ordn_avisos": [
     "2PR-2NA-02PRP2-1791367200-663903", 
     "2PR-3AM-01PRP1-1791367200-663903"
    ], 
    "N_avisos": 1, 
    "COD_Z": "663903", 
    "Av_mayor": 2, 
    "Resum_PRP2": "Aviso de lluvias de nivel naranja. Centro y valle de Villaverde", 
    "Resum_PRP1": "Aviso de lluvias de nivel amarillo. Centro y valle de Villaverde", 
    "Cer_PRP2": "Likely", 
    "Cer_PRP1": "Likely", 
    "Nivel_PRP2": 2, 
    "Nivel_PRP1": 3, 
    "Sev_PRP2": "Naranja", 
    "Identf_PRP2": "2.49.0.0.724.0.ES.20261007092938.663903PRP208011791365378", 
    "Identf_PRP1": "2.49.0.0.724.0.ES.20261006092040.663903PRP107191791278440", 
    "Sev_PRP1": "Amarillo", 
    "Onset_PRP1": "2026-10-07T12:00:00+02:00", 
    "Onset_PRP2": "2026-10-07T12:00:00+02:00"
   }
  }, 
  {
   "geometry": {
    "type": "Polygon", 
    "coordinates": [
     [
      [
       -4.520348099910118, 
       43.280890024922236
      ], 
      [
       -4.517736858597568, 
       43.310188152140846
      ], 
      [
       -4.538089635352652, 
       43.34422177660077
      ], 
      [
       -4.533077663928178, 
       43.368599999655736
      ], 
      [
       -4.509470424894451, 
       43.38016911356753
      ], 
      [
       -4.510913765040613, 
       43.393548007607954
      ], 
      [
       -4.499067006128364, 
       43.39631510236382
      ], 
      [
       -4.472619510945925, 
       43.389230492661596
      ], 
      [
       -4.457774147744797, 
       43.39416584113825
      ], 
      [
       -4.414103962818293, 
       43.398504967034974
      ], 
      [
       -4.368432109680712, 
       43.39264983159751
      ], 
      [
       -4.339459709210269, 
       43.40637287820081
      ], 
      [
       -4.331903757211517, 
       43.392378848826645
      ], 
      [
       -4.306233295993302, 
       43.392900085608034
      ], 
      [
       -4.279610172682654, 
       43.38748355003372
      ], 
      [
       -4.270617081881592, 
       43.39373360254349
      ], 
      [
       -4.231890804930619, 
       43.40078435639352
      ], 
      [
       -4.21772354856894, 
       43.395686748959044
      ], 
      [
       -4.150194803616806, 
       43.41203499692166
      ], 
      [
       -4.114541925490394, 
       43.41766444191152
      ], 
      [
       -4.092958404514743, 
       43.42772320017003
      ], 
      [
       -4.05357340683312, 
       43.43414359127592
      ], 
      [
       -4.051263755367554, 
       43.437046136959836
      ], 
      [
       -4.012415040481557, 
       43.44809348794716
      ], 
      [
       -3.997720190625137, 
       43.43977688854621
      ], 
      [
       -3.980708608643813, 
       43.441526778310156
      ], 
      [
       -3.957239286251756, 
       43.45463742703966
      ], 
      [
       -3.942689601001449, 
       43.47039825411569
      ], 
      [
       -3.891462329356185, 
       43.47744507520396
      ], 
      [
       -3.834623612136993, 
       43.48016111895911
      ], 
      [
       -3.810653317333109, 
       43.49535221401648
      ], 
      [
       -3.78866134106775, 
       43.491427226809485
      ], 
      [
       -3.780879815914962, 
       43.46338816832619
      ], 
      [
       -3.80169206305093, 
       43.46117321589682
      ], 
      [
       -3.813144165636454, 
       43.44961221349925
      ], 
      [
       -3.834016835401496, 
       43.44233067592975
      ], 
      [
       -3.807954958999688, 
       43.42186247641285
      ], 
      [
       -3.813117325192401, 
       43.40238604645268
      ], 
      [
       -3.805182251798485, 
       43.41304902515075
      ], 
      [
       -3.77821959155434, 
       43.42463487235871
      ], 
      [
       -3.767882438219739, 
       43.44928584105767
      ], 
      [
       -3.723812761732826, 
       43.46286325428242
      ], 
      [
       -3.704393273977444, 
       43.47992108495414
      ], 
      [
       -3.686217746610764, 
       43.47562865199896
      ], 
      [
       -3.643411927010159, 
       43.498783703069705
      ], 
      [
       -3.610362518542358, 
       43.49877582245071
      ], 
      [
       -3.595512985802413, 
       43.513161438494095
      ], 
      [
       -3.577141900289372, 
       43.50676378850859
      ], 
      [
       -3.5486760823117, 
       43.50932600154967
      ], 
      [
       -3.528734456045741, 
       43.4909347756331
      ], 
      [
       -3.494593279071433, 
       43.471791944988325
      ], 
      [
       -3.434088692494848, 
       43.46505951483529
      ], 
      [
       -3.42452326922159, 
       43.444242014315556
      ], 
      [
       -3.444944944982101, 
       43.43336847431455
      ], 
      [
       -3.425286676867774, 
       43.41385032453461
      ], 
      [
       -3.380869753297013, 
       43.415663642199036
      ], 
      [
       -3.357147889569206, 
       43.41248969648902
      ], 
      [
       -3.325215471553528, 
       43.416258651863615
      ], 
      [
       -3.320456366248922, 
       43.40386438135309
      ], 
      [
       -3.301220553920478, 
       43.409787369206306
      ], 
      [
       -3.275573071048576, 
       43.402684746188946
      ], 
      [
       -3.256040276573784, 
       43.40355852821622
      ], 
      [
       -3.219549441721969, 
       43.39375683868728
      ], 
      [
       -3.212875714547077, 
       43.37789508085666
      ], 
      [
       -3.191501598601031, 
       43.36412041432585
      ], 
      [
       -3.152013477568802, 
       43.3535499926528
      ], 
      [
       -3.150214793738905, 
       43.30712207110349
      ], 
      [
       -3.156019187255798, 
       43.30159015476992
      ], 
      [
       -3.191900308034577, 
       43.298721735094
      ], 
      [
       -3.217070061841576, 
       43.28709717083419
      ], 
      [
       -3.223918056982644, 
       43.30920758722339
      ], 
      [
       -3.241063820458206, 
       43.32337250490077
      ], 
      [
       -3.277952050394672, 
       43.33684923867694
      ], 
      [
       -3.27868220366341, 
       43.358934863682514
      ], 
      [
       -3.297450736607606, 
       43.376382767832595
      ], 
      [
       -3.331805802367025, 
       43.38807473125905
      ], 
      [
       -3.370542263809886, 
       43.35666619814846
      ], 
      [
       -3.387721785114522, 
       43.36285817426843
      ], 
      [
       -3.430730036130431, 
       43.354051233297284
      ], 
      [
       -3.442951385366804, 
       43.35648971765761
      ], 
      [
       -3.472320518901835, 
       43.31515075439833
      ], 
      [
       -3.472393856505329, 
       43.303922103559955
      ], 
      [
       -3.505416954151217, 
       43.301610914172166
      ], 
      [
       -3.554947406974676, 
       43.31175426480535
      ], 
      [
       -3.573105872504341, 
       43.344044007831855
      ], 
      [
       -3.606959366961493, 
       43.33536936526162
      ], 
      [
       -3.647909999193147, 
       43.301396750614266
      ], 
      [
       -3.67369693399622, 
       43.302094172791776
      ], 
      [
       -3.708587995999626, 
       43.31700150051033
      ], 
      [
       -3.738814244007161, 
       43.30995800485627
      ], 
      [
       -3.765288636388469, 
       43.29235165731954
      ], 
      [
       -3.802737741615549, 
       43.297992760500954
      ], 
      [
       -3.853990391948047, 
       43.335358317223125
      ], 
      [
       -3.884393669125941, 
       43.3325520489452
      ], 
      [
       -3.89657807207975, 
       43.309739525379435
      ], 
      [
       -3.92505350422849, 
       43.30436233193424
      ], 
      [
       -3.930131440549577, 
       43.29212038628066
      ], 
      [
       -3.960227300101364, 
       43.30583726488738
      ], 
      [
       -3.950353825258781, 
       43.33210399761086
      ], 
      [
       -4.004354289978678, 
       43.33127334365037
      ], 
      [
       -4.012156507401353, 
       43.30419192996314
      ], 
      [
       -4.072811016340055, 
       43.30040654747984
      ], 
      [
       -4.106787658513256, 
       43.29223110801052
      ], 
      [
       -4.127404104734867, 
       43.303239993791564
      ], 
      [
       -4.112162536698074, 
       43.324711163944556
      ], 
      [
       -4.136902970199732, 
       43.33197737054549
      ], 
      [
       -4.145127856245848, 
       43.32462894358201
      ], 
      [
       -4.191194872943232, 
       43.32222249240162
      ], 
      [
       -4.21178381955006, 
       43.301404616426154
      ], 
      [
       -4.227418444737014, 
       43.29353929728249
      ], 
      [
       -4.238302093366506, 
       43.27769160863036
      ], 
      [
       -4.322386783797595, 
       43.272563337730055
      ], 
      [
       -4.36362816931369, 
       43.27299747824977
      ], 
      [
       -4.389767588494601, 
       43.27799530178461
      ], 
      [
       -4.39050981008569, 
       43.2932663765276
      ], 
      [
       -4.409857960152767, 
       43.3010521960003
      ], 
      [
       -4.454916286838363, 
       43.294247951283864
      ], 
      [
       -4.494667636404657, 
       43.28002198621946
      ], 
      [
       -4.520348099910118, 
       43.280890024922236
      ]
     ]
    ]
   }, 
   "type": "Feature", 
   "properties": {
    "Valor_PRP1": "15 mm", 
    "Nivel_PR": 3, 
    "Prb_TOTO": "40%-70%", 
    "Sev_TOTO": "Amarillo", 
    "TOTO": "Tormentas", 
    "Des_TOTO": "Podrán ir acompañadas de granizo.", 
    "N_avisos": 2, 
    "Identf_TOTO": "2.49.0.0.724.0.ES.20261006165621.663901TOTO07191791305781", 
    "Expire_PRP1": "2026-10-07T20:59:59+02:00", 
    "Code_TOTO": "2PR-3AM-07TOTO-1791367200-663901", 
    "PRP2": "Lluvias", 
    "PRP1": "Lluvias", 
    "Prb_PRP1": "40%-70%", 
    "Prb_PRP2": "40%-70%", 
    "Expire_TOTO": "2026-10-07T20:59:59+02:00", 
    "Des_PRP1": "Precipitación acumulada en una hora: 15 mm. No se descarta que vayan acompañadas de tormentas.", 
    "Des_PRP2": "Precipitación acumulada en 12 horas: 40 mm.", 
    "Code_PRP1": "2PR-3AM-01PRP1-1791367200-663901", 
    "Code_PRP2": "2PR-3AM-02PRP2-1791367200-663901", 
    "Cer_TOTO": "Likely", 
    "Fen_avisos": [
     "PR ", 
     "TOTO "
    ], 
    "Expire_PRP2": "2026-10-07T23:59:59+02:00", 
    "Nivel_TOTO": 3, 
    "Onset_TOTO": "2026-10-07T12:00:00+02:00", 
    "COD_Z": "663901", 
    "Av_mayor": 3, 
    "Resum_PRP2": "Aviso de lluvias de nivel amarillo. Litoral cántabro", 
    "Resum_PRP1": "Aviso de lluvias de nivel amarillo. Litoral cántabro", 
    "Cer_PRP2": "Likely", 
    "Cer_PRP1": "Likely", 
    "Onset_PRP1": "2026-10-07T12:00:00+02:00", 
    "Nivel_PRP2": 3, 
    "Nivel_PRP1": 3, 
    "Valor_PRP2": "40 mm", 
    "Sev_PRP2": "Amarillo", 
    "Identf_PRP2": "2.49.0.0.724.0.ES.20261007064609.663901PRP207221791355569", 
    "Ordn_avisos": [
     "2PR-3AM-01PRP1-1791367200-663901", 
     "2PR-3AM-02PRP2-1791367200-663901", 
     "2PR-3AM-07TOTO-1791367200-663901"
    ], 
    "Identf_PRP1": "2.49.0.0.724.0.ES.20261006092040.663901PRP107191791278440", 
    "Sev_PRP1": "Amarillo", 
    "Nombre_zona": "Litoral cántabro", 
    "Resum_TOTO": "Aviso de tormentas de nivel amarillo. Litoral cántabro", 
    "Onset_PRP2": "2026-10-07T12:00:00+02:00"
   }
  }, 
  {
   "geometry": {
    "type": "Polygon", 
    "coordinates": [
     [
      [
       -4.274681919335391, 
       42.67336652056291
      ], 
      [
       -4.291818982228666, 
       42.691193732011456
      ], 
      [
       -4.265341210598224, 
       42.705591302540995
      ], 
      [
       -4.244750136390682, 
       42.69738819216702
      ], 
      [
       -4.217222179947429, 
       42.704978207556394
      ], 
      [
       -4.184036466444011, 
       42.736474681676206
      ], 
      [
       -4.138589124748184, 
       42.7536219300805
      ], 
      [
       -4.122638617900283, 
       42.73646268773651
      ], 
      [
       -4.108207358132914, 
       42.73417188044867
      ], 
      [
       -4.079991758860224, 
       42.76175380879028
      ], 
      [
       -4.044563997731889, 
       42.76690015950774
      ], 
      [
       -4.017179627418433, 
       42.764229048640495
      ], 
      [
       -3.998304975674355, 
       42.769266886295775
      ], 
      [
       -3.980241738950069, 
       42.76859447202888
      ], 
      [
       -3.96434873323821, 
       42.758886879550765
      ], 
      [
       -3.929244581979394, 
       42.77477389591375
      ], 
      [
       -3.909609751051978, 
       42.76867302748934
      ], 
      [
       -3.908321399808174, 
       42.786729386650734
      ], 
      [
       -3.893103507966519, 
       42.80482313265643
      ], 
      [
       -3.862034113453213, 
       42.78674500877353
      ], 
      [
       -3.8208722547266, 
       42.79992470093372
      ], 
      [
       -3.814451167651572, 
       42.81289277002705
      ], 
      [
       -3.815173354624797, 
       42.83621058426707
      ], 
      [
       -3.832435850377421, 
       42.85245740974414
      ], 
      [
       -3.824014016975247, 
       42.86891633665589
      ], 
      [
       -3.862394343882686, 
       42.89009235449798
      ], 
      [
       -3.872706838864607, 
       42.875399248342625
      ], 
      [
       -3.878846944997788, 
       42.85166931167237
      ], 
      [
       -3.913488469281931, 
       42.860367068182754
      ], 
      [
       -3.89159116242601, 
       42.88764447638076
      ], 
      [
       -3.897301113587973, 
       42.90392570493477
      ], 
      [
       -3.867263521059277, 
       42.89935761530697
      ], 
      [
       -3.85074449932205, 
       42.919229238083005
      ], 
      [
       -3.82858728124633, 
       42.92797338398437
      ], 
      [
       -3.838198934798828, 
       42.94005992426718
      ], 
      [
       -3.865753574363131, 
       42.95510896756294
      ], 
      [
       -3.886041479726629, 
       42.949046572157755
      ], 
      [
       -3.890225838812129, 
       42.925529549130104
      ], 
      [
       -3.910146979287183, 
       42.9236709743084
      ], 
      [
       -3.936444921865851, 
       42.91092412293905
      ], 
      [
       -3.971510007746617, 
       42.91197361796795
      ], 
      [
       -3.989632873894489, 
       42.931367836617135
      ], 
      [
       -3.959471804583824, 
       42.99273095114631
      ], 
      [
       -3.944121540718836, 
       43.00605050836201
      ], 
      [
       -3.907919468345818, 
       43.01637466559278
      ], 
      [
       -3.889709692322452, 
       43.04193787303636
      ], 
      [
       -3.860172216838103, 
       43.0436854920656
      ], 
      [
       -3.833164954039007, 
       43.05833776739538
      ], 
      [
       -3.845622606241079, 
       43.08467493322364
      ], 
      [
       -3.821922814391393, 
       43.08085858367953
      ], 
      [
       -3.808870767926261, 
       43.086930645874695
      ], 
      [
       -3.78894481982221, 
       43.078407333760055
      ], 
      [
       -3.766259067596397, 
       43.08057852769603
      ], 
      [
       -3.750720403169778, 
       43.10177930003051
      ], 
      [
       -3.727787992455379, 
       43.104718878887674
      ], 
      [
       -3.703345255638241, 
       43.11655066882174
      ], 
      [
       -3.648840873427983, 
       43.181282070236136
      ], 
      [
       -3.611123833822654, 
       43.16979293413977
      ], 
      [
       -3.602218617402908, 
       43.14991317329758
      ], 
      [
       -3.584260432072435, 
       43.154778684253436
      ], 
      [
       -3.542387222632537, 
       43.14843855673877
      ], 
      [
       -3.507119524250717, 
       43.1368583781893
      ], 
      [
       -3.518728877679404, 
       43.12549660269409
      ], 
      [
       -3.52451337000159, 
       43.104687642153706
      ], 
      [
       -3.505615844639314, 
       43.070717182205215
      ], 
      [
       -3.528168862184031, 
       43.053857620277974
      ], 
      [
       -3.544726305361809, 
       43.025325138954656
      ], 
      [
       -3.535907383888886, 
       43.00903217487004
      ], 
      [
       -3.569845408149881, 
       43.007607566070426
      ], 
      [
       -3.58405746422062, 
       42.99374963351638
      ], 
      [
       -3.611191994739193, 
       42.998695642635404
      ], 
      [
       -3.628739306532203, 
       42.99067639951197
      ], 
      [
       -3.648511458223453, 
       42.968387288050806
      ], 
      [
       -3.647820232832493, 
       42.95977359889626
      ], 
      [
       -3.667582907241357, 
       42.942685942574634
      ], 
      [
       -3.71527727519726, 
       42.92812516727876
      ], 
      [
       -3.728342208407394, 
       42.90959180705767
      ], 
      [
       -3.750079517274473, 
       42.89689862373879
      ], 
      [
       -3.780153758756846, 
       42.90903431641914
      ], 
      [
       -3.778614993002362, 
       42.89091794765982
      ], 
      [
       -3.787492724680963, 
       42.87928591049956
      ], 
      [
       -3.772852444459837, 
       42.85310024883731
      ], 
      [
       -3.725393234581064, 
       42.826242715842696
      ], 
      [
       -3.715084070240269, 
       42.864776860169194
      ], 
      [
       -3.705209760545848, 
       42.87807537949871
      ], 
      [
       -3.673312420929594, 
       42.879050848476744
      ], 
      [
       -3.652163676797576, 
       42.86714266079851
      ], 
      [
       -3.648994994856552, 
       42.83693993888358
      ], 
      [
       -3.615162610765184, 
       42.80732004173897
      ], 
      [
       -3.619808332846757, 
       42.78877155512374
      ], 
      [
       -3.608151382971743, 
       42.781999190179
      ], 
      [
       -3.564618395231869, 
       42.787445064429775
      ], 
      [
       -3.549851519458187, 
       42.77942133330037
      ], 
      [
       -3.494428132963418, 
       42.77672035956567
      ], 
      [
       -3.474888405947171, 
       42.76478120378888
      ], 
      [
       -3.513516676762068, 
       42.74498327352427
      ], 
      [
       -3.519578116846156, 
       42.71734602399665
      ], 
      [
       -3.508338709065649, 
       42.70638307423297
      ], 
      [
       -3.533451363135343, 
       42.69167137628497
      ], 
      [
       -3.57279068936688, 
       42.68049499863603
      ], 
      [
       -3.595286700217099, 
       42.693473928818364
      ], 
      [
       -3.613119321631022, 
       42.68077251701546
      ], 
      [
       -3.631777894280845, 
       42.680454998077586
      ], 
      [
       -3.64974720501994, 
       42.66202876181027
      ], 
      [
       -3.688869645025468, 
       42.65136304900614
      ], 
      [
       -3.720737260940162, 
       42.66849312206679
      ], 
      [
       -3.743718484650942, 
       42.651371286087716
      ], 
      [
       -3.736551817686485, 
       42.62814789388539
      ], 
      [
       -3.745093998690479, 
       42.6163587136396
      ], 
      [
       -3.737642961881106, 
       42.592479702406735
      ], 
      [
       -3.757648431981875, 
       42.55666076140257
      ], 
      [
       -3.784538639780936, 
       42.56692607929941
      ], 
      [
       -3.80499629979177, 
       42.58701027144301
      ], 
      [
       -3.83702681541433, 
       42.58180077352084
      ], 
      [
       -3.847059499037401, 
       42.59467674648351
      ], 
      [
       -3.899518022222251, 
       42.60991913689483
      ], 
      [
       -3.906441089399363, 
       42.62746092714995
      ], 
      [
       -4.000073063159125, 
       42.634372274975185
      ], 
      [
       -4.009246914732757, 
       42.62018056698702
      ], 
      [
       -4.049073447487629, 
       42.61093456390842
      ], 
      [
       -4.082475439690825, 
       42.63471286762057
      ], 
      [
       -4.096737255542087, 
       42.61413529526561
      ], 
      [
       -4.116367947334981, 
       42.62718338801604
      ], 
      [
       -4.120863811611764, 
       42.64259245249182
      ], 
      [
       -4.165335295865994, 
       42.66475167033356
      ], 
      [
       -4.200378553062155, 
       42.665983684036576
      ], 
      [
       -4.213382483703186, 
       42.65199671757959
      ], 
      [
       -4.242420028906421, 
       42.669299509763114
      ], 
      [
       -4.274681919335391, 
       42.67336652056291
      ]
     ]
    ]
   }, 
   "type": "Feature", 
   "properties": {
    "Valor_PRP1": "15 mm", 
    "Nivel_PR": 3, 
    "Valor_PRP2": "40 mm", 
    "PRP1": "Lluvias", 
    "Expire_PRP1": "2026-10-07T20:59:59+02:00", 
    "PRP2": "Lluvias", 
    "Nombre_zona": "Cordillera Cantábrica de Burgos", 
    "Prb_PRP1": "40%-70%", 
    "Prb_PRP2": "40%-70%", 
    "Expire_PRP2": "2026-10-07T23:59:59+02:00", 
    "Des_PRP1": "Precipitación acumulada en una hora: 15 mm.", 
    "Des_PRP2": "Precipitación acumulada en 12 horas: 40 mm.", 
    "Code_PRP1": "2PR-3AM-01PRP1-1791367200-670901", 
    "Code_PRP2": "2PR-3AM-02PRP2-1791367200-670901", 
    "Fen_avisos": [
     "PR "
    ], 
    "Ordn_avisos": [
     "2PR-3AM-01PRP1-1791367200-670901", 
     "2PR-3AM-02PRP2-1791367200-670901"
    ], 
    "N_avisos": 1, 
    "COD_Z": "670901", 
    "Av_mayor": 3, 
    "Resum_PRP2": "Aviso de lluvias de nivel amarillo. Cordillera Cantábrica de Burgos", 
    "Resum_PRP1": "Aviso de lluvias de nivel amarillo. Cordillera Cantábrica de Burgos", 
    "Cer_PRP2": "Likely", 
    "Cer_PRP1": "Likely", 
    "Nivel_PRP2": 3, 
    "Nivel_PRP1": 3, 
    "Sev_PRP2": "Amarillo", 
    "Identf_PRP2": "2.49.0.0.724.0.ES.20261006090228.670901PRP207221791277348", 
    "Identf_PRP1": "2.49.0.0.724.0.ES.20261006090228.670901PRP107191791277348", 
    "Sev_PRP1": "Amarillo", 
    "Onset_PRP1": "2026-10-07T12:00:00+02:00", 
    "Onset_PRP2": "2026-10-07T12:00:00+02:00"
   }
  }, 
  {
   "geometry": {
    "type": "Polygon", 
    "coordinates": [
     [
      [
       -4.839645415066653, 
       43.18105245966811
      ], 
      [
       -4.817665608661317, 
       43.179233871107016
      ], 
      [
       -4.777233715108298, 
       43.1923131146125
      ], 
      [
       -4.744433077825625, 
       43.18439014456305
      ], 
      [
       -4.732783459136435, 
       43.19014985407927
      ], 
      [
       -4.734703046123039, 
       43.20925471187868
      ], 
      [
       -4.720286269024367, 
       43.22975891088497
      ], 
      [
       -4.724330722525856, 
       43.25658441036981
      ], 
      [
       -4.70351493372833, 
       43.26555835920319
      ], 
      [
       -4.6585703568866, 
       43.26476036400601
      ], 
      [
       -4.634836568451701, 
       43.27107186253046
      ], 
      [
       -4.622537418699475, 
       43.288634002868335
      ], 
      [
       -4.597790811321593, 
       43.29913008290918
      ], 
      [
       -4.549509944905781, 
       43.284874634139044
      ], 
      [
       -4.546407388571003, 
       43.26895226158172
      ], 
      [
       -4.526311939123588, 
       43.232025875670104
      ], 
      [
       -4.523752459395859, 
       43.19601597438421
      ], 
      [
       -4.51082966092587, 
       43.1725601126859
      ], 
      [
       -4.46299537252006, 
       43.14721336334897
      ], 
      [
       -4.48257653887333, 
       43.12345082346677
      ], 
      [
       -4.465815019993302, 
       43.113906037985906
      ], 
      [
       -4.472125871962225, 
       43.089531043362804
      ], 
      [
       -4.461738125881158, 
       43.06033665718144
      ], 
      [
       -4.474353697651348, 
       43.03897817463897
      ], 
      [
       -4.494491213424529, 
       43.03868991037298
      ], 
      [
       -4.519570415774485, 
       43.0476431835048
      ], 
      [
       -4.557085779785142, 
       43.01979215248653
      ], 
      [
       -4.589242593213086, 
       43.026148447455114
      ], 
      [
       -4.604719164121387, 
       43.03604449013538
      ], 
      [
       -4.636765269124138, 
       43.016951245003014
      ], 
      [
       -4.681052573559574, 
       43.02595295855657
      ], 
      [
       -4.707446144244627, 
       43.02530100039157
      ], 
      [
       -4.71833632999661, 
       43.01752918455132
      ], 
      [
       -4.735633810884618, 
       43.02126608738372
      ], 
      [
       -4.73284565435712, 
       43.04734922390286
      ], 
      [
       -4.742613880825949, 
       43.05672753738798
      ], 
      [
       -4.764742109794148, 
       43.05591111079772
      ], 
      [
       -4.765125189981147, 
       43.074823439150286
      ], 
      [
       -4.815528215660835, 
       43.092934787105385
      ], 
      [
       -4.83143011360189, 
       43.10293723585054
      ], 
      [
       -4.842476018575395, 
       43.14629558207567
      ], 
      [
       -4.833189431206914, 
       43.15773612754229
      ], 
      [
       -4.839645415066653, 
       43.18105245966811
      ]
     ]
    ]
   }, 
   "type": "Feature", 
   "properties": {
    "Valor_PRP1": "15 mm", 
    "Nivel_PR": 3, 
    "Valor_PRP2": "40 mm", 
    "PRP1": "Lluvias", 
    "Expire_PRP1": "2026-10-07T20:59:59+02:00", 
    "PRP2": "Lluvias", 
    "Nombre_zona": "Liébana", 
    "Prb_PRP1": "40%-70%", 
    "Prb_PRP2": "40%-70%", 
    "Expire_PRP2": "2026-10-07T23:59:59+02:00", 
    "Des_PRP1": "Precipitación acumulada en una hora: 15 mm. No se descarta que vayan acompañadas de tormentas.", 
    "Des_PRP2": "Precipitación acumulada en 12 horas: 40 mm. Podrán acumularse entre 60 y 80 litros en la zona norte, en el entorno de Treviso y Fuente Dé.", 
    "Code_PRP1": "2PR-3AM-01PRP1-1791367200-663902", 
    "Code_PRP2": "2PR-3AM-02PRP2-1791345600-663902", 
    "Fen_avisos": [
     "PR "
    ], 
    "Ordn_avisos": [
     "2PR-3AM-01PRP1-1791367200-663902", 
     "2PR-3AM-02PRP2-1791345600-663902"
    ], 
    "N_avisos": 1, 
    "COD_Z": "663902", 
    "Av_mayor": 3, 
    "Resum_PRP2": "Aviso de lluvias de nivel amarillo. Liébana", 
    "Resum_PRP1": "Aviso de lluvias de nivel amarillo. Liébana", 
    "Cer_PRP2": "Likely", 
    "Cer_PRP1": "Likely", 
    "Nivel_PRP2": 3, 
    "Nivel_PRP1": 3, 
    "Sev_PRP2": "Amarillo", 
    "Identf_PRP2": "2.49.0.0.724.0.ES.20261006165621.663902PRP207221791305781", 
    "Identf_PRP1": "2.49.0.0.724.0.ES.20261006092040.663902PRP107191791278440", 
    "Sev_PRP1": "Amarillo", 
    "Onset_PRP1": "2026-10-07T12:00:00+02:00", 
    "Onset_PRP2": "2026-10-07T06:00:00+02:00"
   }
  }, 
  {
   "geometry": {
    "type": "Polygon", 
    "coordinates": [
     [
      [
       -1.94625242503434, 
       43.0978050722523
      ], 
      [
       -1.915068749800072, 
       43.12828203860279
      ], 
      [
       -1.919644301884343, 
       43.17283434203578
      ], 
      [
       -1.920772861514404, 
       43.18699091844124
      ], 
      [
       -1.901679260753536, 
       43.211436157849526
      ], 
      [
       -1.872593589378894, 
       43.220580739100285
      ], 
      [
       -1.86195414085955, 
       43.21603624246199
      ], 
      [
       -1.82427436552819, 
       43.228576363468356
      ], 
      [
       -1.817990515524118, 
       43.23896559909794
      ], 
      [
       -1.793701029536624, 
       43.24720305520361
      ], 
      [
       -1.792637121349828, 
       43.27673479889527
      ], 
      [
       -1.78196775047133, 
       43.287093584329085
      ], 
      [
       -1.727627030886819, 
       43.2964065615173
      ], 
      [
       -1.693414472250448, 
       43.31212027265056
      ], 
      [
       -1.666740521484611, 
       43.31506290762657
      ], 
      [
       -1.624487286550743, 
       43.307143072114975
      ], 
      [
       -1.628950626147863, 
       43.285199480861266
      ], 
      [
       -1.615946978896202, 
       43.258039240154986
      ], 
      [
       -1.573503509675963, 
       43.250737556077574
      ], 
      [
       -1.550140365706777, 
       43.29258337338224
      ], 
      [
       -1.502695604724014, 
       43.29255729465762
      ], 
      [
       -1.490085238045345, 
       43.28160451891673
      ], 
      [
       -1.437071057167704, 
       43.266944839165895
      ], 
      [
       -1.412394270868041, 
       43.27393431370189
      ], 
      [
       -1.38306537901006, 
       43.2539393519122
      ], 
      [
       -1.381313788184748, 
       43.18935433765126
      ], 
      [
       -1.400627619601008, 
       43.17875787342684
      ], 
      [
       -1.413173825663762, 
       43.148011812729294
      ], 
      [
       -1.413723893959201, 
       43.129119317516235
      ], 
      [
       -1.426079806046552, 
       43.11710706917422
      ], 
      [
       -1.470092496172601, 
       43.09205056738122
      ], 
      [
       -1.470985589543143, 
       43.08183346424901
      ], 
      [
       -1.445846732257124, 
       43.053364798474874
      ], 
      [
       -1.469073855562835, 
       43.034768493267336
      ], 
      [
       -1.490905141117286, 
       43.037507737673586
      ], 
      [
       -1.493150214480658, 
       43.056617869520636
      ], 
      [
       -1.516990043930955, 
       43.064529144464466
      ], 
      [
       -1.530115665220739, 
       43.04407820897586
      ], 
      [
       -1.553863013695997, 
       43.04024773260749
      ], 
      [
       -1.569741268882001, 
       43.04371595519614
      ], 
      [
       -1.630218892681469, 
       43.04029582939892
      ], 
      [
       -1.645109939427149, 
       43.053115503854855
      ], 
      [
       -1.669272730505788, 
       43.058864822882846
      ], 
      [
       -1.712003578902246, 
       43.05254636653173
      ], 
      [
       -1.771895262685297, 
       43.062542579395256
      ], 
      [
       -1.796977381634449, 
       43.05662290130781
      ], 
      [
       -1.827024459747527, 
       43.06438163689446
      ], 
      [
       -1.864915163276091, 
       43.08080090318307
      ], 
      [
       -1.875661963507623, 
       43.05604539809536
      ], 
      [
       -1.906202806216595, 
       43.05108272415037
      ], 
      [
       -1.928480879113052, 
       43.059244564855426
      ], 
      [
       -1.933969421236611, 
       43.08903792687802
      ], 
      [
       -1.94625242503434, 
       43.0978050722523
      ]
     ]
    ]
   }, 
   "type": "Feature", 
   "properties": {
    "Valor_PRP1": "15 mm", 
    "Nivel_PR": 3, 
    "Prb_TOTO": "40%-70%", 
    "Sev_TOTO": "Amarillo", 
    "TOTO": "Tormentas", 
    "Des_TOTO": "Podrán ir acompañadas de granizo.", 
    "N_avisos": 2, 
    "Identf_TOTO": "2.49.0.0.724.0.ES.20261006165621.743101TOTO07221791305781", 
    "Expire_PRP1": "2026-10-07T23:59:59+02:00", 
    "Code_TOTO": "2PR-3AM-07TOTO-1791378000-743101", 
    "PRP2": "Lluvias", 
    "PRP1": "Lluvias", 
    "Prb_PRP1": "40%-70%", 
    "Prb_PRP2": "40%-70%", 
    "Expire_TOTO": "2026-10-07T23:59:59+02:00", 
    "Des_PRP1": "Precipitación acumulada en una hora: 15 mm. No se descarta que vayan acompañadas de tormentas.", 
    "Des_PRP2": "Precipitación acumulada en 12 horas: 40 mm.", 
    "Code_PRP1": "2PR-3AM-01PRP1-1791378000-743101", 
    "Code_PRP2": "2PR-3AM-02PRP2-1791367200-743101", 
    "Cer_TOTO": "Likely", 
    "Fen_avisos": [
     "PR ", 
     "TOTO "
    ], 
    "Expire_PRP2": "2026-10-08T05:59:59+02:00", 
    "Nivel_TOTO": 3, 
    "Onset_TOTO": "2026-10-07T15:00:00+02:00", 
    "COD_Z": "743101", 
    "Av_mayor": 3, 
    "Resum_PRP2": "Aviso de lluvias de nivel amarillo. Vertiente cantábrica de Navarra", 
    "Resum_PRP1": "Aviso de lluvias de nivel amarillo. Vertiente cantábrica de Navarra", 
    "Cer_PRP2": "Likely", 
    "Cer_PRP1": "Likely", 
    "Onset_PRP1": "2026-10-07T15:00:00+02:00", 
    "Nivel_PRP2": 3, 
    "Nivel_PRP1": 3, 
    "Valor_PRP2": "40 mm", 
    "Sev_PRP2": "Amarillo", 
    "Identf_PRP2": "2.49.0.0.724.0.ES.20261007092938.743101PRP208041791365378", 
    "Ordn_avisos": [
     "2PR-3AM-01PRP1-1791378000-743101", 
     "2PR-3AM-02PRP2-1791367200-743101", 
     "2PR-3AM-07TOTO-1791378000-743101"
    ], 
    "Identf_PRP1": "2.49.0.0.724.0.ES.20261006092040.743101PRP107221791278440", 
    "Sev_PRP1": "Amarillo", 
    "Nombre_zona": "Vertiente cantábrica de Navarra", 
    "Resum_TOTO": "Aviso de tormentas de nivel amarillo. Vertiente cantábrica de Navarra", 
    "Onset_PRP2": "2026-10-07T12:00:00+02:00"
   }
  }, 
  {
   "geometry": {
    "type": "Polygon", 
    "coordinates": [
     [
      [
       -4.229259256208319, 
       42.89697017711891
      ], 
      [
       -4.235349918865735, 
       42.91739049464006
      ], 
      [
       -4.237137077469584, 
       42.9546508225694
      ], 
      [
       -4.229026867758058, 
       42.95984387216882
      ], 
      [
       -4.183793169818201, 
       42.950568557060066
      ], 
      [
       -4.165604260924591, 
       42.97861582871681
      ], 
      [
       -4.153910561264468, 
       43.02482018879606
      ], 
      [
       -4.149229723333657, 
       43.06204728656604
      ], 
      [
       -4.119573325499825, 
       43.08234043014898
      ], 
      [
       -4.119532536572872, 
       43.062557805131306
      ], 
      [
       -4.099340138364741, 
       43.05207414003942
      ], 
      [
       -4.079352168677939, 
       43.01783972917525
      ], 
      [
       -4.087134949344138, 
       42.99850507646473
      ], 
      [
       -4.076067387863612, 
       42.99065853402129
      ], 
      [
       -4.041371160629698, 
       42.99676952260054
      ], 
      [
       -4.006553393625018, 
       42.989093867697235
      ], 
      [
       -3.974802486025633, 
       43.0088548856231
      ], 
      [
       -3.944121540718836, 
       43.00605050836201
      ], 
      [
       -3.959471804583824, 
       42.99273095114631
      ], 
      [
       -3.989632873894489, 
       42.931367836617135
      ], 
      [
       -3.971510007746617, 
       42.91197361796795
      ], 
      [
       -3.936444921865851, 
       42.91092412293905
      ], 
      [
       -3.910146979287183, 
       42.9236709743084
      ], 
      [
       -3.890225838812129, 
       42.925529549130104
      ], 
      [
       -3.886041479726629, 
       42.949046572157755
      ], 
      [
       -3.865753574363131, 
       42.95510896756294
      ], 
      [
       -3.838198934798828, 
       42.94005992426718
      ], 
      [
       -3.82858728124633, 
       42.92797338398437
      ], 
      [
       -3.85074449932205, 
       42.919229238083005
      ], 
      [
       -3.867263521059277, 
       42.89935761530697
      ], 
      [
       -3.897301113587973, 
       42.90392570493477
      ], 
      [
       -3.89159116242601, 
       42.88764447638076
      ], 
      [
       -3.913488469281931, 
       42.860367068182754
      ], 
      [
       -3.878846944997788, 
       42.85166931167237
      ], 
      [
       -3.872706838864607, 
       42.875399248342625
      ], 
      [
       -3.862394343882686, 
       42.89009235449798
      ], 
      [
       -3.824014016975247, 
       42.86891633665589
      ], 
      [
       -3.832435850377421, 
       42.85245740974414
      ], 
      [
       -3.815173354624797, 
       42.83621058426707
      ], 
      [
       -3.814451167651572, 
       42.81289277002705
      ], 
      [
       -3.8208722547266, 
       42.79992470093372
      ], 
      [
       -3.862034113453213, 
       42.78674500877353
      ], 
      [
       -3.893103507966519, 
       42.80482313265643
      ], 
      [
       -3.908321399808174, 
       42.786729386650734
      ], 
      [
       -3.909609751051978, 
       42.76867302748934
      ], 
      [
       -3.929244581979394, 
       42.77477389591375
      ], 
      [
       -3.96434873323821, 
       42.758886879550765
      ], 
      [
       -3.980241738950069, 
       42.76859447202888
      ], 
      [
       -3.998304975674355, 
       42.769266886295775
      ], 
      [
       -3.99459635930941, 
       42.786507785737186
      ], 
      [
       -3.998689867712323, 
       42.82438318561338
      ], 
      [
       -4.01943300595701, 
       42.819634854230756
      ], 
      [
       -4.030442713968021, 
       42.793881091657504
      ], 
      [
       -4.048012524983704, 
       42.78151083179027
      ], 
      [
       -4.044563997731889, 
       42.76690015950774
      ], 
      [
       -4.079991758860224, 
       42.76175380879028
      ], 
      [
       -4.092726673201214, 
       42.77360968473595
      ], 
      [
       -4.09713683297247, 
       42.791469469468716
      ], 
      [
       -4.121321990248815, 
       42.79488219525244
      ], 
      [
       -4.148564913480084, 
       42.78959638338806
      ], 
      [
       -4.18407843221342, 
       42.817582233179664
      ], 
      [
       -4.160467368154397, 
       42.83636512535396
      ], 
      [
       -4.139096208305067, 
       42.82928576774861
      ], 
      [
       -4.124769501433081, 
       42.85691940040797
      ], 
      [
       -4.143905350084844, 
       42.862501921147434
      ], 
      [
       -4.179850728226518, 
       42.85897639329826
      ], 
      [
       -4.19834173251672, 
       42.84485378112963
      ], 
      [
       -4.224347315108964, 
       42.8591665073696
      ], 
      [
       -4.222132236356094, 
       42.875317860403406
      ], 
      [
       -4.229259256208319, 
       42.89697017711891
      ]
     ], 
     [
      [
       -4.099692647726944, 
       42.79425450881059
      ], 
      [
       -4.087715730179128, 
       42.80017712858448
      ], 
      [
       -4.087173249685726, 
       42.81877754196246
      ], 
      [
       -4.105686759726721, 
       42.828046436091604
      ], 
      [
       -4.111727707956041, 
       42.816974890498734
      ], 
      [
       -4.099692647726944, 
       42.79425450881059
      ]
     ]
    ]
   }, 
   "type": "Feature", 
   "properties": {
    "Valor_PRP1": "15 mm", 
    "Nivel_PR": 3, 
    "Valor_PRP2": "40 mm", 
    "PRP1": "Lluvias", 
    "Expire_PRP1": "2026-10-07T20:59:59+02:00", 
    "PRP2": "Lluvias", 
    "Nombre_zona": "Cantabria del Ebro", 
    "Prb_PRP1": "40%-70%", 
    "Prb_PRP2": "40%-70%", 
    "Expire_PRP2": "2026-10-07T23:59:59+02:00", 
    "Des_PRP1": "Precipitación acumulada en una hora: 15 mm. No se descarta que vayan acompañadas de tormentas.", 
    "Des_PRP2": "Precipitación acumulada en 12 horas: 40 mm.", 
    "Code_PRP1": "2PR-3AM-01PRP1-1791367200-663904", 
    "Code_PRP2": "2PR-3AM-02PRP2-1791367200-663904", 
    "Fen_avisos": [
     "PR "
    ], 
    "Ordn_avisos": [
     "2PR-3AM-01PRP1-1791367200-663904", 
     "2PR-3AM-02PRP2-1791367200-663904"
    ], 
    "N_avisos": 1, 
    "COD_Z": "663904", 
    "Av_mayor": 3, 
    "Resum_PRP2": "Aviso de lluvias de nivel amarillo. Cantabria del Ebro", 
    "Resum_PRP1": "Aviso de lluvias de nivel amarillo. Cantabria del Ebro", 
    "Cer_PRP2": "Likely", 
    "Cer_PRP1": "Likely", 
    "Nivel_PRP2": 3, 
    "Nivel_PRP1": 3, 
    "Sev_PRP2": "Amarillo", 
    "Identf_PRP2": "2.49.0.0.724.0.ES.20261007092938.663904PRP207221791365378", 
    "Identf_PRP1": "2.49.0.0.724.0.ES.20261006165621.663904PRP107191791305781", 
    "Sev_PRP1": "Amarillo", 
    "Onset_PRP1": "2026-10-07T12:00:00+02:00", 
    "Onset_PRP2": "2026-10-07T12:00:00+02:00"
   }
  }, 
  {
   "geometry": {
    "type": "Polygon", 
    "coordinates": [
     [
      [
       -3.140054723624707, 
       43.16181256370124
      ], 
      [
       -3.107475974352349, 
       43.143928743449784
      ], 
      [
       -3.09230093235632, 
       43.15175795069677
      ], 
      [
       -3.073404159283879, 
       43.14663003060954
      ], 
      [
       -3.064609029950877, 
       43.156054101055595
      ], 
      [
       -3.025597496377543, 
       43.16164329273168
      ], 
      [
       -3.006890056647028, 
       43.19759196160149
      ], 
      [
       -2.978801081971033, 
       43.200629217562394
      ], 
      [
       -2.971721789499222, 
       43.18654916641918
      ], 
      [
       -2.945528094108888, 
       43.17025503032132
      ], 
      [
       -2.952865476132509, 
       43.15997961170941
      ], 
      [
       -2.934514000923702, 
       43.136486683865876
      ], 
      [
       -2.956402677374063, 
       43.115471384272034
      ], 
      [
       -2.959490098149995, 
       43.09334814118671
      ], 
      [
       -2.892865817253482, 
       43.046696916171825
      ], 
      [
       -2.862503280251427, 
       43.05222937982265
      ], 
      [
       -2.820645390597801, 
       43.035323597510725
      ], 
      [
       -2.779882848709961, 
       43.034270941596205
      ], 
      [
       -2.728433093561291, 
       43.0242281925214
      ], 
      [
       -2.714005105346675, 
       43.031045658541956
      ], 
      [
       -2.685722314340099, 
       43.02190371017054
      ], 
      [
       -2.665591085285345, 
       43.0317068527215
      ], 
      [
       -2.642008697981611, 
       43.021649258689806
      ], 
      [
       -2.629299272762762, 
       43.02898368274736
      ], 
      [
       -2.632406641648677, 
       43.04509415216669
      ], 
      [
       -2.659953933643591, 
       43.065610976555625
      ], 
      [
       -2.660383582960313, 
       43.07454488913579
      ], 
      [
       -2.631761130837933, 
       43.08731501337163
      ], 
      [
       -2.59118351824168, 
       43.081477300647336
      ], 
      [
       -2.545359874220406, 
       43.088454105964686
      ], 
      [
       -2.539551527927685, 
       43.06346097146312
      ], 
      [
       -2.528946140555284, 
       43.045120281004294
      ], 
      [
       -2.548294696545625, 
       43.02006609962331
      ], 
      [
       -2.56213352147478, 
       43.018940259848584
      ], 
      [
       -2.599651014372562, 
       43.00164442403609
      ], 
      [
       -2.595511264130397, 
       42.97625435130482
      ], 
      [
       -2.60716578426746, 
       42.9544041898063
      ], 
      [
       -2.617957728573482, 
       42.95774549730216
      ], 
      [
       -2.633910354893643, 
       42.94076943476455
      ], 
      [
       -2.651908853505579, 
       42.935359617802405
      ], 
      [
       -2.671927878410503, 
       42.957327588346175
      ], 
      [
       -2.691833263754608, 
       42.943488402563595
      ], 
      [
       -2.676967785231936, 
       42.917252179149024
      ], 
      [
       -2.703049972976757, 
       42.90490501209108
      ], 
      [
       -2.764256506744307, 
       42.91552014645358
      ], 
      [
       -2.784704574066063, 
       42.925988120713924
      ], 
      [
       -2.806988123296651, 
       42.91211525999789
      ], 
      [
       -2.852919968535141, 
       42.91580346719314
      ], 
      [
       -2.875513821448246, 
       42.926996363714615
      ], 
      [
       -2.89092254851084, 
       42.92375230456817
      ], 
      [
       -2.92642737932793, 
       42.93805340147405
      ], 
      [
       -2.935016895771101, 
       42.92822524830766
      ], 
      [
       -2.980169500657064, 
       42.93908387445686
      ], 
      [
       -2.994777678295951, 
       42.953151096367996
      ], 
      [
       -3.010321982906467, 
       42.952727521236824
      ], 
      [
       -3.039312804763736, 
       42.96971340029147
      ], 
      [
       -3.035653781509722, 
       42.98251046634834
      ], 
      [
       -3.007739046036481, 
       42.98215556469807
      ], 
      [
       -2.984710653284036, 
       43.01237491352167
      ], 
      [
       -3.028164363773853, 
       43.01895495689669
      ], 
      [
       -3.019750076574654, 
       43.032499869647346
      ], 
      [
       -3.027329971921487, 
       43.046860859613645
      ], 
      [
       -3.048435697162399, 
       43.0475022132251
      ], 
      [
       -3.064297944475544, 
       43.0234157278838
      ], 
      [
       -3.089155551923831, 
       43.00983788207395
      ], 
      [
       -3.087684124007914, 
       43.00191480751598
      ], 
      [
       -3.123079170993173, 
       43.00804149259194
      ], 
      [
       -3.14348182820471, 
       43.007117255890385
      ], 
      [
       -3.167564688228889, 
       43.01520683895932
      ], 
      [
       -3.168941038719448, 
       43.02935128992855
      ], 
      [
       -3.142155040783509, 
       43.02767679263533
      ], 
      [
       -3.139732627692716, 
       43.06897541020795
      ], 
      [
       -3.156879615551967, 
       43.07429296409778
      ], 
      [
       -3.132633749943061, 
       43.09751062913272
      ], 
      [
       -3.174567657379332, 
       43.11336551650529
      ], 
      [
       -3.180477886745387, 
       43.1211543375753
      ], 
      [
       -3.160167488273172, 
       43.14346191175555
      ], 
      [
       -3.16054078517635, 
       43.154536995209725
      ], 
      [
       -3.140054723624707, 
       43.16181256370124
      ]
     ]
    ]
   }, 
   "type": "Feature", 
   "properties": {
    "Valor_PRP1": "15 mm", 
    "Nivel_PR": 3, 
    "Valor_PRP2": "40 mm", 
    "PRP1": "Lluvias", 
    "Expire_PRP1": "2026-10-07T23:59:59+02:00", 
    "PRP2": "Lluvias", 
    "Nombre_zona": "Cuenca del Nervión", 
    "Prb_PRP1": "40%-70%", 
    "Prb_PRP2": "40%-70%", 
    "Expire_PRP2": "2026-10-07T23:59:59+02:00", 
    "Des_PRP1": "Precipitación acumulada en una hora: 15 mm. No se descarta que vayan acompañadas de tormentas.", 
    "Des_PRP2": "Precipitación acumulada en 12 horas: 40 mm.", 
    "Code_PRP1": "2PR-3AM-01PRP1-1791378000-750101", 
    "Code_PRP2": "2PR-3AM-02PRP2-1791367200-750101", 
    "Fen_avisos": [
     "PR "
    ], 
    "Ordn_avisos": [
     "2PR-3AM-01PRP1-1791378000-750101", 
     "2PR-3AM-02PRP2-1791367200-750101"
    ], 
    "N_avisos": 1, 
    "COD_Z": "750101", 
    "Av_mayor": 3, 
    "Resum_PRP2": "Aviso de lluvias de nivel amarillo. Cuenca del Nervión", 
    "Resum_PRP1": "Aviso de lluvias de nivel amarillo. Cuenca del Nervión", 
    "Cer_PRP2": "Likely", 
    "Cer_PRP1": "Likely", 
    "Nivel_PRP2": 3, 
    "Nivel_PRP1": 3, 
    "Sev_PRP2": "Amarillo", 
    "Identf_PRP2": "2.49.0.0.724.0.ES.20261007064609.750101PRP207221791355569", 
    "Identf_PRP1": "2.49.0.0.724.0.ES.20261006165621.750101PRP107221791305781", 
    "Sev_PRP1": "Amarillo", 
    "Onset_PRP1": "2026-10-07T15:00:00+02:00", 
    "Onset_PRP2": "2026-10-07T12:00:00+02:00"
   }
  }
 ]
}
