{
 "crs": {
  "type": "name", 
  "properties": {
   "name": "urn:ogc:def:crs:EPSG::4326"
  }
 }, 
 "type": "FeatureCollection", 
 "name": "Avisos", 
 "features": [
  {
   "geometry": {
    "type": "Polygon", 
    "coordinates": [
     [
      [
       3.082073313602626, 
       41.824826281063345
      ], 
      [
       3.086272661110857, 
       41.826340213079945
      ], 
      [
       3.098010493212545, 
       41.84268226097762
      ], 
      [
       3.115484183901735, 
       41.84931052805003
      ], 
      [
       3.145971385605563, 
       41.849873166718126
      ], 
      [
       3.146726827758028, 
       41.85886054052435
      ], 
      [
       3.173392019761114, 
       41.86405846918253
      ], 
      [
       3.184616911743912, 
       41.88834866448963
      ], 
      [
       3.204125112443205, 
       41.89200871771296
      ], 
      [
       3.208400738158145, 
       41.917519185222915
      ], 
      [
       3.219793639588294, 
       41.94277762132379
      ], 
      [
       3.234296650738604, 
       41.95016967690259
      ], 
      [
       3.232452484451533, 
       41.96977498771974
      ], 
      [
       3.214721452592452, 
       41.97458337221866
      ], 
      [
       3.200940367059836, 
       41.99544851130084
      ], 
      [
       3.195976705245351, 
       42.028723912725305
      ], 
      [
       3.199115263451745, 
       42.04864381074216
      ], 
      [
       3.214803215230657, 
       42.06160840725341
      ], 
      [
       3.184716194256445, 
       42.104005403167456
      ], 
      [
       3.137866087867716, 
       42.12683701937359
      ], 
      [
       3.125217242702377, 
       42.128325649145005
      ], 
      [
       3.113191568834922, 
       42.172840699222164
      ], 
      [
       3.11264990894991, 
       42.20415745189329
      ], 
      [
       3.118321442145595, 
       42.2228372229003
      ], 
      [
       3.13968817188577, 
       42.25101659368455
      ], 
      [
       3.162752890003275, 
       42.26424846272922
      ], 
      [
       3.18232671129598, 
       42.25761027780726
      ], 
      [
       3.220088513945284, 
       42.23261715663812
      ], 
      [
       3.23213823075297, 
       42.24535385503731
      ], 
      [
       3.282428709105792, 
       42.25415633260183
      ], 
      [
       3.288741539967442, 
       42.265456049069655
      ], 
      [
       3.292031963666492, 
       42.30749774699677
      ], 
      [
       3.303702515789549, 
       42.308276329547425
      ], 
      [
       3.309032251463918, 
       42.3270817521545
      ], 
      [
       3.268811351972768, 
       42.34072773816703
      ], 
      [
       3.242411058474765, 
       42.33779938354657
      ], 
      [
       3.239430766372375, 
       42.349330419293935
      ], 
      [
       3.216038740349082, 
       42.34960690659257
      ], 
      [
       3.199087906650205, 
       42.33510053960062
      ], 
      [
       3.189260683242976, 
       42.352222346478094
      ], 
      [
       3.164037472880288, 
       42.3608142905846
      ], 
      [
       3.156176264679809, 
       42.37905139741862
      ], 
      [
       3.171950006422561, 
       42.415995416560285
      ], 
      [
       3.175783197246252, 
       42.435680341975946
      ], 
      [
       3.248111442585749, 
       42.43298526602685
      ], 
      [
       3.712159825762839, 
       42.440184329331274
      ], 
      [
       3.754298705501022, 
       42.410945135929886
      ], 
      [
       3.769591863001221, 
       42.348647916070604
      ], 
      [
       3.768671550324815, 
       42.285331251024466
      ], 
      [
       3.751619501668346, 
       42.22329015981087
      ], 
      [
       3.719097293034401, 
       42.164767014930746
      ], 
      [
       3.668398798414395, 
       42.09344644616784
      ], 
      [
       3.677107385002818, 
       42.005658007638765
      ], 
      [
       3.679804960746254, 
       41.942526282206096
      ], 
      [
       3.666474175612513, 
       41.88015168478726
      ], 
      [
       3.63763975127264, 
       41.82077845931151
      ], 
      [
       3.575323138650984, 
       41.7224071895065
      ], 
      [
       3.524571678556222, 
       41.66056526035962
      ], 
      [
       3.461848450251143, 
       41.61199804956196
      ], 
      [
       3.368175731826968, 
       41.665430184873244
      ], 
      [
       3.082073313602626, 
       41.824826281063345
      ]
     ]
    ]
   }, 
   "type": "Feature", 
   "properties": {
    "Avis_COCO": [
     {
      "expires_local": "2026-10-08T23:59:59+02:00", 
      "code": "2PR-2NA-10COCO-1791439200-691703C", 
      "severity": "Naranja", 
      "parametro": "CO", 
      "cd_zona": "691703C", 
      "certainty": "previsto", 
      "fenomeno": "CO", 
      "onset_local": "2026-10-08T08:00:00+02:00", 
      "nivel_num": 2, 
      "valor": "", 
      "descripcion": "Viento del norte de 50 a 70 km/h (fuerza 7 a 8) y olas de 3 o 4 m.", 
      "prob": "40%-70%"
     }
    ], 
    "N_avisos": 1, 
    "Provincia": "Girona", 
    "Nivel_COCO": "2", 
    "COD_Z": "691703C", 
    "Av_mayor": 2, 
    "Identf_COCO": [
     "", 
     "2.49.0.0.724.0.ES.20261007092432.691703COCO08221791365072"
    ], 
    "Nombre_zona": "Ampurdán - Costa", 
    "Ordn_avisos": [
     "2PR-2NA-10COCO-1791439200-691703C"
    ]
   }
  }, 
  {
   "geometry": {
    "type": "Polygon", 
    "coordinates": [
     [
      [
       -2.411530701396661, 
       43.321410363224324
      ], 
      [
       -2.409046363275371, 
       43.32197382666917
      ], 
      [
       -2.410180766077701, 
       43.324545895501906
      ], 
      [
       -2.356319124885325, 
       43.30252815579915
      ], 
      [
       -2.354386387728482, 
       43.29992402847396
      ], 
      [
       -2.283740490236942, 
       43.29504632649853
      ], 
      [
       -2.266377245851174, 
       43.299672528779496
      ], 
      [
       -2.267176576640975, 
       43.30086621748645
      ], 
      [
       -2.214415743476858, 
       43.30907005427939
      ], 
      [
       -2.176709617088555, 
       43.28808603185179
      ], 
      [
       -2.14002696664183, 
       43.29338075047198
      ], 
      [
       -2.125996233602977, 
       43.28925849033748
      ], 
      [
       -2.110985646760304, 
       43.3000739799148
      ], 
      [
       -2.043598418236338, 
       43.317403736262
      ], 
      [
       -2.012496371292571, 
       43.3212813553282
      ], 
      [
       -1.990491296534851, 
       43.316289992522606
      ], 
      [
       -1.960850293612637, 
       43.338471960592585
      ], 
      [
       -1.915283534348829, 
       43.33693232371562
      ], 
      [
       -1.882112182520423, 
       43.349731932330364
      ], 
      [
       -1.864014765452916, 
       43.37272119644843
      ], 
      [
       -1.826779487065958, 
       43.3846988445012
      ], 
      [
       -1.796619302208522, 
       43.38159415918886
      ], 
      [
       -1.791093392398774, 
       43.36769658990188
      ], 
      [
       -1.788053887008756, 
       43.35360900392517
      ], 
      [
       -1.771591981886666, 
       43.343285706386325
      ], 
      [
       -1.755757171006213, 
       43.34420401275875
      ], 
      [
       -1.73529324813189, 
       43.31966834469574
      ], 
      [
       -1.727627030886819, 
       43.2964065615173
      ], 
      [
       -1.78196775047133, 
       43.287093584329085
      ], 
      [
       -1.792637121349828, 
       43.27673479889527
      ], 
      [
       -1.793701029536624, 
       43.24720305520361
      ], 
      [
       -1.817990515524118, 
       43.23896559909794
      ], 
      [
       -1.82427436552819, 
       43.228576363468356
      ], 
      [
       -1.86195414085955, 
       43.21603624246199
      ], 
      [
       -1.872593589378894, 
       43.220580739100285
      ], 
      [
       -1.901679260753536, 
       43.211436157849526
      ], 
      [
       -1.920772861514404, 
       43.18699091844124
      ], 
      [
       -1.919644301884343, 
       43.17283434203578
      ], 
      [
       -1.946608420333229, 
       43.18233333988562
      ], 
      [
       -1.964932713054785, 
       43.19527785123726
      ], 
      [
       -2.000467427527562, 
       43.185995158597265
      ], 
      [
       -2.042275488654795, 
       43.20995334401665
      ], 
      [
       -2.054203173046947, 
       43.23071761103036
      ], 
      [
       -2.080801457694549, 
       43.243054292380265
      ], 
      [
       -2.09852217395551, 
       43.230742303486615
      ], 
      [
       -2.127004526503687, 
       43.22389478848196
      ], 
      [
       -2.157416853077454, 
       43.19533576633175
      ], 
      [
       -2.180058660443502, 
       43.207548199986576
      ], 
      [
       -2.193196847077052, 
       43.19792584634217
      ], 
      [
       -2.230937550914364, 
       43.20634379497791
      ], 
      [
       -2.256447313380773, 
       43.22522360103906
      ], 
      [
       -2.277316767360701, 
       43.215974760233124
      ], 
      [
       -2.29952934340305, 
       43.21358268767671
      ], 
      [
       -2.346155539198383, 
       43.23964728579096
      ], 
      [
       -2.347741203838981, 
       43.24802140171374
      ], 
      [
       -2.374570970181269, 
       43.27075415612118
      ], 
      [
       -2.416778363956959, 
       43.26787064905527
      ], 
      [
       -2.438793516866993, 
       43.28842961190564
      ], 
      [
       -2.436142985773625, 
       43.29914970863952
      ], 
      [
       -2.411530701396661, 
       43.321410363224324
      ]
     ]
    ]
   }, 
   "type": "Feature", 
   "properties": {
    "Nivel_PR": "3", 
    "N_avisos": 1, 
    "COD_Z": "752001", 
    "Av_mayor": 3, 
    "Identf_PRP2": [
     "", 
     "2.49.0.0.724.0.ES.20261007092938.752001PRP208041791365378"
    ], 
    "Avis_PRP2": [
     {
      "expires_local": "2026-10-08T05:59:59+02:00", 
      "code": "2PR-3AM-02PRP2-1791367200-752001", 
      "severity": "Amarillo", 
      "parametro": "P2", 
      "cd_zona": "752001", 
      "certainty": "previsto", 
      "fenomeno": "PR", 
      "onset_local": "2026-10-07T12:00:00+02:00", 
      "nivel_num": 3, 
      "valor": "40 mm", 
      "descripcion": "Precipitación acumulada en 12 horas: 40 mm.", 
      "prob": "40%-70%"
     }
    ], 
    "Nombre_zona": "Gipuzkoa litoral", 
    "Nivel_PRP2": "3", 
    "Ordn_avisos": [
     "2PR-3AM-02PRP2-1791367200-752001"
    ]
   }
  }, 
  {
   "geometry": {
    "type": "Polygon", 
    "coordinates": [
     [
      [
       2.383826642688542, 
       41.80900486816851
      ], 
      [
       2.355441057333059, 
       41.80740989279012
      ], 
      [
       2.348473570325066, 
       41.83263583600609
      ], 
      [
       2.327133615472195, 
       41.85595620700639
      ], 
      [
       2.329125023330405, 
       41.88333865547895
      ], 
      [
       2.338670837084558, 
       41.889456685408696
      ], 
      [
       2.372213216787919, 
       41.879722825252195
      ], 
      [
       2.378342284092536, 
       41.87310652353279
      ], 
      [
       2.405535130710071, 
       41.88659865910372
      ], 
      [
       2.408259073094081, 
       41.89601235671433
      ], 
      [
       2.44444772335687, 
       41.888301760961575
      ], 
      [
       2.469785287891707, 
       41.904936226337234
      ], 
      [
       2.481411932366802, 
       41.923167466549806
      ], 
      [
       2.471886196072723, 
       41.93958390691141
      ], 
      [
       2.447185921815187, 
       41.94429981518085
      ], 
      [
       2.453181910081966, 
       41.96633957837402
      ], 
      [
       2.489162311599524, 
       41.984955318407934
      ], 
      [
       2.500040727959373, 
       42.00180697571767
      ], 
      [
       2.493448517008577, 
       42.03813180101631
      ], 
      [
       2.467843767232271, 
       42.074025204678456
      ], 
      [
       2.478745825004947, 
       42.08050727298251
      ], 
      [
       2.4741242330483, 
       42.106366378302546
      ], 
      [
       2.493279214743945, 
       42.12639591727684
      ], 
      [
       2.470611342459387, 
       42.129408673099476
      ], 
      [
       2.459928060125774, 
       42.14044251897933
      ], 
      [
       2.462841507491606, 
       42.15599403463617
      ], 
      [
       2.447966068489988, 
       42.188958007085375
      ], 
      [
       2.46314942361516, 
       42.201754854068284
      ], 
      [
       2.491328354963966, 
       42.19902795504732
      ], 
      [
       2.483562298457596, 
       42.21934010499542
      ], 
      [
       2.498667245414029, 
       42.231757727691644
      ], 
      [
       2.517904815313415, 
       42.227761348363096
      ], 
      [
       2.533743908854999, 
       42.23297323666735
      ], 
      [
       2.557120045277597, 
       42.21931783115838
      ], 
      [
       2.564297189057977, 
       42.20180213798108
      ], 
      [
       2.612293576621362, 
       42.22965772789672
      ], 
      [
       2.59289429917766, 
       42.26949642249875
      ], 
      [
       2.589932325201858, 
       42.28543958633991
      ], 
      [
       2.604164220341314, 
       42.29252038023519
      ], 
      [
       2.659186137781945, 
       42.2963088977826
      ], 
      [
       2.668676988183887, 
       42.272821093665044
      ], 
      [
       2.697909352550276, 
       42.274536309987084
      ], 
      [
       2.711205639817448, 
       42.26690542402601
      ], 
      [
       2.703568022531175, 
       42.24972442165336
      ], 
      [
       2.729052045331852, 
       42.250034373413555
      ], 
      [
       2.735087698743917, 
       42.26644781994052
      ], 
      [
       2.724002268172022, 
       42.28130715673868
      ], 
      [
       2.722298415602038, 
       42.299521871398305
      ], 
      [
       2.738382878252735, 
       42.29998467602027
      ], 
      [
       2.733649150685928, 
       42.33082793543978
      ], 
      [
       2.759569783325617, 
       42.34349504288259
      ], 
      [
       2.778361874669077, 
       42.364843320631806
      ], 
      [
       2.796960343706016, 
       42.37131856541658
      ], 
      [
       2.79132976622829, 
       42.39977907967635
      ], 
      [
       2.822664627434742, 
       42.3902290108377
      ], 
      [
       2.833461165138685, 
       42.37874138879389
      ], 
      [
       2.850717207647832, 
       42.3794342748447
      ], 
      [
       2.859486349083367, 
       42.36528458731978
      ], 
      [
       2.887542699922368, 
       42.36132182434954
      ], 
      [
       2.89564597632722, 
       42.34911206527767
      ], 
      [
       2.828015528690661, 
       42.3415008890224
      ], 
      [
       2.806601400257334, 
       42.312732886807936
      ], 
      [
       2.785653441610907, 
       42.30636902909627
      ], 
      [
       2.798487561008232, 
       42.28125227819258
      ], 
      [
       2.780404375954585, 
       42.26608241668453
      ], 
      [
       2.806833613221542, 
       42.233408294251824
      ], 
      [
       2.834998956559952, 
       42.23737490774842
      ], 
      [
       2.843001287300215, 
       42.20735114941825
      ], 
      [
       2.862157970950609, 
       42.19667575615755
      ], 
      [
       2.847108579852728, 
       42.16340284214071
      ], 
      [
       2.810279691385394, 
       42.1665766496228
      ], 
      [
       2.803086244700128, 
       42.1459233320426
      ], 
      [
       2.824967406878808, 
       42.1510487619913
      ], 
      [
       2.840029279174327, 
       42.13978466007328
      ], 
      [
       2.843675053959488, 
       42.09735434071072
      ], 
      [
       2.858040109425617, 
       42.07870641685536
      ], 
      [
       2.885408626184338, 
       42.066076389000045
      ], 
      [
       2.884115055764105, 
       42.05354994875624
      ], 
      [
       2.901294272069108, 
       42.03214158027956
      ], 
      [
       2.897355409705221, 
       41.98784179095803
      ], 
      [
       2.905976448904199, 
       41.97177959834348
      ], 
      [
       2.932933974580174, 
       41.970726702459984
      ], 
      [
       2.949452211435794, 
       41.9623886953263
      ], 
      [
       2.936784505346204, 
       41.94020143004428
      ], 
      [
       2.899016583286803, 
       41.93320765638204
      ], 
      [
       2.903243704069285, 
       41.91935252665678
      ], 
      [
       2.887117384718295, 
       41.90967874840201
      ], 
      [
       2.940958989728721, 
       41.89478907772887
      ], 
      [
       2.956505960618205, 
       41.88477247591763
      ], 
      [
       2.944300136770658, 
       41.86530727391981
      ], 
      [
       2.917932886267526, 
       41.8600218559188
      ], 
      [
       2.88840799327799, 
       41.86067167041455
      ], 
      [
       2.863213341761981, 
       41.84893109446724
      ], 
      [
       2.850804070445769, 
       41.819726244065855
      ], 
      [
       2.854998988553561, 
       41.79241735082774
      ], 
      [
       2.887358329468093, 
       41.7565524065921
      ], 
      [
       2.870949289774472, 
       41.746170234473546
      ], 
      [
       2.849994186421508, 
       41.76247328364072
      ], 
      [
       2.809498274523081, 
       41.74463281702754
      ], 
      [
       2.77799277865842, 
       41.73578505179817
      ], 
      [
       2.745883737740243, 
       41.73527624779177
      ], 
      [
       2.725936943400223, 
       41.744610874679886
      ], 
      [
       2.682258453438147, 
       41.73986409718816
      ], 
      [
       2.670596099674392, 
       41.74567217114289
      ], 
      [
       2.640531606716926, 
       41.7431780183315
      ], 
      [
       2.638028983910826, 
       41.73356125706236
      ], 
      [
       2.538682771164105, 
       41.722042692937585
      ], 
      [
       2.532377696598218, 
       41.739253162337214
      ], 
      [
       2.51677014965061, 
       41.74897195033306
      ], 
      [
       2.517112832005005, 
       41.762197446458565
      ], 
      [
       2.490992935865521, 
       41.7657931576746
      ], 
      [
       2.444905744800838, 
       41.789481405869346
      ], 
      [
       2.437670646408974, 
       41.80317534131839
      ], 
      [
       2.405842678293312, 
       41.80197236926434
      ], 
      [
       2.383826642688542, 
       41.80900486816851
      ]
     ]
    ]
   }, 
   "type": "Feature", 
   "properties": {
    "Nivel_PR": "3", 
    "N_avisos": 2, 
    "Nivel_TOTO": "3", 
    "COD_Z": "691702", 
    "Identf_PRP1": [
     "", 
     "2.49.0.0.724.0.ES.20261007092432.691702PRP108181791365072"
    ], 
    "Av_mayor": 3, 
    "Identf_TOTO": [
     "", 
     "2.49.0.0.724.0.ES.20261007092432.691702TOTO08181791365072"
    ], 
    "Avis_PRP1": [
     {
      "expires_local": "2026-10-08T19:59:59+02:00", 
      "code": "2PR-3AM-01PRP1-1791446400-691702", 
      "severity": "Amarillo", 
      "parametro": "P1", 
      "cd_zona": "691702", 
      "certainty": "previsto", 
      "fenomeno": "PR", 
      "onset_local": "2026-10-08T10:00:00+02:00", 
      "nivel_num": 3, 
      "valor": "20 mm", 
      "descripcion": "Precipitación acumulada en una hora: 20 mm.", 
      "prob": "40%-70%"
     }
    ], 
    "Nombre_zona": "Prelitoral de Girona", 
    "Nivel_PRP1": "3", 
    "Ordn_avisos": [
     "2PR-3AM-01PRP1-1791446400-691702", 
     "2PR-3AM-07TOTO-1791446400-691702"
    ], 
    "Avis_TOTO": [
     {
      "expires_local": "2026-10-08T19:59:59+02:00", 
      "code": "2PR-3AM-07TOTO-1791446400-691702", 
      "severity": "Amarillo", 
      "parametro": "TO", 
      "cd_zona": "691702", 
      "certainty": "previsto", 
      "fenomeno": "TO", 
      "onset_local": "2026-10-08T10:00:00+02:00", 
      "nivel_num": 3, 
      "valor": "", 
      "descripcion": "Pueden venir acompañadas de granizo inferior a 2 cm.", 
      "prob": "40%-70%"
     }
    ]
   }
  }, 
  {
   "geometry": {
    "type": "Polygon", 
    "coordinates": [
     [
      [
       3.082073313602626, 
       41.824826281063345
      ], 
      [
       3.368175731826968, 
       41.665430184873244
      ], 
      [
       3.461848450251143, 
       41.61199804956196
      ], 
      [
       3.457226802540975, 
       41.608414910585665
      ], 
      [
       3.220434755379561, 
       41.46044810621896
      ], 
      [
       3.135333442582542, 
       41.41845967453055
      ], 
      [
       3.091687717887286, 
       41.40194404893611
      ], 
      [
       2.867250376999201, 
       41.57987291613145
      ], 
      [
       2.779505115009547, 
       41.64912244170018
      ], 
      [
       2.794120100176215, 
       41.67391256856941
      ], 
      [
       2.817866231081555, 
       41.686778243706705
      ], 
      [
       2.854415933790484, 
       41.70006519376004
      ], 
      [
       2.888299863819823, 
       41.70152344883903
      ], 
      [
       2.913299210607874, 
       41.708102422203694
      ], 
      [
       2.954825624775968, 
       41.73131597738271
      ], 
      [
       2.972557070473235, 
       41.75348957069878
      ], 
      [
       3.030545181372171, 
       41.779847209583785
      ], 
      [
       3.066508618259802, 
       41.80051243413485
      ], 
      [
       3.082073313602626, 
       41.824826281063345
      ]
     ]
    ]
   }, 
   "type": "Feature", 
   "properties": {
    "Avis_COCO": [
     {
      "expires_local": "2026-10-08T23:59:59+02:00", 
      "code": "2PR-3AM-10COCO-1791475200-691704C", 
      "severity": "Amarillo", 
      "parametro": "CO", 
      "cd_zona": "691704C", 
      "certainty": "previsto", 
      "fenomeno": "CO", 
      "onset_local": "2026-10-08T18:00:00+02:00", 
      "nivel_num": 3, 
      "valor": "", 
      "descripcion": "Viento del norte de 50 a 60 km/h (fuerza 7) y olas de 3 m.", 
      "prob": "40%-70%"
     }
    ], 
    "N_avisos": 1, 
    "Provincia": "Girona", 
    "Nivel_COCO": "3", 
    "COD_Z": "691704C", 
    "Av_mayor": 3, 
    "Identf_COCO": [
     "", 
     "2.49.0.0.724.0.ES.20261007092432.691704COCO08221791365072"
    ], 
    "Nombre_zona": "Litoral sur de Girona - Costa", 
    "Ordn_avisos": [
     "2PR-3AM-10COCO-1791475200-691704C"
    ]
   }
  }, 
  {
   "geometry": {
    "type": "MultiPolygon", 
    "coordinates": [
     [
      [
       [
        -4.546407388571003, 
        43.26895226158172
       ], 
       [
        -4.520348099910118, 
        43.280890024922236
       ], 
       [
        -4.494667636404657, 
        43.28002198621946
       ], 
       [
        -4.454916286838363, 
        43.294247951283864
       ], 
       [
        -4.409857960152767, 
        43.3010521960003
       ], 
       [
        -4.39050981008569, 
        43.2932663765276
       ], 
       [
        -4.389767588494601, 
        43.27799530178461
       ], 
       [
        -4.36362816931369, 
        43.27299747824977
       ], 
       [
        -4.322386783797595, 
        43.272563337730055
       ], 
       [
        -4.238302093366506, 
        43.27769160863036
       ], 
       [
        -4.227418444737014, 
        43.29353929728249
       ], 
       [
        -4.21178381955006, 
        43.301404616426154
       ], 
       [
        -4.191194872943232, 
        43.32222249240162
       ], 
       [
        -4.145127856245848, 
        43.32462894358201
       ], 
       [
        -4.136902970199732, 
        43.33197737054549
       ], 
       [
        -4.112162536698074, 
        43.324711163944556
       ], 
       [
        -4.127404104734867, 
        43.303239993791564
       ], 
       [
        -4.106787658513256, 
        43.29223110801052
       ], 
       [
        -4.072811016340055, 
        43.30040654747984
       ], 
       [
        -4.012156507401353, 
        43.30419192996314
       ], 
       [
        -4.004354289978678, 
        43.33127334365037
       ], 
       [
        -3.950353825258781, 
        43.33210399761086
       ], 
       [
        -3.960227300101364, 
        43.30583726488738
       ], 
       [
        -3.930131440549577, 
        43.29212038628066
       ], 
       [
        -3.92505350422849, 
        43.30436233193424
       ], 
       [
        -3.89657807207975, 
        43.309739525379435
       ], 
       [
        -3.884393669125941, 
        43.3325520489452
       ], 
       [
        -3.853990391948047, 
        43.335358317223125
       ], 
       [
        -3.802737741615549, 
        43.297992760500954
       ], 
       [
        -3.765288636388469, 
        43.29235165731954
       ], 
       [
        -3.738814244007161, 
        43.30995800485627
       ], 
       [
        -3.708587995999626, 
        43.31700150051033
       ], 
       [
        -3.67369693399622, 
        43.302094172791776
       ], 
       [
        -3.647909999193147, 
        43.301396750614266
       ], 
       [
        -3.606959366961493, 
        43.33536936526162
       ], 
       [
        -3.573105872504341, 
        43.344044007831855
       ], 
       [
        -3.554947406974676, 
        43.31175426480535
       ], 
       [
        -3.505416954151217, 
        43.301610914172166
       ], 
       [
        -3.472393856505329, 
        43.303922103559955
       ], 
       [
        -3.472320518901835, 
        43.31515075439833
       ], 
       [
        -3.442951385366804, 
        43.35648971765761
       ], 
       [
        -3.430730036130431, 
        43.354051233297284
       ], 
       [
        -3.387721785114522, 
        43.36285817426843
       ], 
       [
        -3.370542263809886, 
        43.35666619814846
       ], 
       [
        -3.331805802367025, 
        43.38807473125905
       ], 
       [
        -3.297450736607606, 
        43.376382767832595
       ], 
       [
        -3.27868220366341, 
        43.358934863682514
       ], 
       [
        -3.277952050394672, 
        43.33684923867694
       ], 
       [
        -3.241063820458206, 
        43.32337250490077
       ], 
       [
        -3.223918056982644, 
        43.30920758722339
       ], 
       [
        -3.217070061841576, 
        43.28709717083419
       ], 
       [
        -3.26732153249083, 
        43.29533778457266
       ], 
       [
        -3.289809186816649, 
        43.290636786670525
       ], 
       [
        -3.293631094553606, 
        43.301027031020546
       ], 
       [
        -3.322374597201873, 
        43.29272868907453
       ], 
       [
        -3.338812627079597, 
        43.27830125589673
       ], 
       [
        -3.381677807496757, 
        43.270764682318536
       ], 
       [
        -3.390374285017038, 
        43.25290668273054
       ], 
       [
        -3.429055590136575, 
        43.24236806979239
       ], 
       [
        -3.442563471045689, 
        43.22144437997717
       ], 
       [
        -3.431639012663569, 
        43.207024987935505
       ], 
       [
        -3.432137935753219, 
        43.171320339086684
       ], 
       [
        -3.416332159468983, 
        43.13370395447516
       ], 
       [
        -3.443441137781836, 
        43.131810194956195
       ], 
       [
        -3.459029068974234, 
        43.13653014552842
       ], 
       [
        -3.485649771037048, 
        43.133538792024154
       ], 
       [
        -3.507119524250717, 
        43.1368583781893
       ], 
       [
        -3.542387222632537, 
        43.14843855673877
       ], 
       [
        -3.584260432072435, 
        43.154778684253436
       ], 
       [
        -3.602218617402908, 
        43.14991317329758
       ], 
       [
        -3.611123833822654, 
        43.16979293413977
       ], 
       [
        -3.648840873427983, 
        43.181282070236136
       ], 
       [
        -3.703345255638241, 
        43.11655066882174
       ], 
       [
        -3.727787992455379, 
        43.104718878887674
       ], 
       [
        -3.750720403169778, 
        43.10177930003051
       ], 
       [
        -3.766259067596397, 
        43.08057852769603
       ], 
       [
        -3.78894481982221, 
        43.078407333760055
       ], 
       [
        -3.808870767926261, 
        43.086930645874695
       ], 
       [
        -3.821922814391393, 
        43.08085858367953
       ], 
       [
        -3.845622606241079, 
        43.08467493322364
       ], 
       [
        -3.833164954039007, 
        43.05833776739538
       ], 
       [
        -3.860172216838103, 
        43.0436854920656
       ], 
       [
        -3.889709692322452, 
        43.04193787303636
       ], 
       [
        -3.907919468345818, 
        43.01637466559278
       ], 
       [
        -3.944121540718836, 
        43.00605050836201
       ], 
       [
        -3.974802486025633, 
        43.0088548856231
       ], 
       [
        -4.006553393625018, 
        42.989093867697235
       ], 
       [
        -4.041371160629698, 
        42.99676952260054
       ], 
       [
        -4.076067387863612, 
        42.99065853402129
       ], 
       [
        -4.087134949344138, 
        42.99850507646473
       ], 
       [
        -4.079352168677939, 
        43.01783972917525
       ], 
       [
        -4.099340138364741, 
        43.05207414003942
       ], 
       [
        -4.119532536572872, 
        43.062557805131306
       ], 
       [
        -4.119573325499825, 
        43.08234043014898
       ], 
       [
        -4.149229723333657, 
        43.06204728656604
       ], 
       [
        -4.153910561264468, 
        43.02482018879606
       ], 
       [
        -4.165604260924591, 
        42.97861582871681
       ], 
       [
        -4.183793169818201, 
        42.950568557060066
       ], 
       [
        -4.229026867758058, 
        42.95984387216882
       ], 
       [
        -4.237137077469584, 
        42.9546508225694
       ], 
       [
        -4.260872487987278, 
        42.965548620753935
       ], 
       [
        -4.300553450202401, 
        42.966887500442745
       ], 
       [
        -4.345968189236768, 
        42.97243154179437
       ], 
       [
        -4.371714789630954, 
        42.99593409286009
       ], 
       [
        -4.373001639592591, 
        43.00634599767889
       ], 
       [
        -4.40262574173008, 
        43.038412179312765
       ], 
       [
        -4.4305074024362, 
        43.04596397869797
       ], 
       [
        -4.446192662512701, 
        43.05881434360486
       ], 
       [
        -4.461738125881158, 
        43.06033665718144
       ], 
       [
        -4.472125871962225, 
        43.089531043362804
       ], 
       [
        -4.465815019993302, 
        43.113906037985906
       ], 
       [
        -4.48257653887333, 
        43.12345082346677
       ], 
       [
        -4.46299537252006, 
        43.14721336334897
       ], 
       [
        -4.51082966092587, 
        43.1725601126859
       ], 
       [
        -4.523752459395859, 
        43.19601597438421
       ], 
       [
        -4.526311939123588, 
        43.232025875670104
       ], 
       [
        -4.546407388571003, 
        43.26895226158172
       ]
      ]
     ], 
     [
      [
       [
        -3.303284977807107, 
        43.258960549110206
       ], 
       [
        -3.265633472139895, 
        43.267194131907615
       ], 
       [
        -3.248107018297248, 
        43.25993094089397
       ], 
       [
        -3.250813309775705, 
        43.246904690602584
       ], 
       [
        -3.267658441630469, 
        43.23439540945321
       ], 
       [
        -3.263878516859767, 
        43.206040198346756
       ], 
       [
        -3.282390227603329, 
        43.200323187730994
       ], 
       [
        -3.296589222079477, 
        43.20695056416831
       ], 
       [
        -3.291398455603449, 
        43.241378852161816
       ], 
       [
        -3.303284977807107, 
        43.258960549110206
       ]
      ]
     ]
    ]
   }, 
   "type": "Feature", 
   "properties": {
    "Nivel_PR": "2", 
    "N_avisos": 1, 
    "COD_Z": "663903", 
    "Av_mayor": 2, 
    "Identf_PRP2": [
     "", 
     "2.49.0.0.724.0.ES.20261007092938.663903PRP208011791365378"
    ], 
    "Avis_PRP2": [
     {
      "expires_local": "2026-10-08T02:59:59+02:00", 
      "code": "2PR-2NA-02PRP2-1791367200-663903", 
      "severity": "Naranja", 
      "parametro": "P2", 
      "cd_zona": "663903", 
      "certainty": "previsto", 
      "fenomeno": "PR", 
      "onset_local": "2026-10-07T12:00:00+02:00", 
      "nivel_num": 2, 
      "valor": "80 mm", 
      "descripcion": "Precipitación acumulada en 12 horas: 80 mm. Podrán acumularse 80 litros en el entorno de los Valles Pasiegos y en la cara norte de zonas altas de montaña.", 
      "prob": "40%-70%"
     }
    ], 
    "Nombre_zona": "Centro y valle de Villaverde", 
    "Nivel_PRP2": "2", 
    "Ordn_avisos": [
     "2PR-2NA-02PRP2-1791367200-663903"
    ]
   }
  }, 
  {
   "geometry": {
    "type": "Polygon", 
    "coordinates": [
     [
      [
       -6.357645381775444, 
       43.05987164171779
      ], 
      [
       -6.364850538939757, 
       43.07776606434469
      ], 
      [
       -6.361504215962944, 
       43.10279550354454
      ], 
      [
       -6.371997094201435, 
       43.1085998586141
      ], 
      [
       -6.375876255448873, 
       43.13599123224242
      ], 
      [
       -6.354418069894185, 
       43.151172789020684
      ], 
      [
       -6.350487468052142, 
       43.17508443202195
      ], 
      [
       -6.339710191869439, 
       43.189724492419806
      ], 
      [
       -6.299499075375693, 
       43.17537043234061
      ], 
      [
       -6.275594128641064, 
       43.17395124551405
      ], 
      [
       -6.265207418190434, 
       43.18679043460877
      ], 
      [
       -6.238949955747248, 
       43.197018364344366
      ], 
      [
       -6.209910623189653, 
       43.174806484980394
      ], 
      [
       -6.170490286565198, 
       43.19632699472918
      ], 
      [
       -6.144918416199275, 
       43.20447949816169
      ], 
      [
       -6.143162429548736, 
       43.21724989338027
      ], 
      [
       -6.125199110717634, 
       43.219615261588565
      ], 
      [
       -6.103206593342427, 
       43.23576375089
      ], 
      [
       -6.091717616079262, 
       43.226765404192435
      ], 
      [
       -6.097683184581306, 
       43.20769626832553
      ], 
      [
       -6.091300825055784, 
       43.189789756004174
      ], 
      [
       -6.067117007077752, 
       43.1725149531856
      ], 
      [
       -6.033266090426817, 
       43.17183360664658
      ], 
      [
       -6.019114103099629, 
       43.21861326587727
      ], 
      [
       -5.974137901719549, 
       43.235224738438305
      ], 
      [
       -5.977137130401133, 
       43.267199623295646
      ], 
      [
       -5.958702486468392, 
       43.27552951249507
      ], 
      [
       -5.94872893620067, 
       43.256051296777855
      ], 
      [
       -5.960630733193525, 
       43.24567752738622
      ], 
      [
       -5.933800922399728, 
       43.21788170085722
      ], 
      [
       -5.930962144066124, 
       43.20694299011951
      ], 
      [
       -5.894927937996521, 
       43.17063974913606
      ], 
      [
       -5.881523736163776, 
       43.167331875798375
      ], 
      [
       -5.857523555978067, 
       43.198403109343715
      ], 
      [
       -5.815470469051969, 
       43.20187761274142
      ], 
      [
       -5.796330542315127, 
       43.187842292571816
      ], 
      [
       -5.785755353198497, 
       43.1936738395189
      ], 
      [
       -5.770025904383564, 
       43.18138768498738
      ], 
      [
       -5.754004373366501, 
       43.19337169572015
      ], 
      [
       -5.719731736079239, 
       43.18893394996002
      ], 
      [
       -5.630126039522039, 
       43.193245454058655
      ], 
      [
       -5.624149567375752, 
       43.185882549676826
      ], 
      [
       -5.587876861882592, 
       43.174851181957905
      ], 
      [
       -5.580044393381496, 
       43.16735684686313
      ], 
      [
       -5.559755012552531, 
       43.17547523301062
      ], 
      [
       -5.534449904047549, 
       43.164504897526946
      ], 
      [
       -5.505021904625827, 
       43.16437005808524
      ], 
      [
       -5.500315209923169, 
       43.197922763841454
      ], 
      [
       -5.469045315963001, 
       43.24585485232768
      ], 
      [
       -5.464913724213146, 
       43.26983127512138
      ], 
      [
       -5.480128920730238, 
       43.2764531650527
      ], 
      [
       -5.479710095144389, 
       43.29010305585271
      ], 
      [
       -5.455539440277068, 
       43.3234707126412
      ], 
      [
       -5.418312744791686, 
       43.341308519694635
      ], 
      [
       -5.428215006999782, 
       43.38419954498586
      ], 
      [
       -5.381728047195332, 
       43.38587097970921
      ], 
      [
       -5.36474550397748, 
       43.407247303716396
      ], 
      [
       -5.33741693563688, 
       43.42845496701444
      ], 
      [
       -5.317546651594739, 
       43.41537204725229
      ], 
      [
       -5.280168990146881, 
       43.41332366355456
      ], 
      [
       -5.263127369224231, 
       43.43095852947781
      ], 
      [
       -5.228084719926827, 
       43.432493370044355
      ], 
      [
       -5.219617012340325, 
       43.43979808058606
      ], 
      [
       -5.183890793250541, 
       43.44105352600906
      ], 
      [
       -5.163293598269929, 
       43.43068574131618
      ], 
      [
       -5.162283261785245, 
       43.4200083888432
      ], 
      [
       -5.124856194943041, 
       43.43025426866398
      ], 
      [
       -5.08408461134923, 
       43.424792311001674
      ], 
      [
       -5.066214165980358, 
       43.41004436707181
      ], 
      [
       -5.029085881295532, 
       43.409944121224
      ], 
      [
       -5.010389837483198, 
       43.39545412972815
      ], 
      [
       -5.005267593920537, 
       43.37904001039451
      ], 
      [
       -4.982014940823007, 
       43.36588565353207
      ], 
      [
       -4.957173829710348, 
       43.366331629279415
      ], 
      [
       -4.925667350279939, 
       43.353108656718
      ], 
      [
       -4.863902070630291, 
       43.35803100231818
      ], 
      [
       -4.848903187608518, 
       43.365144554904845
      ], 
      [
       -4.819232518546904, 
       43.35515792672245
      ], 
      [
       -4.788371226552785, 
       43.353447845123306
      ], 
      [
       -4.776959548661787, 
       43.36238664024642
      ], 
      [
       -4.709824052088814, 
       43.36539121248415
      ], 
      [
       -4.693582954367923, 
       43.35918607708793
      ], 
      [
       -4.620567935104291, 
       43.34950246469419
      ], 
      [
       -4.597958871142643, 
       43.351171271647694
      ], 
      [
       -4.538089635352652, 
       43.34422177660077
      ], 
      [
       -4.517736858597568, 
       43.310188152140846
      ], 
      [
       -4.520348099910118, 
       43.280890024922236
      ], 
      [
       -4.546407388571003, 
       43.26895226158172
      ], 
      [
       -4.549509944905781, 
       43.284874634139044
      ], 
      [
       -4.597790811321593, 
       43.29913008290918
      ], 
      [
       -4.622537418699475, 
       43.288634002868335
      ], 
      [
       -4.634836568451701, 
       43.27107186253046
      ], 
      [
       -4.6585703568866, 
       43.26476036400601
      ], 
      [
       -4.70351493372833, 
       43.26555835920319
      ], 
      [
       -4.724330722525856, 
       43.25658441036981
      ], 
      [
       -4.720286269024367, 
       43.22975891088497
      ], 
      [
       -4.734703046123039, 
       43.20925471187868
      ], 
      [
       -4.732783459136435, 
       43.19014985407927
      ], 
      [
       -4.744433077825625, 
       43.18439014456305
      ], 
      [
       -4.777233715108298, 
       43.1923131146125
      ], 
      [
       -4.817665608661317, 
       43.179233871107016
      ], 
      [
       -4.839645415066653, 
       43.18105245966811
      ], 
      [
       -4.837823175131693, 
       43.19003193243562
      ], 
      [
       -4.860308038348312, 
       43.205893935738814
      ], 
      [
       -4.858776163539088, 
       43.21867773480609
      ], 
      [
       -4.89219530532859, 
       43.23874911564097
      ], 
      [
       -4.91808355273374, 
       43.22778301417073
      ], 
      [
       -4.940880523892358, 
       43.22521937760907
      ], 
      [
       -4.962531590787441, 
       43.212712315656425
      ], 
      [
       -4.995073134170881, 
       43.18606426601167
      ], 
      [
       -5.074902484216179, 
       43.1811861747949
      ], 
      [
       -5.077063845513849, 
       43.16074356040284
      ], 
      [
       -5.093429361261614, 
       43.14365240819312
      ], 
      [
       -5.089674273721051, 
       43.129800615998924
      ], 
      [
       -5.100344575831043, 
       43.1021243275708
      ], 
      [
       -5.139285923088732, 
       43.10319445001659
      ], 
      [
       -5.146409577120457, 
       43.115396737897015
      ], 
      [
       -5.166524508984155, 
       43.10271775456463
      ], 
      [
       -5.187208651337396, 
       43.10004601923504
      ], 
      [
       -5.218795585847062, 
       43.083932396327626
      ], 
      [
       -5.267106718721089, 
       43.08783825607115
      ], 
      [
       -5.280723478066287, 
       43.07770796123365
      ], 
      [
       -5.310099703165104, 
       43.084438794098
      ], 
      [
       -5.340047148901157, 
       43.084064098887936
      ], 
      [
       -5.343416735880871, 
       43.094466923794705
      ], 
      [
       -5.367734321352947, 
       43.09485747489664
      ], 
      [
       -5.38170203534951, 
       43.087517220065024
      ], 
      [
       -5.389049479938398, 
       43.04961858301548
      ], 
      [
       -5.446773853703152, 
       43.05569164265524
      ], 
      [
       -5.480109393253957, 
       43.04105324079255
      ], 
      [
       -5.492347520780552, 
       43.02163538705687
      ], 
      [
       -5.50459663339459, 
       43.028922301018866
      ], 
      [
       -5.539003828746679, 
       43.01863729767083
      ], 
      [
       -5.568735358387865, 
       43.02301574066579
      ], 
      [
       -5.573194371822554, 
       43.03251389395998
      ], 
      [
       -5.641716788109158, 
       43.0381729451123
      ], 
      [
       -5.670430747681758, 
       43.053227134887706
      ], 
      [
       -5.691936998315303, 
       43.05676571991302
      ], 
      [
       -5.72696261281059, 
       43.04279900669428
      ], 
      [
       -5.734330588280405, 
       43.023516531424605
      ], 
      [
       -5.765097724432166, 
       42.98637341959001
      ], 
      [
       -5.762445083514311, 
       42.97041926644181
      ], 
      [
       -5.805702677215475, 
       42.965287458757224
      ], 
      [
       -5.84890882673299, 
       42.96769496233006
      ], 
      [
       -5.862492668679688, 
       42.98167219218907
      ], 
      [
       -5.887731110460941, 
       42.97931793992217
      ], 
      [
       -5.932264583604465, 
       43.01115729715623
      ], 
      [
       -5.955321417536335, 
       43.01888337275897
      ], 
      [
       -5.968822158149728, 
       43.0415836442579
      ], 
      [
       -5.97271500398731, 
       43.0652347213164
      ], 
      [
       -6.018786864165198, 
       43.05516779197262
      ], 
      [
       -6.050809089678583, 
       43.06830075780982
      ], 
      [
       -6.065849071479451, 
       43.06600763867114
      ], 
      [
       -6.080447921352333, 
       43.07600560161632
      ], 
      [
       -6.090420841593243, 
       43.067209866580136
      ], 
      [
       -6.095471272324855, 
       43.03093194897325
      ], 
      [
       -6.135235839381101, 
       43.02128584120829
      ], 
      [
       -6.146977454996494, 
       43.03348755753304
      ], 
      [
       -6.184657174522216, 
       43.049839482847595
      ], 
      [
       -6.212460937805249, 
       43.046954716508715
      ], 
      [
       -6.225372993369143, 
       43.009207575897236
      ], 
      [
       -6.263247260366241, 
       43.017091572381375
      ], 
      [
       -6.283752173394265, 
       43.036663788818714
      ], 
      [
       -6.293727750101413, 
       43.02720203737228
      ], 
      [
       -6.325052430486785, 
       43.031625435819834
      ], 
      [
       -6.331715366677512, 
       43.04678271341804
      ], 
      [
       -6.357645381775444, 
       43.05987164171779
      ]
     ]
    ]
   }, 
   "type": "Feature", 
   "properties": {
    "Nivel_PR": "2", 
    "N_avisos": 1, 
    "COD_Z": "633305", 
    "Av_mayor": 2, 
    "Identf_PRP2": [
     "", 
     "2.49.0.0.724.0.ES.20261007092907.633305PRP208011791365347"
    ], 
    "Avis_PRP2": [
     {
      "expires_local": "2026-10-08T02:59:59+02:00", 
      "code": "2PR-2NA-02PRP2-1791363600-633305", 
      "severity": "Naranja", 
      "parametro": "P2", 
      "cd_zona": "633305", 
      "certainty": "previsto", 
      "fenomeno": "PR", 
      "onset_local": "2026-10-07T11:00:00+02:00", 
      "nivel_num": 2, 
      "valor": "80 mm", 
      "descripcion": "Precipitación acumulada en 12 horas: 80 mm. Podrán acumularse entre 60 y 80 litros en la cara norte de la cordillera y más de 80 litros en Picos de Europa.", 
      "prob": "40%-70%"
     }
    ], 
    "Nombre_zona": "Cordillera y Picos de Europa", 
    "Nivel_PRP2": "2", 
    "Ordn_avisos": [
     "2PR-2NA-02PRP2-1791363600-633305"
    ]
   }
  }, 
  {
   "geometry": {
    "type": "Polygon", 
    "coordinates": [
     [
      [
       -1.94625242503434, 
       43.0978050722523
      ], 
      [
       -1.915068749800072, 
       43.12828203860279
      ], 
      [
       -1.919644301884343, 
       43.17283434203578
      ], 
      [
       -1.920772861514404, 
       43.18699091844124
      ], 
      [
       -1.901679260753536, 
       43.211436157849526
      ], 
      [
       -1.872593589378894, 
       43.220580739100285
      ], 
      [
       -1.86195414085955, 
       43.21603624246199
      ], 
      [
       -1.82427436552819, 
       43.228576363468356
      ], 
      [
       -1.817990515524118, 
       43.23896559909794
      ], 
      [
       -1.793701029536624, 
       43.24720305520361
      ], 
      [
       -1.792637121349828, 
       43.27673479889527
      ], 
      [
       -1.78196775047133, 
       43.287093584329085
      ], 
      [
       -1.727627030886819, 
       43.2964065615173
      ], 
      [
       -1.693414472250448, 
       43.31212027265056
      ], 
      [
       -1.666740521484611, 
       43.31506290762657
      ], 
      [
       -1.624487286550743, 
       43.307143072114975
      ], 
      [
       -1.628950626147863, 
       43.285199480861266
      ], 
      [
       -1.615946978896202, 
       43.258039240154986
      ], 
      [
       -1.573503509675963, 
       43.250737556077574
      ], 
      [
       -1.550140365706777, 
       43.29258337338224
      ], 
      [
       -1.502695604724014, 
       43.29255729465762
      ], 
      [
       -1.490085238045345, 
       43.28160451891673
      ], 
      [
       -1.437071057167704, 
       43.266944839165895
      ], 
      [
       -1.412394270868041, 
       43.27393431370189
      ], 
      [
       -1.38306537901006, 
       43.2539393519122
      ], 
      [
       -1.381313788184748, 
       43.18935433765126
      ], 
      [
       -1.400627619601008, 
       43.17875787342684
      ], 
      [
       -1.413173825663762, 
       43.148011812729294
      ], 
      [
       -1.413723893959201, 
       43.129119317516235
      ], 
      [
       -1.426079806046552, 
       43.11710706917422
      ], 
      [
       -1.470092496172601, 
       43.09205056738122
      ], 
      [
       -1.470985589543143, 
       43.08183346424901
      ], 
      [
       -1.445846732257124, 
       43.053364798474874
      ], 
      [
       -1.469073855562835, 
       43.034768493267336
      ], 
      [
       -1.490905141117286, 
       43.037507737673586
      ], 
      [
       -1.493150214480658, 
       43.056617869520636
      ], 
      [
       -1.516990043930955, 
       43.064529144464466
      ], 
      [
       -1.530115665220739, 
       43.04407820897586
      ], 
      [
       -1.553863013695997, 
       43.04024773260749
      ], 
      [
       -1.569741268882001, 
       43.04371595519614
      ], 
      [
       -1.630218892681469, 
       43.04029582939892
      ], 
      [
       -1.645109939427149, 
       43.053115503854855
      ], 
      [
       -1.669272730505788, 
       43.058864822882846
      ], 
      [
       -1.712003578902246, 
       43.05254636653173
      ], 
      [
       -1.771895262685297, 
       43.062542579395256
      ], 
      [
       -1.796977381634449, 
       43.05662290130781
      ], 
      [
       -1.827024459747527, 
       43.06438163689446
      ], 
      [
       -1.864915163276091, 
       43.08080090318307
      ], 
      [
       -1.875661963507623, 
       43.05604539809536
      ], 
      [
       -1.906202806216595, 
       43.05108272415037
      ], 
      [
       -1.928480879113052, 
       43.059244564855426
      ], 
      [
       -1.933969421236611, 
       43.08903792687802
      ], 
      [
       -1.94625242503434, 
       43.0978050722523
      ]
     ]
    ]
   }, 
   "type": "Feature", 
   "properties": {
    "Nivel_PR": "3", 
    "N_avisos": 1, 
    "COD_Z": "743101", 
    "Av_mayor": 3, 
    "Identf_PRP2": [
     "2.49.0.0.724.0.ES.20261007092938.743101PRP208041791365378", 
     ""
    ], 
    "Avis_PRP2": [
     {
      "expires_local": "2026-10-08T05:59:59+02:00", 
      "code": "2PR-3AM-02PRP2-1791367200-743101", 
      "severity": "Amarillo", 
      "parametro": "P2", 
      "cd_zona": "743101", 
      "certainty": "previsto", 
      "fenomeno": "PR", 
      "onset_local": "2026-10-07T12:00:00+02:00", 
      "nivel_num": 3, 
      "valor": "40 mm", 
      "descripcion": "Precipitación acumulada en 12 horas: 40 mm.", 
      "prob": "40%-70%"
     }
    ], 
    "Nombre_zona": "Vertiente cantábrica de Navarra", 
    "Nivel_PRP2": "3", 
    "Ordn_avisos": [
     "2PR-3AM-02PRP2-1791367200-743101"
    ]
   }
  }, 
  {
   "geometry": {
    "type": "Polygon", 
    "coordinates": [
     [
      [
       2.850717207647832, 
       42.3794342748447
      ], 
      [
       2.894934485370713, 
       42.384218402836126
      ], 
      [
       2.918687845156965, 
       42.39932777971815
      ], 
      [
       2.908814487932507, 
       42.412098863610986
      ], 
      [
       2.902630499939529, 
       42.436479425397174
      ], 
      [
       2.921157527856974, 
       42.45083189319504
      ], 
      [
       2.947811616130253, 
       42.429436878560956
      ], 
      [
       2.988993831568168, 
       42.4500761987861
      ], 
      [
       2.981575127546016, 
       42.46797259152795
      ], 
      [
       2.989713160939874, 
       42.47424302622166
      ], 
      [
       3.014346534021726, 
       42.466638400267996
      ], 
      [
       3.034477438221497, 
       42.475063701632116
      ], 
      [
       3.048294536037615, 
       42.457365342831814
      ], 
      [
       3.086972993391111, 
       42.42608330193881
      ], 
      [
       3.108968564667821, 
       42.43423395717227
      ], 
      [
       3.175783197246252, 
       42.435680341975946
      ], 
      [
       3.171950006422561, 
       42.415995416560285
      ], 
      [
       3.156176264679809, 
       42.37905139741862
      ], 
      [
       3.164037472880288, 
       42.3608142905846
      ], 
      [
       3.189260683242976, 
       42.352222346478094
      ], 
      [
       3.199087906650205, 
       42.33510053960062
      ], 
      [
       3.216038740349082, 
       42.34960690659257
      ], 
      [
       3.239430766372375, 
       42.349330419293935
      ], 
      [
       3.242411058474765, 
       42.33779938354657
      ], 
      [
       3.268811351972768, 
       42.34072773816703
      ], 
      [
       3.309032251463918, 
       42.3270817521545
      ], 
      [
       3.303702515789549, 
       42.308276329547425
      ], 
      [
       3.292031963666492, 
       42.30749774699677
      ], 
      [
       3.288741539967442, 
       42.265456049069655
      ], 
      [
       3.282428709105792, 
       42.25415633260183
      ], 
      [
       3.23213823075297, 
       42.24535385503731
      ], 
      [
       3.220088513945284, 
       42.23261715663812
      ], 
      [
       3.18232671129598, 
       42.25761027780726
      ], 
      [
       3.162752890003275, 
       42.26424846272922
      ], 
      [
       3.13968817188577, 
       42.25101659368455
      ], 
      [
       3.118321442145595, 
       42.2228372229003
      ], 
      [
       3.11264990894991, 
       42.20415745189329
      ], 
      [
       3.113191568834922, 
       42.172840699222164
      ], 
      [
       3.125217242702377, 
       42.128325649145005
      ], 
      [
       3.137866087867716, 
       42.12683701937359
      ], 
      [
       3.184716194256445, 
       42.104005403167456
      ], 
      [
       3.214803215230657, 
       42.06160840725341
      ], 
      [
       3.199115263451745, 
       42.04864381074216
      ], 
      [
       3.195976705245351, 
       42.028723912725305
      ], 
      [
       3.200940367059836, 
       41.99544851130084
      ], 
      [
       3.214721452592452, 
       41.97458337221866
      ], 
      [
       3.232452484451533, 
       41.96977498771974
      ], 
      [
       3.234296650738604, 
       41.95016967690259
      ], 
      [
       3.219793639588294, 
       41.94277762132379
      ], 
      [
       3.208400738158145, 
       41.917519185222915
      ], 
      [
       3.204125112443205, 
       41.89200871771296
      ], 
      [
       3.184616911743912, 
       41.88834866448963
      ], 
      [
       3.173392019761114, 
       41.86405846918253
      ], 
      [
       3.146726827758028, 
       41.85886054052435
      ], 
      [
       3.145971385605563, 
       41.849873166718126
      ], 
      [
       3.115484183901735, 
       41.84931052805003
      ], 
      [
       3.098010493212545, 
       41.84268226097762
      ], 
      [
       3.086272661110857, 
       41.826340213079945
      ], 
      [
       3.082073313602626, 
       41.824826281063345
      ], 
      [
       3.063307647808232, 
       41.843959336706796
      ], 
      [
       3.034402074091144, 
       41.84864672474698
      ], 
      [
       3.024074739899159, 
       41.869371493571485
      ], 
      [
       2.987099742120129, 
       41.885138041633034
      ], 
      [
       2.956505960618205, 
       41.88477247591763
      ], 
      [
       2.940958989728721, 
       41.89478907772887
      ], 
      [
       2.887117384718295, 
       41.90967874840201
      ], 
      [
       2.903243704069285, 
       41.91935252665678
      ], 
      [
       2.899016583286803, 
       41.93320765638204
      ], 
      [
       2.936784505346204, 
       41.94020143004428
      ], 
      [
       2.949452211435794, 
       41.9623886953263
      ], 
      [
       2.932933974580174, 
       41.970726702459984
      ], 
      [
       2.905976448904199, 
       41.97177959834348
      ], 
      [
       2.897355409705221, 
       41.98784179095803
      ], 
      [
       2.901294272069108, 
       42.03214158027956
      ], 
      [
       2.884115055764105, 
       42.05354994875624
      ], 
      [
       2.885408626184338, 
       42.066076389000045
      ], 
      [
       2.858040109425617, 
       42.07870641685536
      ], 
      [
       2.843675053959488, 
       42.09735434071072
      ], 
      [
       2.840029279174327, 
       42.13978466007328
      ], 
      [
       2.824967406878808, 
       42.1510487619913
      ], 
      [
       2.803086244700128, 
       42.1459233320426
      ], 
      [
       2.810279691385394, 
       42.1665766496228
      ], 
      [
       2.847108579852728, 
       42.16340284214071
      ], 
      [
       2.862157970950609, 
       42.19667575615755
      ], 
      [
       2.843001287300215, 
       42.20735114941825
      ], 
      [
       2.834998956559952, 
       42.23737490774842
      ], 
      [
       2.806833613221542, 
       42.233408294251824
      ], 
      [
       2.780404375954585, 
       42.26608241668453
      ], 
      [
       2.798487561008232, 
       42.28125227819258
      ], 
      [
       2.785653441610907, 
       42.30636902909627
      ], 
      [
       2.806601400257334, 
       42.312732886807936
      ], 
      [
       2.828015528690661, 
       42.3415008890224
      ], 
      [
       2.89564597632722, 
       42.34911206527767
      ], 
      [
       2.887542699922368, 
       42.36132182434954
      ], 
      [
       2.859486349083367, 
       42.36528458731978
      ], 
      [
       2.850717207647832, 
       42.3794342748447
      ]
     ]
    ]
   }, 
   "type": "Feature", 
   "properties": {
    "N_avisos": 1, 
    "COD_Z": "691703", 
    "Avis_VIRM": [
     {
      "expires_local": "2026-10-08T23:59:59+02:00", 
      "code": "2PR-3AM-06VIRM-1791453600-691703", 
      "severity": "Amarillo", 
      "parametro": "RM", 
      "cd_zona": "691703", 
      "certainty": "previsto", 
      "fenomeno": "VI", 
      "onset_local": "2026-10-08T12:00:00+02:00", 
      "nivel_num": 3, 
      "valor": "80 km/h", 
      "descripcion": "Rachas máximas: 80 km/h. Viento del noroeste. El umbral se alcanzará en zonas expuestas del litoral.", 
      "prob": "40%-70%"
     }
    ], 
    "Identf_VIRM": [
     "", 
     "2.49.0.0.724.0.ES.20261007092432.691703VIRM08221791365072"
    ], 
    "Av_mayor": 3, 
    "Nombre_zona": "Ampurdán", 
    "Ordn_avisos": [
     "2PR-3AM-06VIRM-1791453600-691703"
    ], 
    "Nivel_VIRM": "3"
   }
  }, 
  {
   "geometry": {
    "type": "Polygon", 
    "coordinates": [
     [
      [
       3.831360128022526, 
       39.97145854446977
      ], 
      [
       3.826427210470649, 
       39.996467767508626
      ], 
      [
       3.795923696315386, 
       40.00046519867328
      ], 
      [
       3.793566243831407, 
       40.02045506921205
      ], 
      [
       3.819935255530015, 
       40.04031715862857
      ], 
      [
       3.822660094446648, 
       40.05052335119432
      ], 
      [
       3.883113546207726, 
       40.05847491529487
      ], 
      [
       3.942382585964486, 
       40.05689982849731
      ], 
      [
       3.959580304129579, 
       40.061794792018475
      ], 
      [
       3.979481028276378, 
       40.05138479652403
      ], 
      [
       4.022808301922438, 
       40.059893414804684
      ], 
      [
       4.033217292990988, 
       40.065936274966724
      ], 
      [
       4.049399279424795, 
       40.05297980715426
      ], 
      [
       4.07795988305642, 
       40.060564529392266
      ], 
      [
       4.085475502743022, 
       40.07534135606005
      ], 
      [
       4.101975078492025, 
       40.054924089850246
      ], 
      [
       4.131425103162904, 
       40.0556311899564
      ], 
      [
       4.121057026869154, 
       40.0360560683947
      ], 
      [
       4.14185542459894, 
       40.03572681619271
      ], 
      [
       4.137340577640527, 
       40.06731211772563
      ], 
      [
       4.156563363771487, 
       40.068247935997604
      ], 
      [
       4.165664925997604, 
       40.058057526372224
      ], 
      [
       4.169625300320487, 
       40.027737999680866
      ], 
      [
       4.194346658988747, 
       40.02404431973719
      ], 
      [
       4.225775459088047, 
       39.998508563313194
      ], 
      [
       4.256639933567299, 
       39.99968247882007
      ], 
      [
       4.26268088885862, 
       39.9651388432208
      ], 
      [
       4.279453669881259, 
       39.946017625261405
      ], 
      [
       4.275445732362079, 
       39.93378225825376
      ], 
      [
       4.313041917998484, 
       39.88572177292749
      ], 
      [
       4.300790591291161, 
       39.83335363186803
      ], 
      [
       4.288704543397044, 
       39.815064393986084
      ], 
      [
       4.270362511741297, 
       39.809347526732374
      ], 
      [
       4.232635503680789, 
       39.81944862294717
      ], 
      [
       4.175876235641732, 
       39.843399239609056
      ], 
      [
       4.144048156595628, 
       39.862249871545856
      ], 
      [
       4.098675712604329, 
       39.879094675956324
      ], 
      [
       4.079245976663601, 
       39.89658415537849
      ], 
      [
       4.019709079766007, 
       39.92259252429274
      ], 
      [
       3.937914095313725, 
       39.938635065534164
      ], 
      [
       3.912894507433046, 
       39.9256900617062
      ], 
      [
       3.855284371051183, 
       39.921759777368784
      ], 
      [
       3.821869420184256, 
       39.925974620335325
      ], 
      [
       3.831360128022526, 
       39.97145854446977
      ]
     ]
    ]
   }, 
   "type": "Feature", 
   "properties": {
    "Nivel_PR": "3", 
    "N_avisos": 2, 
    "Nivel_TOTO": "3", 
    "COD_Z": "645501", 
    "Identf_PRP1": [
     "", 
     "2.49.0.0.724.0.ES.20261007090614.645501PRP108191791363974"
    ], 
    "Av_mayor": 3, 
    "Identf_TOTO": [
     "", 
     "2.49.0.0.724.0.ES.20261007090614.645501TOTO08191791363974"
    ], 
    "Avis_PRP1": [
     {
      "expires_local": "2026-10-08T20:59:59+02:00", 
      "code": "2PR-3AM-01PRP1-1791453600-645501", 
      "severity": "Amarillo", 
      "parametro": "P1", 
      "cd_zona": "645501", 
      "certainty": "previsto", 
      "fenomeno": "PR", 
      "onset_local": "2026-10-08T12:00:00+02:00", 
      "nivel_num": 3, 
      "valor": "20 mm", 
      "descripcion": "Precipitación acumulada en una hora: 20 mm.", 
      "prob": "40%-70%"
     }
    ], 
    "Nombre_zona": "Menorca", 
    "Nivel_PRP1": "3", 
    "Ordn_avisos": [
     "2PR-3AM-01PRP1-1791453600-645501", 
     "2PR-3AM-07TOTO-1791453600-645501"
    ], 
    "Avis_TOTO": [
     {
      "expires_local": "2026-10-08T20:59:59+02:00", 
      "code": "2PR-3AM-07TOTO-1791453600-645501", 
      "severity": "Amarillo", 
      "parametro": "TO", 
      "cd_zona": "645501", 
      "certainty": "previsto", 
      "fenomeno": "TO", 
      "onset_local": "2026-10-08T12:00:00+02:00", 
      "nivel_num": 3, 
      "valor": "", 
      "descripcion": "Pueden ir acompañas de granizo.", 
      "prob": "40%-70%"
     }
    ]
   }
  }, 
  {
   "geometry": {
    "type": "Polygon", 
    "coordinates": [
     [
      [
       0.734399554322187, 
       40.640308699524084
      ], 
      [
       0.736666823011185, 
       40.64082182608277
      ], 
      [
       0.747136871474016, 
       40.63651965363344
      ], 
      [
       0.712539913216221, 
       40.592466384077355
      ], 
      [
       0.673551692204818, 
       40.59370563608575
      ], 
      [
       0.651336648591862, 
       40.585810479789075
      ], 
      [
       0.599031340175684, 
       40.574828000920434
      ], 
      [
       0.610227025990529, 
       40.559447454242296
      ], 
      [
       0.65104299969501, 
       40.55546132191296
      ], 
      [
       0.681289412124061, 
       40.56464966877626
      ], 
      [
       0.709197642852862, 
       40.58522528742295
      ], 
      [
       0.751199107234354, 
       40.635387967286874
      ], 
      [
       0.769213167421963, 
       40.648164770243525
      ], 
      [
       0.842588169845539, 
       40.676136078635075
      ], 
      [
       0.877673195784174, 
       40.70165304361671
      ], 
      [
       0.888666556093036, 
       40.719743503355495
      ], 
      [
       0.875324296484753, 
       40.734358197567765
      ], 
      [
       0.86478495642443, 
       40.72184354202826
      ], 
      [
       0.828988020672423, 
       40.7360060222804
      ], 
      [
       0.782081017832905, 
       40.775008306201144
      ], 
      [
       0.763681600599112, 
       40.76217464425693
      ], 
      [
       0.729783638439996, 
       40.77061618128614
      ], 
      [
       0.710494018587541, 
       40.786251030376086
      ], 
      [
       0.700839221853448, 
       40.80417624565644
      ], 
      [
       0.729983447137581, 
       40.81815846646287
      ], 
      [
       0.753095334987016, 
       40.84645023833075
      ], 
      [
       0.79348613645024, 
       40.86700104097945
      ], 
      [
       0.858900814631335, 
       40.93499613543125
      ], 
      [
       0.918524900410932, 
       40.988381127658705
      ], 
      [
       0.967606140782954, 
       41.02875257424696
      ], 
      [
       0.990437975148758, 
       41.04193860065209
      ], 
      [
       1.004952302634858, 
       41.04337935890015
      ], 
      [
       1.051941910261324, 
       41.06482230744912
      ], 
      [
       1.085325325802643, 
       41.0640378702214
      ], 
      [
       1.118879626911933, 
       41.074187220682866
      ], 
      [
       1.332179035381998, 
       40.764786278826925
      ], 
      [
       1.310728348682103, 
       40.751414746226246
      ], 
      [
       1.315051996474769, 
       40.68779808284437
      ], 
      [
       1.303401266535607, 
       40.62471670885213
      ], 
      [
       1.276244508655578, 
       40.56447027861868
      ], 
      [
       1.234608065533769, 
       40.509249479911276
      ], 
      [
       1.180034056069901, 
       40.461057733634526
      ], 
      [
       1.114521302253698, 
       40.42164021215293
      ], 
      [
       1.071215429854732, 
       40.40033089883925
      ], 
      [
       1.042431194685819, 
       40.371249530671896
      ], 
      [
       1.01049728970025, 
       40.34572031530584
      ], 
      [
       0.910321527310226, 
       40.383210290680594
      ], 
      [
       0.550437130346159, 
       40.51591364534921
      ], 
      [
       0.516346493521146, 
       40.52326072632791
      ], 
      [
       0.539429213765425, 
       40.56780107293233
      ], 
      [
       0.603785309323274, 
       40.62240142057493
      ], 
      [
       0.664378241553634, 
       40.62686826908806
      ], 
      [
       0.704798466643601, 
       40.63897728854831
      ], 
      [
       0.734399554322187, 
       40.640308699524084
      ]
     ]
    ]
   }, 
   "type": "Feature", 
   "properties": {
    "Avis_COCO": [
     {
      "expires_local": "2026-10-08T23:59:59+02:00", 
      "code": "2PR-3AM-10COCO-1791439200-694304C", 
      "severity": "Amarillo", 
      "parametro": "CO", 
      "cd_zona": "694304C", 
      "certainty": "previsto", 
      "fenomeno": "CO", 
      "onset_local": "2026-10-08T08:00:00+02:00", 
      "nivel_num": 3, 
      "valor": "", 
      "descripcion": "Viento del noroeste de 50 a 60 km/h (fuerza 7).", 
      "prob": "40%-70%"
     }
    ], 
    "N_avisos": 1, 
    "Provincia": "Tarragona", 
    "Nivel_COCO": "3", 
    "COD_Z": "694304C", 
    "Av_mayor": 3, 
    "Identf_COCO": [
     "", 
     "2.49.0.0.724.0.ES.20261007092432.694304COCO08221791365072"
    ], 
    "Nombre_zona": "Litoral sur de Tarragona - Costa", 
    "Ordn_avisos": [
     "2PR-3AM-10COCO-1791439200-694304C"
    ]
   }
  }, 
  {
   "geometry": {
    "type": "Polygon", 
    "coordinates": [
     [
      [
       2.77799277865842, 
       41.73578505179817
      ], 
      [
       2.809498274523081, 
       41.74463281702754
      ], 
      [
       2.849994186421508, 
       41.76247328364072
      ], 
      [
       2.870949289774472, 
       41.746170234473546
      ], 
      [
       2.887358329468093, 
       41.7565524065921
      ], 
      [
       2.854998988553561, 
       41.79241735082774
      ], 
      [
       2.850804070445769, 
       41.819726244065855
      ], 
      [
       2.863213341761981, 
       41.84893109446724
      ], 
      [
       2.88840799327799, 
       41.86067167041455
      ], 
      [
       2.917932886267526, 
       41.8600218559188
      ], 
      [
       2.944300136770658, 
       41.86530727391981
      ], 
      [
       2.956505960618205, 
       41.88477247591763
      ], 
      [
       2.987099742120129, 
       41.885138041633034
      ], 
      [
       3.024074739899159, 
       41.869371493571485
      ], 
      [
       3.034402074091144, 
       41.84864672474698
      ], 
      [
       3.063307647808232, 
       41.843959336706796
      ], 
      [
       3.082073313602626, 
       41.824826281063345
      ], 
      [
       3.066508618259802, 
       41.80051243413485
      ], 
      [
       3.030545181372171, 
       41.779847209583785
      ], 
      [
       2.972557070473235, 
       41.75348957069878
      ], 
      [
       2.954825624775968, 
       41.73131597738271
      ], 
      [
       2.913299210607874, 
       41.708102422203694
      ], 
      [
       2.888299863819823, 
       41.70152344883903
      ], 
      [
       2.854415933790484, 
       41.70006519376004
      ], 
      [
       2.817866231081555, 
       41.686778243706705
      ], 
      [
       2.794120100176215, 
       41.67391256856941
      ], 
      [
       2.779505115009547, 
       41.64912244170018
      ], 
      [
       2.759003259805408, 
       41.679428261483004
      ], 
      [
       2.775426265900593, 
       41.70053824325982
      ], 
      [
       2.76697051600381, 
       41.72598880971846
      ], 
      [
       2.77799277865842, 
       41.73578505179817
      ]
     ]
    ]
   }, 
   "type": "Feature", 
   "properties": {
    "Nivel_PR": "3", 
    "N_avisos": 2, 
    "Nivel_TOTO": "3", 
    "COD_Z": "691704", 
    "Identf_PRP1": [
     "", 
     "2.49.0.0.724.0.ES.20261007092432.691704PRP108181791365072"
    ], 
    "Av_mayor": 3, 
    "Identf_TOTO": [
     "", 
     "2.49.0.0.724.0.ES.20261007092432.691704TOTO08181791365072"
    ], 
    "Avis_PRP1": [
     {
      "expires_local": "2026-10-08T19:59:59+02:00", 
      "code": "2PR-3AM-01PRP1-1791446400-691704", 
      "severity": "Amarillo", 
      "parametro": "P1", 
      "cd_zona": "691704", 
      "certainty": "previsto", 
      "fenomeno": "PR", 
      "onset_local": "2026-10-08T10:00:00+02:00", 
      "nivel_num": 3, 
      "valor": "20 mm", 
      "descripcion": "Precipitación acumulada en una hora: 20 mm.", 
      "prob": "40%-70%"
     }
    ], 
    "Nombre_zona": "Litoral sur de Girona", 
    "Nivel_PRP1": "3", 
    "Ordn_avisos": [
     "2PR-3AM-01PRP1-1791446400-691704", 
     "2PR-3AM-07TOTO-1791446400-691704"
    ], 
    "Avis_TOTO": [
     {
      "expires_local": "2026-10-08T19:59:59+02:00", 
      "code": "2PR-3AM-07TOTO-1791446400-691704", 
      "severity": "Amarillo", 
      "parametro": "TO", 
      "cd_zona": "691704", 
      "certainty": "previsto", 
      "fenomeno": "TO", 
      "onset_local": "2026-10-08T10:00:00+02:00", 
      "nivel_num": 3, 
      "valor": "", 
      "descripcion": "Pueden venir acompañadas de granizo inferior a 2 cm.", 
      "prob": "40%-70%"
     }
    ]
   }
  }, 
  {
   "geometry": {
    "type": "Polygon", 
    "coordinates": [
     [
      [
       1.596140442569112, 
       41.3096517851911
      ], 
      [
       1.634395893911326, 
       41.3138049112509
      ], 
      [
       1.643320772385332, 
       41.312355003228674
      ], 
      [
       1.646524696651424, 
       41.295622728115184
      ], 
      [
       1.67191208871237, 
       41.285193157881594
      ], 
      [
       1.685166520458864, 
       41.28875892409741
      ], 
      [
       1.703676413781043, 
       41.32450276524682
      ], 
      [
       1.739187804531724, 
       41.34904478995114
      ], 
      [
       1.764379166651373, 
       41.33979117159183
      ], 
      [
       1.790857029682651, 
       41.32310463656831
      ], 
      [
       1.809407973897197, 
       41.323796726283824
      ], 
      [
       1.841756371716058, 
       41.31615300306607
      ], 
      [
       1.8621729741189, 
       41.334053132699395
      ], 
      [
       1.899053679363437, 
       41.35512845571401
      ], 
      [
       1.889588401523585, 
       41.37071137902592
      ], 
      [
       1.871733417499409, 
       41.38095088519627
      ], 
      [
       1.882150163603294, 
       41.412100572290335
      ], 
      [
       1.898627643853022, 
       41.428738598879946
      ], 
      [
       1.924112106474898, 
       41.431483333785295
      ], 
      [
       1.966135265955516, 
       41.44319511067024
      ], 
      [
       1.980063390176067, 
       41.441178023179475
      ], 
      [
       2.00210004894843, 
       41.45637989276555
      ], 
      [
       2.016697034808938, 
       41.4591277261562
      ], 
      [
       2.033909364490514, 
       41.442024546927115
      ], 
      [
       2.062522255340189, 
       41.44532116754234
      ], 
      [
       2.089309751852938, 
       41.42848919093642
      ], 
      [
       2.121860891031195, 
       41.42609551905853
      ], 
      [
       2.135703213495565, 
       41.44777661982533
      ], 
      [
       2.165355423174001, 
       41.45020857265821
      ], 
      [
       2.179789338190155, 
       41.46824734743848
      ], 
      [
       2.212469251243868, 
       41.47143041457286
      ], 
      [
       2.226007498192684, 
       41.49253767279448
      ], 
      [
       2.248097397931433, 
       41.488972324435316
      ], 
      [
       2.283033100350837, 
       41.51423186690675
      ], 
      [
       2.273674714289534, 
       41.523746119169154
      ], 
      [
       2.285281702614452, 
       41.54501574631199
      ], 
      [
       2.317423283176147, 
       41.53352803306667
      ], 
      [
       2.336388811775269, 
       41.54413401522227
      ], 
      [
       2.343410499514966, 
       41.56139763023904
      ], 
      [
       2.395320364271935, 
       41.60891111800686
      ], 
      [
       2.422745542623302, 
       41.63081562137843
      ], 
      [
       2.451606626242828, 
       41.62660170863602
      ], 
      [
       2.478924533015908, 
       41.631528445818006
      ], 
      [
       2.497332408202705, 
       41.624507476883366
      ], 
      [
       2.524387058062163, 
       41.62577206324832
      ], 
      [
       2.547296985485275, 
       41.65792773908892
      ], 
      [
       2.594802484508846, 
       41.659254670755075
      ], 
      [
       2.601123684160331, 
       41.683773072571114
      ], 
      [
       2.627366525424095, 
       41.68877028180123
      ], 
      [
       2.652421964025495, 
       41.722445746278154
      ], 
      [
       2.671604388975167, 
       41.71474614015953
      ], 
      [
       2.703773239467886, 
       41.72850562292488
      ], 
      [
       2.725936943400223, 
       41.744610874679886
      ], 
      [
       2.745883737740243, 
       41.73527624779177
      ], 
      [
       2.77799277865842, 
       41.73578505179817
      ], 
      [
       2.76697051600381, 
       41.72598880971846
      ], 
      [
       2.775426265900593, 
       41.70053824325982
      ], 
      [
       2.759003259805408, 
       41.679428261483004
      ], 
      [
       2.779505115009547, 
       41.64912244170018
      ], 
      [
       2.751979091212835, 
       41.644476786064
      ], 
      [
       2.718583628036436, 
       41.62881140209656
      ], 
      [
       2.633158122754026, 
       41.60421031406625
      ], 
      [
       2.563901096786782, 
       41.579633658902566
      ], 
      [
       2.556510335353464, 
       41.57956911307922
      ], 
      [
       2.496048475433082, 
       41.55304740240634
      ], 
      [
       2.462048167757439, 
       41.54267255923758
      ], 
      [
       2.403789082372492, 
       41.50648953212207
      ], 
      [
       2.377104949743265, 
       41.49448348824668
      ], 
      [
       2.297525426818167, 
       41.472611126087386
      ], 
      [
       2.253769706305435, 
       41.44828221656063
      ], 
      [
       2.224907898402009, 
       41.408836594224496
      ], 
      [
       2.177042373799399, 
       41.367541207630445
      ], 
      [
       2.161089374568351, 
       41.346887236138215
      ], 
      [
       2.151961055425819, 
       41.32208060667702
      ], 
      [
       2.120599725006837, 
       41.292388088561225
      ], 
      [
       2.075642056621197, 
       41.27759396834325
      ], 
      [
       2.021415276690865, 
       41.266284583710494
      ], 
      [
       1.945493710033761, 
       41.26412332443847
      ], 
      [
       1.922872281163871, 
       41.260341538160006
      ], 
      [
       1.870456024078326, 
       41.24317421161135
      ], 
      [
       1.854761271612054, 
       41.23469125249246
      ], 
      [
       1.816359852985469, 
       41.23635278434388
      ], 
      [
       1.779372580925507, 
       41.22408629473277
      ], 
      [
       1.695544918034914, 
       41.207365898104776
      ], 
      [
       1.674130142246973, 
       41.198470069391085
      ], 
      [
       1.646379120025998, 
       41.1959490303054
      ], 
      [
       1.64724178335957, 
       41.22912873101358
      ], 
      [
       1.622564973118679, 
       41.22353346059205
      ], 
      [
       1.603716020664504, 
       41.23513972506184
      ], 
      [
       1.582804598712092, 
       41.23748832538011
      ], 
      [
       1.576176430075131, 
       41.25648036483233
      ], 
      [
       1.595463644098316, 
       41.25928499854508
      ], 
      [
       1.62314660083051, 
       41.255248130233994
      ], 
      [
       1.62891682324519, 
       41.29631565719883
      ], 
      [
       1.613216327242671, 
       41.28547658836885
      ], 
      [
       1.589306344624381, 
       41.2943035783538
      ], 
      [
       1.596140442569112, 
       41.3096517851911
      ]
     ]
    ]
   }, 
   "type": "Feature", 
   "properties": {
    "Nivel_PR": "3", 
    "N_avisos": 2, 
    "Nivel_TOTO": "3", 
    "COD_Z": "690804", 
    "Identf_PRP1": [
     "", 
     "2.49.0.0.724.0.ES.20261007092432.690804PRP108181791365072"
    ], 
    "Av_mayor": 3, 
    "Identf_TOTO": [
     "", 
     "2.49.0.0.724.0.ES.20261007092432.690804TOTO08181791365072"
    ], 
    "Avis_PRP1": [
     {
      "expires_local": "2026-10-08T19:59:59+02:00", 
      "code": "2PR-3AM-01PRP1-1791446400-690804", 
      "severity": "Amarillo", 
      "parametro": "P1", 
      "cd_zona": "690804", 
      "certainty": "previsto", 
      "fenomeno": "PR", 
      "onset_local": "2026-10-08T10:00:00+02:00", 
      "nivel_num": 3, 
      "valor": "20 mm", 
      "descripcion": "Precipitación acumulada en una hora: 20 mm.", 
      "prob": "40%-70%"
     }
    ], 
    "Nombre_zona": "Litoral de Barcelona", 
    "Nivel_PRP1": "3", 
    "Ordn_avisos": [
     "2PR-3AM-01PRP1-1791446400-690804", 
     "2PR-3AM-07TOTO-1791446400-690804"
    ], 
    "Avis_TOTO": [
     {
      "expires_local": "2026-10-08T19:59:59+02:00", 
      "code": "2PR-3AM-07TOTO-1791446400-690804", 
      "severity": "Amarillo", 
      "parametro": "TO", 
      "cd_zona": "690804", 
      "certainty": "previsto", 
      "fenomeno": "TO", 
      "onset_local": "2026-10-08T10:00:00+02:00", 
      "nivel_num": 3, 
      "valor": "", 
      "descripcion": "Pueden venir acompañadas de granizo inferior a 2 cm.", 
      "prob": "40%-70%"
     }
    ]
   }
  }, 
  {
   "geometry": {
    "type": "Polygon", 
    "coordinates": [
     [
      [
       2.736517017649455, 
       40.19688014236028
      ], 
      [
       3.03704933166705, 
       40.27688265731416
      ], 
      [
       3.121258494432212, 
       40.29213764916716
      ], 
      [
       3.207751097106938, 
       40.29423937896813
      ], 
      [
       3.293043228485744, 
       40.28310688578968
      ], 
      [
       3.373703323850382, 
       40.259192007447155
      ], 
      [
       3.453111563135304, 
       40.218545183064485
      ], 
      [
       3.486196709789007, 
       40.1022920722502
      ], 
      [
       3.530352607590071, 
       39.9884770810162
      ], 
      [
       3.66674406220694, 
       39.83056819298232
      ], 
      [
       3.799249504103252, 
       39.67515076471391
      ], 
      [
       3.8812347586139, 
       39.592294442974456
      ], 
      [
       3.776611469279939, 
       39.44331977452944
      ], 
      [
       3.437484175049237, 
       39.63483845206843
      ], 
      [
       3.436462559340867, 
       39.63730203268784
      ], 
      [
       3.444425604692902, 
       39.65793175529875
      ], 
      [
       3.455584884122637, 
       39.65496027426403
      ], 
      [
       3.453465215796963, 
       39.722966535404574
      ], 
      [
       3.458426274397636, 
       39.74445359177401
      ], 
      [
       3.433257229229422, 
       39.74539718710306
      ], 
      [
       3.405111601555566, 
       39.764338402611074
      ], 
      [
       3.386290557455726, 
       39.764069204989426
      ], 
      [
       3.349049585418865, 
       39.789702977517834
      ], 
      [
       3.336152817464717, 
       39.78424507149212
      ], 
      [
       3.331957304295643, 
       39.76172357203006
      ], 
      [
       3.308016227060273, 
       39.754482584408734
      ], 
      [
       3.286735752178408, 
       39.74026546505345
      ], 
      [
       3.255502204350607, 
       39.729977031066895
      ], 
      [
       3.237832547869252, 
       39.73251031819208
      ], 
      [
       3.154184488573584, 
       39.768096430624674
      ], 
      [
       3.126759746489769, 
       39.79388874806779
      ], 
      [
       3.118049462101028, 
       39.81599897716343
      ], 
      [
       3.1285277870153, 
       39.84016104085736
      ], 
      [
       3.14449333998927, 
       39.83477244055907
      ], 
      [
       3.17980334518923, 
       39.84107496388962
      ], 
      [
       3.195873981217511, 
       39.857554761039474
      ], 
      [
       3.17142930923679, 
       39.876387697492405
      ], 
      [
       3.142300157825009, 
       39.86496675837214
      ], 
      [
       3.133189911434687, 
       39.86977974855413
      ], 
      [
       3.106734633085728, 
       39.8578962731226
      ], 
      [
       3.088000098047296, 
       39.87127339792297
      ], 
      [
       3.079496633425339, 
       39.889109705810135
      ], 
      [
       3.091198744987214, 
       39.91149008436943
      ], 
      [
       3.109843303255506, 
       39.90856380923847
      ], 
      [
       3.138382538404872, 
       39.92849858881956
      ], 
      [
       3.155351647362019, 
       39.92351279964673
      ], 
      [
       3.179388725852552, 
       39.93765921564423
      ], 
      [
       3.203448207725542, 
       39.94416945300366
      ], 
      [
       3.207188480534217, 
       39.957902425840494
      ], 
      [
       3.167892456652532, 
       39.96043461509576
      ], 
      [
       3.148198472623155, 
       39.95447010591897
      ], 
      [
       3.121653701686562, 
       39.93176981528782
      ], 
      [
       3.097025168743492, 
       39.93636090817741
      ], 
      [
       3.08184375691817, 
       39.92529080211146
      ], 
      [
       3.055874656450265, 
       39.92236908856661
      ], 
      [
       3.029083712693407, 
       39.93533472457494
      ], 
      [
       3.002352066112033, 
       39.92418445109547
      ], 
      [
       2.988008171058053, 
       39.90973240825707
      ], 
      [
       2.96685534388447, 
       39.91057519783789
      ], 
      [
       2.951428354536854, 
       39.920570453510244
      ], 
      [
       2.925929566322659, 
       39.900582609181996
      ], 
      [
       2.736517017649455, 
       40.19688014236028
      ]
     ]
    ]
   }, 
   "type": "Feature", 
   "properties": {
    "Avis_COCO": [
     {
      "expires_local": "2026-10-08T23:59:59+02:00", 
      "code": "2PR-3AM-10COCO-1791475200-645402C", 
      "severity": "Amarillo", 
      "parametro": "CO", 
      "cd_zona": "645402C", 
      "certainty": "previsto", 
      "fenomeno": "CO", 
      "onset_local": "2026-10-08T18:00:00+02:00", 
      "nivel_num": 3, 
      "valor": "", 
      "descripcion": "Viento del norte de 45 a 60 km/h (fuerza 6 a 7) y olas de 3 m.", 
      "prob": "40%-70%"
     }
    ], 
    "N_avisos": 1, 
    "Provincia": "Mallorca", 
    "Nivel_COCO": "3", 
    "COD_Z": "645402C", 
    "Av_mayor": 3, 
    "Identf_COCO": [
     "", 
     "2.49.0.0.724.0.ES.20261007090614.645402COCO08221791363974"
    ], 
    "Nombre_zona": "Norte y nordeste de Mallorca - Costa", 
    "Ordn_avisos": [
     "2PR-3AM-10COCO-1791475200-645402C"
    ]
   }
  }, 
  {
   "geometry": {
    "type": "Polygon", 
    "coordinates": [
     [
      [
       1.420125924774422, 
       41.676741568829435
      ], 
      [
       1.442004703078141, 
       41.6700799616048
      ], 
      [
       1.450786437612188, 
       41.69483288879672
      ], 
      [
       1.525063662489401, 
       41.69383508535637
      ], 
      [
       1.571100916413804, 
       41.68087196353922
      ], 
      [
       1.616745586721608, 
       41.69655530961756
      ], 
      [
       1.632349301111138, 
       41.654429112375844
      ], 
      [
       1.656448134192225, 
       41.656991571972036
      ], 
      [
       1.682410011444174, 
       41.62001996678777
      ], 
      [
       1.702940959503395, 
       41.61905394745864
      ], 
      [
       1.730300342371857, 
       41.646451433591665
      ], 
      [
       1.766191423025418, 
       41.64614484522072
      ], 
      [
       1.791680772992438, 
       41.63944661859801
      ], 
      [
       1.786188988225397, 
       41.618311238052314
      ], 
      [
       1.82639020031395, 
       41.5935333086011
      ], 
      [
       1.864520728774887, 
       41.592633687085964
      ], 
      [
       1.862070689492467, 
       41.60741270254661
      ], 
      [
       1.890794276603531, 
       41.61509543746186
      ], 
      [
       1.909890145730299, 
       41.63051197403184
      ], 
      [
       1.942960639536671, 
       41.624697729723366
      ], 
      [
       1.956692229698552, 
       41.64366847154303
      ], 
      [
       1.990915562111297, 
       41.65458990598361
      ], 
      [
       2.006419051668664, 
       41.6549763030677
      ], 
      [
       2.014211407719634, 
       41.68077112356825
      ], 
      [
       2.010178548578032, 
       41.69145381131745
      ], 
      [
       2.039525654864153, 
       41.71728388315574
      ], 
      [
       2.088222960381749, 
       41.708128199557876
      ], 
      [
       2.111520578412003, 
       41.71753468671478
      ], 
      [
       2.126121131397373, 
       41.712876369487994
      ], 
      [
       2.132588631268698, 
       41.73174460227006
      ], 
      [
       2.155997366560171, 
       41.73370966474107
      ], 
      [
       2.189898412893231, 
       41.775427676719545
      ], 
      [
       2.222453679934375, 
       41.778377581273844
      ], 
      [
       2.234328093155796, 
       41.762639458825156
      ], 
      [
       2.275530751081448, 
       41.77166959724636
      ], 
      [
       2.292244433998491, 
       41.79337772776171
      ], 
      [
       2.304370108496352, 
       41.79890249287357
      ], 
      [
       2.329055802430177, 
       41.786287716810016
      ], 
      [
       2.335237707834828, 
       41.764142285176405
      ], 
      [
       2.366556920308613, 
       41.769998251259004
      ], 
      [
       2.372680284419547, 
       41.79473754335154
      ], 
      [
       2.383826642688542, 
       41.80900486816851
      ], 
      [
       2.405842678293312, 
       41.80197236926434
      ], 
      [
       2.437670646408974, 
       41.80317534131839
      ], 
      [
       2.444905744800838, 
       41.789481405869346
      ], 
      [
       2.490992935865521, 
       41.7657931576746
      ], 
      [
       2.517112832005005, 
       41.762197446458565
      ], 
      [
       2.51677014965061, 
       41.74897195033306
      ], 
      [
       2.532377696598218, 
       41.739253162337214
      ], 
      [
       2.538682771164105, 
       41.722042692937585
      ], 
      [
       2.638028983910826, 
       41.73356125706236
      ], 
      [
       2.640531606716926, 
       41.7431780183315
      ], 
      [
       2.670596099674392, 
       41.74567217114289
      ], 
      [
       2.682258453438147, 
       41.73986409718816
      ], 
      [
       2.725936943400223, 
       41.744610874679886
      ], 
      [
       2.703773239467886, 
       41.72850562292488
      ], 
      [
       2.671604388975167, 
       41.71474614015953
      ], 
      [
       2.652421964025495, 
       41.722445746278154
      ], 
      [
       2.627366525424095, 
       41.68877028180123
      ], 
      [
       2.601123684160331, 
       41.683773072571114
      ], 
      [
       2.594802484508846, 
       41.659254670755075
      ], 
      [
       2.547296985485275, 
       41.65792773908892
      ], 
      [
       2.524387058062163, 
       41.62577206324832
      ], 
      [
       2.497332408202705, 
       41.624507476883366
      ], 
      [
       2.478924533015908, 
       41.631528445818006
      ], 
      [
       2.451606626242828, 
       41.62660170863602
      ], 
      [
       2.422745542623302, 
       41.63081562137843
      ], 
      [
       2.395320364271935, 
       41.60891111800686
      ], 
      [
       2.343410499514966, 
       41.56139763023904
      ], 
      [
       2.336388811775269, 
       41.54413401522227
      ], 
      [
       2.317423283176147, 
       41.53352803306667
      ], 
      [
       2.285281702614452, 
       41.54501574631199
      ], 
      [
       2.273674714289534, 
       41.523746119169154
      ], 
      [
       2.283033100350837, 
       41.51423186690675
      ], 
      [
       2.248097397931433, 
       41.488972324435316
      ], 
      [
       2.226007498192684, 
       41.49253767279448
      ], 
      [
       2.212469251243868, 
       41.47143041457286
      ], 
      [
       2.179789338190155, 
       41.46824734743848
      ], 
      [
       2.165355423174001, 
       41.45020857265821
      ], 
      [
       2.135703213495565, 
       41.44777661982533
      ], 
      [
       2.121860891031195, 
       41.42609551905853
      ], 
      [
       2.089309751852938, 
       41.42848919093642
      ], 
      [
       2.062522255340189, 
       41.44532116754234
      ], 
      [
       2.033909364490514, 
       41.442024546927115
      ], 
      [
       2.016697034808938, 
       41.4591277261562
      ], 
      [
       2.00210004894843, 
       41.45637989276555
      ], 
      [
       1.980063390176067, 
       41.441178023179475
      ], 
      [
       1.966135265955516, 
       41.44319511067024
      ], 
      [
       1.924112106474898, 
       41.431483333785295
      ], 
      [
       1.898627643853022, 
       41.428738598879946
      ], 
      [
       1.882150163603294, 
       41.412100572290335
      ], 
      [
       1.871733417499409, 
       41.38095088519627
      ], 
      [
       1.889588401523585, 
       41.37071137902592
      ], 
      [
       1.899053679363437, 
       41.35512845571401
      ], 
      [
       1.8621729741189, 
       41.334053132699395
      ], 
      [
       1.841756371716058, 
       41.31615300306607
      ], 
      [
       1.809407973897197, 
       41.323796726283824
      ], 
      [
       1.790857029682651, 
       41.32310463656831
      ], 
      [
       1.764379166651373, 
       41.33979117159183
      ], 
      [
       1.739187804531724, 
       41.34904478995114
      ], 
      [
       1.703676413781043, 
       41.32450276524682
      ], 
      [
       1.685166520458864, 
       41.28875892409741
      ], 
      [
       1.67191208871237, 
       41.285193157881594
      ], 
      [
       1.646524696651424, 
       41.295622728115184
      ], 
      [
       1.643320772385332, 
       41.312355003228674
      ], 
      [
       1.634395893911326, 
       41.3138049112509
      ], 
      [
       1.596140442569112, 
       41.3096517851911
      ], 
      [
       1.579405672115621, 
       41.31621765015433
      ], 
      [
       1.559824378220728, 
       41.34345872483683
      ], 
      [
       1.574778701718023, 
       41.35566730929806
      ], 
      [
       1.570517225846868, 
       41.36868530501632
      ], 
      [
       1.553323789044223, 
       41.36842293786631
      ], 
      [
       1.546947386950272, 
       41.379642161835946
      ], 
      [
       1.513032533697533, 
       41.394638821425325
      ], 
      [
       1.495300126914574, 
       41.389959098569065
      ], 
      [
       1.469653509830643, 
       41.44427199374333
      ], 
      [
       1.484347670736366, 
       41.45814108416229
      ], 
      [
       1.485731282386297, 
       41.47523025085737
      ], 
      [
       1.438160736659186, 
       41.498607505218104
      ], 
      [
       1.405777886978824, 
       41.50691405890482
      ], 
      [
       1.400712961896572, 
       41.52882573056699
      ], 
      [
       1.426775338801937, 
       41.532181326597666
      ], 
      [
       1.447895001058475, 
       41.55269478119527
      ], 
      [
       1.448648196672668, 
       41.57412161381787
      ], 
      [
       1.420855633418199, 
       41.58291199819694
      ], 
      [
       1.394022695242746, 
       41.57539798701497
      ], 
      [
       1.394539847592325, 
       41.59977861978287
      ], 
      [
       1.369795941303515, 
       41.61063688853348
      ], 
      [
       1.370428673594642, 
       41.62158850271992
      ], 
      [
       1.392850157078087, 
       41.63439103396261
      ], 
      [
       1.449492568028988, 
       41.63640390703609
      ], 
      [
       1.4342879975772, 
       41.65163273319999
      ], 
      [
       1.420125924774422, 
       41.676741568829435
      ]
     ]
    ]
   }, 
   "type": "Feature", 
   "properties": {
    "Nivel_PR": "3", 
    "N_avisos": 2, 
    "Nivel_TOTO": "3", 
    "COD_Z": "690803", 
    "Identf_PRP1": [
     "", 
     "2.49.0.0.724.0.ES.20261007092432.690803PRP108181791365072"
    ], 
    "Av_mayor": 3, 
    "Identf_TOTO": [
     "", 
     "2.49.0.0.724.0.ES.20261007092432.690803TOTO08181791365072"
    ], 
    "Avis_PRP1": [
     {
      "expires_local": "2026-10-08T19:59:59+02:00", 
      "code": "2PR-3AM-01PRP1-1791446400-690803", 
      "severity": "Amarillo", 
      "parametro": "P1", 
      "cd_zona": "690803", 
      "certainty": "previsto", 
      "fenomeno": "PR", 
      "onset_local": "2026-10-08T10:00:00+02:00", 
      "nivel_num": 3, 
      "valor": "20 mm", 
      "descripcion": "Precipitación acumulada en una hora: 20 mm.", 
      "prob": "40%-70%"
     }
    ], 
    "Nombre_zona": "Prelitoral de Barcelona", 
    "Nivel_PRP1": "3", 
    "Ordn_avisos": [
     "2PR-3AM-01PRP1-1791446400-690803", 
     "2PR-3AM-07TOTO-1791446400-690803"
    ], 
    "Avis_TOTO": [
     {
      "expires_local": "2026-10-08T19:59:59+02:00", 
      "code": "2PR-3AM-07TOTO-1791446400-690803", 
      "severity": "Amarillo", 
      "parametro": "TO", 
      "cd_zona": "690803", 
      "certainty": "previsto", 
      "fenomeno": "TO", 
      "onset_local": "2026-10-08T10:00:00+02:00", 
      "nivel_num": 3, 
      "valor": "", 
      "descripcion": "Pueden venir acompañadas de granizo inferior a 2 cm.", 
      "prob": "40%-70%"
     }
    ]
   }
  }, 
  {
   "geometry": {
    "type": "Polygon", 
    "coordinates": [
     [
      [
       3.453111563135304, 
       40.218545183064485
      ], 
      [
       3.462403541415314, 
       40.232694336314864
      ], 
      [
       3.517628683576131, 
       40.28592640145727
      ], 
      [
       3.585923604617043, 
       40.329393136605425
      ], 
      [
       3.664416175739356, 
       40.361256578706474
      ], 
      [
       3.749787840053641, 
       40.38016896355217
      ], 
      [
       3.920282254888747, 
       40.40361988428846
      ], 
      [
       3.989122395928106, 
       40.42022608988096
      ], 
      [
       4.077397093357589, 
       40.4270182616101
      ], 
      [
       4.165618488228601, 
       40.41990557651544
      ], 
      [
       4.264444896983975, 
       40.39512918462429
      ], 
      [
       4.290893804176956, 
       40.38404914529773
      ], 
      [
       4.370222074227303, 
       40.357193911035054
      ], 
      [
       4.440905911600214, 
       40.31877382839477
      ], 
      [
       4.483924535007516, 
       40.28359361599664
      ], 
      [
       4.515526121220306, 
       40.27030894730337
      ], 
      [
       4.582363018267909, 
       40.226695297955246
      ], 
      [
       4.63627085277578, 
       40.17363354795935
      ], 
      [
       4.675055902313432, 
       40.11332011344435
      ], 
      [
       4.732947705540757, 
       39.99389040592457
      ], 
      [
       4.754131401538674, 
       39.932858680396045
      ], 
      [
       4.75989675486754, 
       39.869845015233444
      ], 
      [
       4.750078049051147, 
       39.807129986571944
      ], 
      [
       4.725070955664728, 
       39.74697721959972
      ], 
      [
       4.681886104296574, 
       39.65625494106519
      ], 
      [
       4.639004299785731, 
       39.60148385565221
      ], 
      [
       4.583399979436958, 
       39.55406589701648
      ], 
      [
       4.51714019949643, 
       39.51574778114677
      ], 
      [
       4.442672080142895, 
       39.48793996630908
      ], 
      [
       4.362734415206908, 
       39.471666316388905
      ], 
      [
       4.272394304301587, 
       39.46771910657539
      ], 
      [
       4.183887708873893, 
       39.477055729156284
      ], 
      [
       4.090971268556688, 
       39.50240523010855
      ], 
      [
       4.018023308687414, 
       39.5296982740339
      ], 
      [
       3.883855396926581, 
       39.59244201948094
      ], 
      [
       3.8812347586139, 
       39.592294442974456
      ], 
      [
       3.799249504103252, 
       39.67515076471391
      ], 
      [
       3.66674406220694, 
       39.83056819298232
      ], 
      [
       3.530352607590071, 
       39.9884770810162
      ], 
      [
       3.486196709789007, 
       40.1022920722502
      ], 
      [
       3.453111563135304, 
       40.218545183064485
      ]
     ], 
     [
      [
       3.831360128022526, 
       39.97145854446977
      ], 
      [
       3.821869420184256, 
       39.925974620335325
      ], 
      [
       3.855284371051183, 
       39.921759777368784
      ], 
      [
       3.912894507433046, 
       39.9256900617062
      ], 
      [
       3.937914095313725, 
       39.938635065534164
      ], 
      [
       4.019709079766007, 
       39.92259252429274
      ], 
      [
       4.079245976663601, 
       39.89658415537849
      ], 
      [
       4.098675712604329, 
       39.879094675956324
      ], 
      [
       4.144048156595628, 
       39.862249871545856
      ], 
      [
       4.175876235641732, 
       39.843399239609056
      ], 
      [
       4.232635503680789, 
       39.81944862294717
      ], 
      [
       4.270362511741297, 
       39.809347526732374
      ], 
      [
       4.288704543397044, 
       39.815064393986084
      ], 
      [
       4.300790591291161, 
       39.83335363186803
      ], 
      [
       4.313041917998484, 
       39.88572177292749
      ], 
      [
       4.275445732362079, 
       39.93378225825376
      ], 
      [
       4.279453669881259, 
       39.946017625261405
      ], 
      [
       4.26268088885862, 
       39.9651388432208
      ], 
      [
       4.256639933567299, 
       39.99968247882007
      ], 
      [
       4.225775459088047, 
       39.998508563313194
      ], 
      [
       4.194346658988747, 
       40.02404431973719
      ], 
      [
       4.169625300320487, 
       40.027737999680866
      ], 
      [
       4.165664925997604, 
       40.058057526372224
      ], 
      [
       4.156563363771487, 
       40.068247935997604
      ], 
      [
       4.137340577640527, 
       40.06731211772563
      ], 
      [
       4.14185542459894, 
       40.03572681619271
      ], 
      [
       4.121057026869154, 
       40.0360560683947
      ], 
      [
       4.131425103162904, 
       40.0556311899564
      ], 
      [
       4.101975078492025, 
       40.054924089850246
      ], 
      [
       4.085475502743022, 
       40.07534135606005
      ], 
      [
       4.07795988305642, 
       40.060564529392266
      ], 
      [
       4.049399279424795, 
       40.05297980715426
      ], 
      [
       4.033217292990988, 
       40.065936274966724
      ], 
      [
       4.022808301922438, 
       40.059893414804684
      ], 
      [
       3.979481028276378, 
       40.05138479652403
      ], 
      [
       3.959580304129579, 
       40.061794792018475
      ], 
      [
       3.942382585964486, 
       40.05689982849731
      ], 
      [
       3.883113546207726, 
       40.05847491529487
      ], 
      [
       3.822660094446648, 
       40.05052335119432
      ], 
      [
       3.819935255530015, 
       40.04031715862857
      ], 
      [
       3.793566243831407, 
       40.02045506921205
      ], 
      [
       3.795923696315386, 
       40.00046519867328
      ], 
      [
       3.826427210470649, 
       39.996467767508626
      ], 
      [
       3.831360128022526, 
       39.97145854446977
      ]
     ]
    ]
   }, 
   "type": "Feature", 
   "properties": {
    "Avis_COCO": [
     {
      "expires_local": "2026-10-08T23:59:59+02:00", 
      "code": "2PR-3AM-10COCO-1791475200-645501C", 
      "severity": "Amarillo", 
      "parametro": "CO", 
      "cd_zona": "645501C", 
      "certainty": "previsto", 
      "fenomeno": "CO", 
      "onset_local": "2026-10-08T18:00:00+02:00", 
      "nivel_num": 3, 
      "valor": "", 
      "descripcion": "Viento del norte de 45 a 60 km/h (fuerza 6 a 7) y olas de 3 m.", 
      "prob": "40%-70%"
     }
    ], 
    "N_avisos": 1, 
    "Provincia": "Menorca", 
    "Nivel_COCO": "3", 
    "COD_Z": "645501C", 
    "Av_mayor": 3, 
    "Identf_COCO": [
     "", 
     "2.49.0.0.724.0.ES.20261007090614.645501COCO08221791363974"
    ], 
    "Nombre_zona": "Menorca - Costa", 
    "Ordn_avisos": [
     "2PR-3AM-10COCO-1791475200-645501C"
    ]
   }
  }, 
  {
   "geometry": {
    "type": "Polygon", 
    "coordinates": [
     [
      [
       -0.238043451063964, 
       40.71838473743723
      ], 
      [
       -0.222821107467843, 
       40.75449662781511
      ], 
      [
       -0.195963634375227, 
       40.78479372222865
      ], 
      [
       -0.143321900781666, 
       40.785780174930295
      ], 
      [
       -0.145968000525914, 
       40.77546106733316
      ], 
      [
       -0.125629996402793, 
       40.7536552081768
      ], 
      [
       -0.063489676383235, 
       40.72774476440231
      ], 
      [
       -0.030206643939116, 
       40.722767488388605
      ], 
      [
       -0.016508598382077, 
       40.731537554479615
      ], 
      [
       0.01575837557702, 
       40.72900503444177
      ], 
      [
       0.027643080773141, 
       40.695288535361186
      ], 
      [
       0.043378993513466, 
       40.69134385100983
      ], 
      [
       0.073890101089485, 
       40.714645007167775
      ], 
      [
       0.113702714391102, 
       40.72747379496828
      ], 
      [
       0.142547840478385, 
       40.7188017611698
      ], 
      [
       0.163044292791776, 
       40.72293367298469
      ], 
      [
       0.171923965146309, 
       40.73317308769824
      ], 
      [
       0.198490955135039, 
       40.724504691168896
      ], 
      [
       0.217312198064584, 
       40.73258203949896
      ], 
      [
       0.237720727541634, 
       40.702020066251826
      ], 
      [
       0.263627836215826, 
       40.70618915961671
      ], 
      [
       0.293036168014248, 
       40.6888898312484
      ], 
      [
       0.269457349899028, 
       40.65989420944097
      ], 
      [
       0.256356049242671, 
       40.66358813313502
      ], 
      [
       0.200475462639346, 
       40.65202997911142
      ], 
      [
       0.1591713406264, 
       40.64654885372779
      ], 
      [
       0.15872449716358, 
       40.61402090617148
      ], 
      [
       0.17560953153908, 
       40.61070237682571
      ], 
      [
       0.187030211292036, 
       40.59588716193642
      ], 
      [
       0.175814728424071, 
       40.584352922668764
      ], 
      [
       0.147019439295871, 
       40.57490142173107
      ], 
      [
       0.115702952251291, 
       40.58677514109691
      ], 
      [
       0.079828025315732, 
       40.572444989338166
      ], 
      [
       0.087559017417375, 
       40.54973096190209
      ], 
      [
       0.099602132762632, 
       40.54153642523728
      ], 
      [
       0.083100198605818, 
       40.50196188756082
      ], 
      [
       0.092833957746539, 
       40.4814185543957
      ], 
      [
       0.079161077130185, 
       40.468733281753934
      ], 
      [
       0.055263817478777, 
       40.466035537195005
      ], 
      [
       0.044027731281257, 
       40.45068752763623
      ], 
      [
       0.015326349834822, 
       40.44136183755466
      ], 
      [
       -0.017312719960255, 
       40.3958419003907
      ], 
      [
       -0.036351623919948, 
       40.38533439636118
      ], 
      [
       -0.044010264326541, 
       40.36723744388586
      ], 
      [
       -0.027387838347356, 
       40.36284794646901
      ], 
      [
       -0.057568618622485, 
       40.321926906237245
      ], 
      [
       -0.084572883160097, 
       40.298201994250554
      ], 
      [
       -0.103643684277315, 
       40.313290958884686
      ], 
      [
       -0.100724087556241, 
       40.32871899282646
      ], 
      [
       -0.086095129044232, 
       40.35031932933942
      ], 
      [
       -0.143098492790324, 
       40.36091183671135
      ], 
      [
       -0.153591703701116, 
       40.35666721152269
      ], 
      [
       -0.1837140043716, 
       40.36192681425074
      ], 
      [
       -0.211789264126501, 
       40.35269067382679
      ], 
      [
       -0.216112176507505, 
       40.36865657602391
      ], 
      [
       -0.246770138622725, 
       40.37605642018171
      ], 
      [
       -0.261504938489013, 
       40.36788569140665
      ], 
      [
       -0.27884282652124, 
       40.36984449613413
      ], 
      [
       -0.284177674856899, 
       40.38684060505327
      ], 
      [
       -0.30600670181252, 
       40.40953649331462
      ], 
      [
       -0.33161379225718, 
       40.42588445189524
      ], 
      [
       -0.346141242470628, 
       40.44428766347808
      ], 
      [
       -0.33139586320879, 
       40.459395379546635
      ], 
      [
       -0.275741390160813, 
       40.47620955119077
      ], 
      [
       -0.276425186266262, 
       40.50187796946709
      ], 
      [
       -0.300648772553379, 
       40.51630871109338
      ], 
      [
       -0.288898353237227, 
       40.54429767246917
      ], 
      [
       -0.294844521258606, 
       40.56083001444137
      ], 
      [
       -0.291098014380528, 
       40.60508376220704
      ], 
      [
       -0.29791817108172, 
       40.61325986813753
      ], 
      [
       -0.320871803097275, 
       40.6031847040109
      ], 
      [
       -0.378328745294887, 
       40.62522939456644
      ], 
      [
       -0.369581031142234, 
       40.65111476139501
      ], 
      [
       -0.376740941046312, 
       40.66787770823777
      ], 
      [
       -0.354952613789263, 
       40.67803555795529
      ], 
      [
       -0.327603271583558, 
       40.68062079908092
      ], 
      [
       -0.315707329958317, 
       40.66396100028952
      ], 
      [
       -0.249228789350899, 
       40.691109135321696
      ], 
      [
       -0.234778698945732, 
       40.69144818918986
      ], 
      [
       -0.238043451063964, 
       40.71838473743723
      ]
     ]
    ]
   }, 
   "type": "Feature", 
   "properties": {
    "N_avisos": 1, 
    "COD_Z": "771201", 
    "Avis_VIRM": [
     {
      "expires_local": "2026-10-08T23:59:59+02:00", 
      "code": "2PR-3AM-06VIRM-1791439200-771201", 
      "severity": "Amarillo", 
      "parametro": "RM", 
      "cd_zona": "771201", 
      "certainty": "previsto", 
      "fenomeno": "VI", 
      "onset_local": "2026-10-08T08:00:00+02:00", 
      "nivel_num": 3, 
      "valor": "80 km/h", 
      "descripcion": "Rachas máximas: 80 km/h. Viento del noroeste.", 
      "prob": "40%-70%"
     }
    ], 
    "Identf_VIRM": [
     "", 
     "2.49.0.0.724.0.ES.20261007093926.771201VIRM08221791365966"
    ], 
    "Av_mayor": 3, 
    "Nombre_zona": "Interior norte de Castellón", 
    "Ordn_avisos": [
     "2PR-3AM-06VIRM-1791439200-771201"
    ], 
    "Nivel_VIRM": "3"
   }
  }, 
  {
   "geometry": {
    "type": "Polygon", 
    "coordinates": [
     [
      [
       0.092833957746539, 
       40.4814185543957
      ], 
      [
       0.083100198605818, 
       40.50196188756082
      ], 
      [
       0.099602132762632, 
       40.54153642523728
      ], 
      [
       0.087559017417375, 
       40.54973096190209
      ], 
      [
       0.079828025315732, 
       40.572444989338166
      ], 
      [
       0.115702952251291, 
       40.58677514109691
      ], 
      [
       0.147019439295871, 
       40.57490142173107
      ], 
      [
       0.175814728424071, 
       40.584352922668764
      ], 
      [
       0.187030211292036, 
       40.59588716193642
      ], 
      [
       0.17560953153908, 
       40.61070237682571
      ], 
      [
       0.15872449716358, 
       40.61402090617148
      ], 
      [
       0.1591713406264, 
       40.64654885372779
      ], 
      [
       0.200475462639346, 
       40.65202997911142
      ], 
      [
       0.256356049242671, 
       40.66358813313502
      ], 
      [
       0.269457349899028, 
       40.65989420944097
      ], 
      [
       0.280026995897029, 
       40.63039590075412
      ], 
      [
       0.330952682932999, 
       40.61138360633901
      ], 
      [
       0.37226044796744, 
       40.6053742592485
      ], 
      [
       0.389587254066028, 
       40.607081993107045
      ], 
      [
       0.432562017548043, 
       40.579792769740884
      ], 
      [
       0.439158199974304, 
       40.54739954926061
      ], 
      [
       0.478117781943803, 
       40.53233551426069
      ], 
      [
       0.516346493521146, 
       40.52326072632791
      ], 
      [
       0.486802322696206, 
       40.476983232907536
      ], 
      [
       0.44834565578124, 
       40.43811489626099
      ], 
      [
       0.437430674982302, 
       40.41730271919968
      ], 
      [
       0.418439212152644, 
       40.399925949111505
      ], 
      [
       0.404704297749167, 
       40.36372994397862
      ], 
      [
       0.387552135695374, 
       40.340520391344924
      ], 
      [
       0.355289211402173, 
       40.31248807659871
      ], 
      [
       0.323469095829046, 
       40.27469751585657
      ], 
      [
       0.29705648727836, 
       40.30752641266093
      ], 
      [
       0.303615564291718, 
       40.323812069371535
      ], 
      [
       0.243299674240095, 
       40.362925175833695
      ], 
      [
       0.190723598313384, 
       40.39376884326486
      ], 
      [
       0.206781503469542, 
       40.41588569647873
      ], 
      [
       0.112403797134239, 
       40.463077545994715
      ], 
      [
       0.092833957746539, 
       40.4814185543957
      ]
     ]
    ]
   }, 
   "type": "Feature", 
   "properties": {
    "N_avisos": 1, 
    "COD_Z": "771202", 
    "Avis_VIRM": [
     {
      "expires_local": "2026-10-08T23:59:59+02:00", 
      "code": "2PR-3AM-06VIRM-1791439200-771202", 
      "severity": "Amarillo", 
      "parametro": "RM", 
      "cd_zona": "771202", 
      "certainty": "previsto", 
      "fenomeno": "VI", 
      "onset_local": "2026-10-08T08:00:00+02:00", 
      "nivel_num": 3, 
      "valor": "80 km/h", 
      "descripcion": "Rachas máximas: 80 km/h. Viento del noroeste.", 
      "prob": "40%-70%"
     }
    ], 
    "Identf_VIRM": [
     "", 
     "2.49.0.0.724.0.ES.20261007093926.771202VIRM08221791365966"
    ], 
    "Av_mayor": 3, 
    "Nombre_zona": "Litoral norte de Castellón", 
    "Ordn_avisos": [
     "2PR-3AM-06VIRM-1791439200-771202"
    ], 
    "Nivel_VIRM": "3"
   }
  }, 
  {
   "geometry": {
    "type": "Polygon", 
    "coordinates": [
     [
      [
       2.92807891913564, 
       39.81391943956394
      ], 
      [
       2.953916156921655, 
       39.822527910939044
      ], 
      [
       2.940416179740129, 
       39.84106385321309
      ], 
      [
       2.934798688818844, 
       39.87359493763292
      ], 
      [
       2.925237452443338, 
       39.88085998915083
      ], 
      [
       2.925929566322659, 
       39.900582609181996
      ], 
      [
       2.951428354536854, 
       39.920570453510244
      ], 
      [
       2.96685534388447, 
       39.91057519783789
      ], 
      [
       2.988008171058053, 
       39.90973240825707
      ], 
      [
       3.002352066112033, 
       39.92418445109547
      ], 
      [
       3.029083712693407, 
       39.93533472457494
      ], 
      [
       3.055874656450265, 
       39.92236908856661
      ], 
      [
       3.08184375691817, 
       39.92529080211146
      ], 
      [
       3.097025168743492, 
       39.93636090817741
      ], 
      [
       3.121653701686562, 
       39.93176981528782
      ], 
      [
       3.148198472623155, 
       39.95447010591897
      ], 
      [
       3.167892456652532, 
       39.96043461509576
      ], 
      [
       3.207188480534217, 
       39.957902425840494
      ], 
      [
       3.203448207725542, 
       39.94416945300366
      ], 
      [
       3.179388725852552, 
       39.93765921564423
      ], 
      [
       3.155351647362019, 
       39.92351279964673
      ], 
      [
       3.138382538404872, 
       39.92849858881956
      ], 
      [
       3.109843303255506, 
       39.90856380923847
      ], 
      [
       3.091198744987214, 
       39.91149008436943
      ], 
      [
       3.079496633425339, 
       39.889109705810135
      ], 
      [
       3.088000098047296, 
       39.87127339792297
      ], 
      [
       3.106734633085728, 
       39.8578962731226
      ], 
      [
       3.133189911434687, 
       39.86977974855413
      ], 
      [
       3.142300157825009, 
       39.86496675837214
      ], 
      [
       3.17142930923679, 
       39.876387697492405
      ], 
      [
       3.195873981217511, 
       39.857554761039474
      ], 
      [
       3.17980334518923, 
       39.84107496388962
      ], 
      [
       3.14449333998927, 
       39.83477244055907
      ], 
      [
       3.1285277870153, 
       39.84016104085736
      ], 
      [
       3.118049462101028, 
       39.81599897716343
      ], 
      [
       3.126759746489769, 
       39.79388874806779
      ], 
      [
       3.154184488573584, 
       39.768096430624674
      ], 
      [
       3.237832547869252, 
       39.73251031819208
      ], 
      [
       3.255502204350607, 
       39.729977031066895
      ], 
      [
       3.286735752178408, 
       39.74026546505345
      ], 
      [
       3.308016227060273, 
       39.754482584408734
      ], 
      [
       3.331957304295643, 
       39.76172357203006
      ], 
      [
       3.336152817464717, 
       39.78424507149212
      ], 
      [
       3.349049585418865, 
       39.789702977517834
      ], 
      [
       3.386290557455726, 
       39.764069204989426
      ], 
      [
       3.405111601555566, 
       39.764338402611074
      ], 
      [
       3.433257229229422, 
       39.74539718710306
      ], 
      [
       3.458426274397636, 
       39.74445359177401
      ], 
      [
       3.453465215796963, 
       39.722966535404574
      ], 
      [
       3.455584884122637, 
       39.65496027426403
      ], 
      [
       3.444425604692902, 
       39.65793175529875
      ], 
      [
       3.436462559340867, 
       39.63730203268784
      ], 
      [
       3.437484175049237, 
       39.63483845206843
      ], 
      [
       3.392250421145073, 
       39.67241853367871
      ], 
      [
       3.376455550298258, 
       39.66443390537674
      ], 
      [
       3.364981944343948, 
       39.67285882214517
      ], 
      [
       3.342557056415954, 
       39.662574657447365
      ], 
      [
       3.312436112938002, 
       39.63973810590165
      ], 
      [
       3.299440315269196, 
       39.65280083413881
      ], 
      [
       3.29972022528368, 
       39.666333143010895
      ], 
      [
       3.281810746443639, 
       39.68005514378772
      ], 
      [
       3.25238364043196, 
       39.684339495996625
      ], 
      [
       3.240446398985555, 
       39.69552817703305
      ], 
      [
       3.200455211168471, 
       39.70009106078071
      ], 
      [
       3.173134741236129, 
       39.689268989898586
      ], 
      [
       3.156612883075285, 
       39.695869728064935
      ], 
      [
       3.142020164727565, 
       39.68345472265295
      ], 
      [
       3.112845229590561, 
       39.676936471437564
      ], 
      [
       3.086672886752881, 
       39.699024405221614
      ], 
      [
       3.056076467182235, 
       39.71026962190327
      ], 
      [
       3.020680464520852, 
       39.74055467959996
      ], 
      [
       3.000805168935942, 
       39.73096997266712
      ], 
      [
       2.953009147248762, 
       39.76459439479703
      ], 
      [
       2.935683250527456, 
       39.7903001879398
      ], 
      [
       2.92807891913564, 
       39.81391943956394
      ]
     ]
    ]
   }, 
   "type": "Feature", 
   "properties": {
    "Nivel_PR": "3", 
    "N_avisos": 2, 
    "Nivel_TOTO": "3", 
    "COD_Z": "645402", 
    "Identf_PRP1": [
     "", 
     "2.49.0.0.724.0.ES.20261007090614.645402PRP108191791363974"
    ], 
    "Av_mayor": 3, 
    "Identf_TOTO": [
     "", 
     "2.49.0.0.724.0.ES.20261007090614.645402TOTO08191791363974"
    ], 
    "Avis_PRP1": [
     {
      "expires_local": "2026-10-08T20:59:59+02:00", 
      "code": "2PR-3AM-01PRP1-1791453600-645402", 
      "severity": "Amarillo", 
      "parametro": "P1", 
      "cd_zona": "645402", 
      "certainty": "previsto", 
      "fenomeno": "PR", 
      "onset_local": "2026-10-08T12:00:00+02:00", 
      "nivel_num": 3, 
      "valor": "20 mm", 
      "descripcion": "Precipitación acumulada en una hora: 20 mm.", 
      "prob": "40%-70%"
     }
    ], 
    "Nombre_zona": "Norte y nordeste de Mallorca", 
    "Nivel_PRP1": "3", 
    "Ordn_avisos": [
     "2PR-3AM-01PRP1-1791453600-645402", 
     "2PR-3AM-07TOTO-1791453600-645402"
    ], 
    "Avis_TOTO": [
     {
      "expires_local": "2026-10-08T20:59:59+02:00", 
      "code": "2PR-3AM-07TOTO-1791453600-645402", 
      "severity": "Amarillo", 
      "parametro": "TO", 
      "cd_zona": "645402", 
      "certainty": "previsto", 
      "fenomeno": "TO", 
      "onset_local": "2026-10-08T12:00:00+02:00", 
      "nivel_num": 3, 
      "valor": "", 
      "descripcion": "Pueden ir acompañas de granizo.", 
      "prob": "40%-70%"
     }
    ]
   }
  }, 
  {
   "geometry": {
    "type": "Polygon", 
    "coordinates": [
     [
      [
       1.038737126365947, 
       41.17557628076687
      ], 
      [
       1.05935583156521, 
       41.17675020249218
      ], 
      [
       1.062071401043808, 
       41.15919431343075
      ], 
      [
       1.087381516800279, 
       41.142206212974436
      ], 
      [
       1.096000752317826, 
       41.118235414861736
      ], 
      [
       1.095385218868641, 
       41.09304436196552
      ], 
      [
       1.118879626911933, 
       41.074187220682866
      ], 
      [
       1.085325325802643, 
       41.0640378702214
      ], 
      [
       1.051941910261324, 
       41.06482230744912
      ], 
      [
       1.004952302634858, 
       41.04337935890015
      ], 
      [
       0.990437975148758, 
       41.04193860065209
      ], 
      [
       0.967606140782954, 
       41.02875257424696
      ], 
      [
       0.918524900410932, 
       40.988381127658705
      ], 
      [
       0.858900814631335, 
       40.93499613543125
      ], 
      [
       0.79348613645024, 
       40.86700104097945
      ], 
      [
       0.753095334987016, 
       40.84645023833075
      ], 
      [
       0.729983447137581, 
       40.81815846646287
      ], 
      [
       0.700839221853448, 
       40.80417624565644
      ], 
      [
       0.710494018587541, 
       40.786251030376086
      ], 
      [
       0.729783638439996, 
       40.77061618128614
      ], 
      [
       0.763681600599112, 
       40.76217464425693
      ], 
      [
       0.782081017832905, 
       40.775008306201144
      ], 
      [
       0.828988020672423, 
       40.7360060222804
      ], 
      [
       0.86478495642443, 
       40.72184354202826
      ], 
      [
       0.875324296484753, 
       40.734358197567765
      ], 
      [
       0.888666556093036, 
       40.719743503355495
      ], 
      [
       0.877673195784174, 
       40.70165304361671
      ], 
      [
       0.842588169845539, 
       40.676136078635075
      ], 
      [
       0.769213167421963, 
       40.648164770243525
      ], 
      [
       0.751199107234354, 
       40.635387967286874
      ], 
      [
       0.709197642852862, 
       40.58522528742295
      ], 
      [
       0.681289412124061, 
       40.56464966877626
      ], 
      [
       0.65104299969501, 
       40.55546132191296
      ], 
      [
       0.610227025990529, 
       40.559447454242296
      ], 
      [
       0.599031340175684, 
       40.574828000920434
      ], 
      [
       0.651336648591862, 
       40.585810479789075
      ], 
      [
       0.673551692204818, 
       40.59370563608575
      ], 
      [
       0.712539913216221, 
       40.592466384077355
      ], 
      [
       0.747136871474016, 
       40.63651965363344
      ], 
      [
       0.736666823011185, 
       40.64082182608277
      ], 
      [
       0.734399554322187, 
       40.640308699524084
      ], 
      [
       0.704798466643601, 
       40.63897728854831
      ], 
      [
       0.664378241553634, 
       40.62686826908806
      ], 
      [
       0.603785309323274, 
       40.62240142057493
      ], 
      [
       0.539429213765425, 
       40.56780107293233
      ], 
      [
       0.516346493521146, 
       40.52326072632791
      ], 
      [
       0.478117781943803, 
       40.53233551426069
      ], 
      [
       0.439158199974304, 
       40.54739954926061
      ], 
      [
       0.432562017548043, 
       40.579792769740884
      ], 
      [
       0.389587254066028, 
       40.607081993107045
      ], 
      [
       0.37226044796744, 
       40.6053742592485
      ], 
      [
       0.330952682932999, 
       40.61138360633901
      ], 
      [
       0.360261677063316, 
       40.646972509577786
      ], 
      [
       0.353640393646419, 
       40.66042223228062
      ], 
      [
       0.401583610641141, 
       40.70758772012224
      ], 
      [
       0.428623339143825, 
       40.721826800996595
      ], 
      [
       0.444561928887034, 
       40.737760503785545
      ], 
      [
       0.507608511994626, 
       40.73864225218529
      ], 
      [
       0.562661215853815, 
       40.75210161437601
      ], 
      [
       0.574131629114579, 
       40.7332217351771
      ], 
      [
       0.588794221553614, 
       40.75204739305177
      ], 
      [
       0.612071810341577, 
       40.76267640273962
      ], 
      [
       0.607859951878198, 
       40.80758433944303
      ], 
      [
       0.643650944295066, 
       40.82182161499185
      ], 
      [
       0.63552649108679, 
       40.839089743712734
      ], 
      [
       0.66542359802591, 
       40.869031238177605
      ], 
      [
       0.643255394190092, 
       40.89589547054338
      ], 
      [
       0.62377602916124, 
       40.8897378538744
      ], 
      [
       0.611378127955615, 
       40.9109299977458
      ], 
      [
       0.614457939984042, 
       40.93105072305937
      ], 
      [
       0.678911232555844, 
       40.94558857341081
      ], 
      [
       0.740792735229486, 
       40.939353266947386
      ], 
      [
       0.753930664885546, 
       40.932504917310006
      ], 
      [
       0.790509854886584, 
       40.93905104307602
      ], 
      [
       0.804526599880641, 
       40.95337527418435
      ], 
      [
       0.782572498489701, 
       40.99215467901105
      ], 
      [
       0.782117958007393, 
       41.02926193354657
      ], 
      [
       0.8196702522614, 
       41.06251122460354
      ], 
      [
       0.845879655396381, 
       41.032101637821945
      ], 
      [
       0.872228144318224, 
       41.02676059062651
      ], 
      [
       0.90674272146626, 
       41.02587322452704
      ], 
      [
       0.923017286895762, 
       41.05540509592479
      ], 
      [
       0.914248124712453, 
       41.082619489990925
      ], 
      [
       0.897773609296218, 
       41.10367405333101
      ], 
      [
       0.915437753383607, 
       41.126036666618354
      ], 
      [
       0.942484729497971, 
       41.126067310961204
      ], 
      [
       0.953458908142733, 
       41.1142815113501
      ], 
      [
       0.991013677136447, 
       41.12097185523155
      ], 
      [
       1.022649518086366, 
       41.14096784523377
      ], 
      [
       1.038737126365947, 
       41.17557628076687
      ]
     ]
    ]
   }, 
   "type": "Feature", 
   "properties": {
    "N_avisos": 1, 
    "COD_Z": "694304", 
    "Avis_VIRM": [
     {
      "expires_local": "2026-10-08T23:59:59+02:00", 
      "code": "2PR-3AM-06VIRM-1791410400-694304", 
      "severity": "Amarillo", 
      "parametro": "RM", 
      "cd_zona": "694304", 
      "certainty": "previsto", 
      "fenomeno": "VI", 
      "onset_local": "2026-10-08T00:00:00+02:00", 
      "nivel_num": 3, 
      "valor": "80 km/h", 
      "descripcion": "Rachas máximas: 80 km/h. Viento del noroeste.", 
      "prob": "40%-70%"
     }
    ], 
    "Identf_VIRM": [
     "2.49.0.0.724.0.ES.20261007092432.694304VIRM08221791365072"
    ], 
    "Av_mayor": 3, 
    "Nombre_zona": "Litoral sur de Tarragona", 
    "Ordn_avisos": [
     "2PR-3AM-06VIRM-1791410400-694304"
    ], 
    "Nivel_VIRM": "3"
   }
  }, 
  {
   "geometry": {
    "type": "Polygon", 
    "coordinates": [
     [
      [
       0.273119697614674, 
       40.819073067057424
      ], 
      [
       0.292797129308366, 
       40.816648288030244
      ], 
      [
       0.311664122662907, 
       40.84035185057087
      ], 
      [
       0.335271135359515, 
       40.85399046024382
      ], 
      [
       0.371026519040612, 
       40.89126994622054
      ], 
      [
       0.364305957520632, 
       40.908748653107295
      ], 
      [
       0.367688661599778, 
       40.933505906937604
      ], 
      [
       0.395033614141542, 
       40.95567683548514
      ], 
      [
       0.439810137482894, 
       40.96239017077737
      ], 
      [
       0.456028870325229, 
       40.97880818934775
      ], 
      [
       0.442825477965951, 
       40.990424791905376
      ], 
      [
       0.450257101130787, 
       41.01507591805474
      ], 
      [
       0.466482927351654, 
       41.03380643718674
      ], 
      [
       0.504199284445324, 
       41.059852154259836
      ], 
      [
       0.561355911119162, 
       41.122819617862504
      ], 
      [
       0.614044672967941, 
       41.14325764951662
      ], 
      [
       0.620390704260102, 
       41.15098275613178
      ], 
      [
       0.607252125242514, 
       41.17186449479281
      ], 
      [
       0.619013796710811, 
       41.17833003266481
      ], 
      [
       0.648431258268394, 
       41.179642986427844
      ], 
      [
       0.707114478509546, 
       41.21645251492546
      ], 
      [
       0.686736669585716, 
       41.22499610955466
      ], 
      [
       0.6860834954779, 
       41.24582784916883
      ], 
      [
       0.703025360818867, 
       41.26607617306588
      ], 
      [
       0.704317798710959, 
       41.284269755632366
      ], 
      [
       0.71506684620113, 
       41.30326566287266
      ], 
      [
       0.752713814638367, 
       41.3181526297994
      ], 
      [
       0.762890950299786, 
       41.33433492719422
      ], 
      [
       0.821353172018562, 
       41.32992059620007
      ], 
      [
       0.833316787175867, 
       41.359102989042434
      ], 
      [
       0.847855378735892, 
       41.35514123063767
      ], 
      [
       0.864479628946109, 
       41.338401789829675
      ], 
      [
       0.912953503576461, 
       41.350187486116084
      ], 
      [
       0.940549713043808, 
       41.34965865314498
      ], 
      [
       0.968008304355492, 
       41.3598434233345
      ], 
      [
       0.992563261606351, 
       41.35819138425747
      ], 
      [
       1.006135214029309, 
       41.34663434394307
      ], 
      [
       1.002935996889978, 
       41.33032147869518
      ], 
      [
       1.107308281865873, 
       41.31513042135455
      ], 
      [
       1.127685715061733, 
       41.30571996211408
      ], 
      [
       1.185280695882641, 
       41.32066384564316
      ], 
      [
       1.195191224263555, 
       41.30574241480687
      ], 
      [
       1.174867132356657, 
       41.29004067266181
      ], 
      [
       1.155886052317511, 
       41.30319978055321
      ], 
      [
       1.135523114413748, 
       41.293705401364804
      ], 
      [
       1.141882915568337, 
       41.25689133269328
      ], 
      [
       1.138979172354694, 
       41.23870787978552
      ], 
      [
       1.112524259261682, 
       41.2402877478446
      ], 
      [
       1.096900150610907, 
       41.22966205336161
      ], 
      [
       1.073539110842268, 
       41.229357681193235
      ], 
      [
       1.06054707806301, 
       41.23835367643917
      ], 
      [
       1.035781699526801, 
       41.22208100668368
      ], 
      [
       1.01047271235764, 
       41.23394337380199
      ], 
      [
       1.019243937587351, 
       41.19958142147972
      ], 
      [
       1.038737126365947, 
       41.17557628076687
      ], 
      [
       1.022649518086366, 
       41.14096784523377
      ], 
      [
       0.991013677136447, 
       41.12097185523155
      ], 
      [
       0.953458908142733, 
       41.1142815113501
      ], 
      [
       0.942484729497971, 
       41.126067310961204
      ], 
      [
       0.915437753383607, 
       41.126036666618354
      ], 
      [
       0.897773609296218, 
       41.10367405333101
      ], 
      [
       0.914248124712453, 
       41.082619489990925
      ], 
      [
       0.923017286895762, 
       41.05540509592479
      ], 
      [
       0.90674272146626, 
       41.02587322452704
      ], 
      [
       0.872228144318224, 
       41.02676059062651
      ], 
      [
       0.845879655396381, 
       41.032101637821945
      ], 
      [
       0.8196702522614, 
       41.06251122460354
      ], 
      [
       0.782117958007393, 
       41.02926193354657
      ], 
      [
       0.782572498489701, 
       40.99215467901105
      ], 
      [
       0.804526599880641, 
       40.95337527418435
      ], 
      [
       0.790509854886584, 
       40.93905104307602
      ], 
      [
       0.753930664885546, 
       40.932504917310006
      ], 
      [
       0.740792735229486, 
       40.939353266947386
      ], 
      [
       0.678911232555844, 
       40.94558857341081
      ], 
      [
       0.614457939984042, 
       40.93105072305937
      ], 
      [
       0.611378127955615, 
       40.9109299977458
      ], 
      [
       0.62377602916124, 
       40.8897378538744
      ], 
      [
       0.643255394190092, 
       40.89589547054338
      ], 
      [
       0.66542359802591, 
       40.869031238177605
      ], 
      [
       0.63552649108679, 
       40.839089743712734
      ], 
      [
       0.643650944295066, 
       40.82182161499185
      ], 
      [
       0.607859951878198, 
       40.80758433944303
      ], 
      [
       0.612071810341577, 
       40.76267640273962
      ], 
      [
       0.588794221553614, 
       40.75204739305177
      ], 
      [
       0.574131629114579, 
       40.7332217351771
      ], 
      [
       0.562661215853815, 
       40.75210161437601
      ], 
      [
       0.507608511994626, 
       40.73864225218529
      ], 
      [
       0.444561928887034, 
       40.737760503785545
      ], 
      [
       0.428623339143825, 
       40.721826800996595
      ], 
      [
       0.401583610641141, 
       40.70758772012224
      ], 
      [
       0.353640393646419, 
       40.66042223228062
      ], 
      [
       0.360261677063316, 
       40.646972509577786
      ], 
      [
       0.330952682932999, 
       40.61138360633901
      ], 
      [
       0.280026995897029, 
       40.63039590075412
      ], 
      [
       0.269457349899028, 
       40.65989420944097
      ], 
      [
       0.293036168014248, 
       40.6888898312484
      ], 
      [
       0.263627836215826, 
       40.70618915961671
      ], 
      [
       0.237720727541634, 
       40.702020066251826
      ], 
      [
       0.217312198064584, 
       40.73258203949896
      ], 
      [
       0.198490955135039, 
       40.724504691168896
      ], 
      [
       0.171923965146309, 
       40.73317308769824
      ], 
      [
       0.176421823266409, 
       40.755276744753445
      ], 
      [
       0.191325030163162, 
       40.75065927177444
      ], 
      [
       0.213186578291875, 
       40.76785734713471
      ], 
      [
       0.224640947831619, 
       40.7658893893316
      ], 
      [
       0.234767218912957, 
       40.78732855471082
      ], 
      [
       0.258959225904065, 
       40.80056156525873
      ], 
      [
       0.273119697614674, 
       40.819073067057424
      ]
     ]
    ]
   }, 
   "type": "Feature", 
   "properties": {
    "N_avisos": 1, 
    "COD_Z": "694305", 
    "Avis_VIRM": [
     {
      "expires_local": "2026-10-08T17:59:59+02:00", 
      "code": "2PR-2NA-06VIRM-1791432000-694305", 
      "severity": "Naranja", 
      "parametro": "RM", 
      "cd_zona": "694305", 
      "certainty": "previsto", 
      "fenomeno": "VI", 
      "onset_local": "2026-10-08T06:00:00+02:00", 
      "nivel_num": 2, 
      "valor": "90 km/h", 
      "descripcion": "Rachas máximas: 90 km/h. Viento del noroeste. Principalmente en zonas altas expuestas.", 
      "prob": "40%-70%"
     }, 
     {
      "expires_local": "2026-10-08T05:59:59+02:00", 
      "code": "2PR-3AM-06VIRM-1791410400-694305", 
      "severity": "Amarillo", 
      "parametro": "RM", 
      "cd_zona": "694305", 
      "certainty": "previsto", 
      "fenomeno": "VI", 
      "onset_local": "2026-10-08T00:00:00+02:00", 
      "nivel_num": 3, 
      "valor": "80 km/h", 
      "descripcion": "Rachas máximas: 80 km/h. Viento del noroeste.", 
      "prob": "40%-70%"
     }, 
     {
      "expires_local": "2026-10-08T23:59:59+02:00", 
      "code": "2PR-3AM-06VIRM-1791475200-694305", 
      "severity": "Amarillo", 
      "parametro": "RM", 
      "cd_zona": "694305", 
      "certainty": "previsto", 
      "fenomeno": "VI", 
      "onset_local": "2026-10-08T18:00:00+02:00", 
      "nivel_num": 3, 
      "valor": "80 km/h", 
      "descripcion": "Rachas máximas: 80 km/h. Viento del noroeste.", 
      "prob": "40%-70%"
     }
    ], 
    "Identf_VIRM": [
     "2.49.0.0.724.0.ES.20261007092432.694305VIRM08161791365072", 
     "2.49.0.0.724.0.ES.20261007092432.694305VIRM08041791365072", 
     "2.49.0.0.724.0.ES.20261007092432.694305VIRM08221791365072"
    ], 
    "Av_mayor": 2, 
    "Nombre_zona": "Prelitoral sur de Tarragona", 
    "Ordn_avisos": [
     "2PR-2NA-06VIRM-1791432000-694305", 
     "2PR-3AM-06VIRM-1791410400-694305", 
     "2PR-3AM-06VIRM-1791475200-694305"
    ], 
    "Nivel_VIRM": "2"
   }
  }
 ]
}
